[debug] [2026-08-01T12:58:08.753Z] ----------------------------------------------------------------------
[debug] [2026-08-01T12:58:08.765Z] Command:       /usr/local/bin/node /usr/local/bin/firebase emulators:start --project demo-wildwatch-local --import=/workspace/.emulator-data --export-on-exit=/workspace/.emulator-data
[debug] [2026-08-01T12:58:08.767Z] CLI Version:   13.35.1
[debug] [2026-08-01T12:58:08.769Z] Platform:      linux
[debug] [2026-08-01T12:58:08.770Z] Node Version:  v20.20.2
[debug] [2026-08-01T12:58:08.770Z] Time:          Sat Aug 01 2026 12:58:08 GMT+0000 (Coordinated Universal Time)
[debug] [2026-08-01T12:58:08.773Z] Env Overrides: FIRESTORE_EMULATOR_HOST
[debug] [2026-08-01T12:58:08.774Z] ----------------------------------------------------------------------
[debug] 
[debug] [2026-08-01T12:58:08.788Z] >>> [apiv2][query] GET https://firebase-public.firebaseio.com/cli.json [none]
[debug] [2026-08-01T12:58:10.824Z] > command requires scopes: ["email","openid","https://www.googleapis.com/auth/cloudplatformprojects.readonly","https://www.googleapis.com/auth/firebase","https://www.googleapis.com/auth/cloud-platform"]
[debug] Failed to authenticate, have you run firebase login?
[warn] ⚠  emulators: You are not currently authenticated so some features may not work correctly. Please run firebase login to authenticate the CLI. 
[debug] [2026-08-01T12:58:12.087Z] openjdk version "17.0.20" 2026-07-21

[debug] [2026-08-01T12:58:12.090Z] OpenJDK Runtime Environment (build 17.0.20+8-1-deb12u1-Debian)
OpenJDK 64-Bit Server VM (build 17.0.20+8-1-deb12u1-Debian, mixed mode, sharing)

[debug] [2026-08-01T12:58:12.157Z] Parsed Java major version: 17
[info] i  emulators: Starting emulators: auth, functions, firestore, storage, extensions {"metadata":{"emulator":{"name":"hub"},"message":"Starting emulators: auth, functions, firestore, storage, extensions"}}
[info] i  emulators: Detected demo project ID "demo-wildwatch-local", emulated services will use a demo configuration and attempts to access non-emulated services for this project will fail. {"metadata":{"emulator":{"name":"hub"},"message":"Detected demo project ID \"demo-wildwatch-local\", emulated services will use a demo configuration and attempts to access non-emulated services for this project will fail."}}
[debug] [2026-08-01T12:58:12.188Z] [logging] Logging Emulator only supports listening on one address (127.0.0.1). Not listening on ::1
[debug] [2026-08-01T12:58:12.189Z] assigned listening specs for emulators {"user":{"ui":[{"address":"0.0.0.0","family":"IPv4","port":4000}],"auth":[{"address":"0.0.0.0","family":"IPv4","port":9099}],"firestore":[{"address":"0.0.0.0","family":"IPv4","port":8080}],"firestore.websocket":[{"address":"0.0.0.0","family":"IPv4","port":9150}],"storage":[{"address":"0.0.0.0","family":"IPv4","port":9199}],"hub":[{"address":"127.0.0.1","family":"IPv4","port":4400},{"address":"::1","family":"IPv6","port":4400}],"logging":[{"address":"127.0.0.1","family":"IPv4","port":4500}]},"metadata":{"message":"assigned listening specs for emulators"}}
[debug] [2026-08-01T12:58:12.205Z] [hub] writing locator at /tmp/hub-demo-wildwatch-local.json
[warn] ⚠  emulators: Could not find import/export metadata file, skipping data import! {"metadata":{"emulator":{"name":"hub"},"message":"Could not find import/export metadata file, skipping data import!"}}
[debug] [2026-08-01T12:58:12.233Z] [Extensions] Started Extensions emulator, this is a noop.
[debug] [2026-08-01T12:58:12.240Z] [eventarc] Eventarc Emulator only supports listening on one address (127.0.0.1). Not listening on ::1
[debug] [2026-08-01T12:58:12.240Z] [tasks] Cloud Tasks Emulator only supports listening on one address (127.0.0.1). Not listening on ::1
[debug] [2026-08-01T12:58:12.241Z] late-assigned ports for functions and eventarc emulators {"user":{"ui":[{"address":"0.0.0.0","family":"IPv4","port":4000}],"auth":[{"address":"0.0.0.0","family":"IPv4","port":9099}],"firestore":[{"address":"0.0.0.0","family":"IPv4","port":8080}],"firestore.websocket":[{"address":"0.0.0.0","family":"IPv4","port":9150}],"storage":[{"address":"0.0.0.0","family":"IPv4","port":9199}],"hub":[{"address":"127.0.0.1","family":"IPv4","port":4400},{"address":"::1","family":"IPv6","port":4400}],"logging":[{"address":"127.0.0.1","family":"IPv4","port":4500}],"functions":[{"address":"0.0.0.0","family":"IPv4","port":5001}],"eventarc":[{"address":"127.0.0.1","family":"IPv4","port":9299}],"tasks":[{"address":"127.0.0.1","family":"IPv4","port":9499}]},"metadata":{"message":"late-assigned ports for functions and eventarc emulators"}}
[info] i  firestore: downloading cloud-firestore-emulator-v1.19.8.jar... {"metadata":{"emulator":{"name":"firestore"},"message":"downloading cloud-firestore-emulator-v1.19.8.jar..."}}
[debug] [2026-08-01T12:58:12.316Z] >>> [apiv2][query] GET https://storage.googleapis.com/firebase-preview-drop/emulator/cloud-firestore-emulator-v1.19.8.jar 
[debug] [2026-08-01T12:58:14.164Z] <<< [apiv2][status] GET https://firebase-public.firebaseio.com/cli.json 200
[debug] [2026-08-01T12:58:14.166Z] <<< [apiv2][body] GET https://firebase-public.firebaseio.com/cli.json {"cloudBuildErrorAfter":1594252800000,"cloudBuildWarnAfter":1590019200000,"defaultNode10After":1594252800000,"minVersion":"3.0.5","node8DeploysDisabledAfter":1613390400000,"node8RuntimeDisabledAfter":1615809600000,"node8WarnAfter":1600128000000}
[debug] [2026-08-01T12:58:23.746Z] <<< [apiv2][status] GET https://storage.googleapis.com/firebase-preview-drop/emulator/cloud-firestore-emulator-v1.19.8.jar 200
[debug] [2026-08-01T12:58:23.747Z] <<< [apiv2][body] GET https://storage.googleapis.com/firebase-preview-drop/emulator/cloud-firestore-emulator-v1.19.8.jar [stream]
[debug] [2026-08-01T12:59:55.976Z] Ignoring unsupported arg: auto_download {"metadata":{"emulator":{"name":"firestore"},"message":"Ignoring unsupported arg: auto_download"}}
[debug] [2026-08-01T12:59:55.977Z] Ignoring unsupported arg: single_project_mode_error {"metadata":{"emulator":{"name":"firestore"},"message":"Ignoring unsupported arg: single_project_mode_error"}}
[debug] [2026-08-01T12:59:55.977Z] Starting Firestore Emulator with command {"binary":"java","args":["-Dgoogle.cloud_firestore.debug_log_level=FINE","-Duser.language=en","-jar","/root/.cache/firebase/emulators/cloud-firestore-emulator-v1.19.8.jar","--host","0.0.0.0","--port",8080,"--websocket_port",9150,"--project_id","demo-wildwatch-local","--rules","/workspace/firestore.rules","--single_project_mode",true,"--functions_emulator","127.0.0.1:5001"],"optionalArgs":["port","webchannel_port","host","rules","websocket_port","functions_emulator","seed_from_export","project_id","single_project_mode"],"joinArgs":false,"shell":false,"port":8080} {"metadata":{"emulator":{"name":"firestore"},"message":"Starting Firestore Emulator with command {\"binary\":\"java\",\"args\":[\"-Dgoogle.cloud_firestore.debug_log_level=FINE\",\"-Duser.language=en\",\"-jar\",\"/root/.cache/firebase/emulators/cloud-firestore-emulator-v1.19.8.jar\",\"--host\",\"0.0.0.0\",\"--port\",8080,\"--websocket_port\",9150,\"--project_id\",\"demo-wildwatch-local\",\"--rules\",\"/workspace/firestore.rules\",\"--single_project_mode\",true,\"--functions_emulator\",\"127.0.0.1:5001\"],\"optionalArgs\":[\"port\",\"webchannel_port\",\"host\",\"rules\",\"websocket_port\",\"functions_emulator\",\"seed_from_export\",\"project_id\",\"single_project_mode\"],\"joinArgs\":false,\"shell\":false,\"port\":8080}"}}
[info] i  firestore: Firestore Emulator logging to firestore-debug.log {"metadata":{"emulator":{"name":"firestore"},"message":"Firestore Emulator logging to firestore-debug.log"}}
[debug] [2026-08-01T13:00:04.432Z] Aug 01, 2026 1:00:04 PM com.google.cloud.datastore.emulator.firestore.websocket.WebSocketServer start
INFO: Started WebSocket server on ws://0.0.0.0:9150
 {"metadata":{"emulator":{"name":"firestore"},"message":"Aug 01, 2026 1:00:04 PM com.google.cloud.datastore.emulator.firestore.websocket.WebSocketServer start\nINFO: Started WebSocket server on ws://0.0.0.0:9150\n"}}
[debug] [2026-08-01T13:00:04.569Z] API endpoint: http://0.0.0.0:8080 {"metadata":{"emulator":{"name":"firestore"},"message":"API endpoint: http://0.0.0.0:8080"}}
[debug] [2026-08-01T13:00:04.570Z] 
If you are using a library that supports the FIRESTORE_EMULATOR_HOST environment variable, run:

   export FIRESTORE_EMULATOR_HOST=0.0.0.0:8080

If you are running a Firestore in Datastore Mode project, run:

   export DATASTORE_EMULATOR_HOST=0.0.0.0:8080

 {"metadata":{"emulator":{"name":"firestore"},"message":"\nIf you are using a library that supports the FIRESTORE_EMULATOR_HOST environment variable, run:\n\n   export FIRESTORE_EMULATOR_HOST=0.0.0.0:8080\n\nIf you are running a Firestore in Datastore Mode project, run:\n\n   export DATASTORE_EMULATOR_HOST=0.0.0.0:8080\n\n"}}
[debug] [2026-08-01T13:00:04.571Z] Note: Support for Datastore Mode is in preview. If you encounter any bugs please file at https://github.com/firebase/firebase-tools/issues.
Dev App Server is now running.

 {"metadata":{"emulator":{"name":"firestore"},"message":"Note: Support for Datastore Mode is in preview. If you encounter any bugs please file at https://github.com/firebase/firebase-tools/issues.\nDev App Server is now running.\n\n"}}
[info] ✔  firestore: Firestore Emulator UI websocket is running on 9150. {"metadata":{"emulator":{"name":"firestore"},"message":"Firestore Emulator UI websocket is running on 9150."}}
[info] i  storage: Detected demo project ID "demo-wildwatch-local", using a default (open) rules configuration. {"metadata":{"emulator":{"name":"storage"},"message":"Detected demo project ID \"demo-wildwatch-local\", using a default (open) rules configuration."}}
[info] i  storage: downloading cloud-storage-rules-runtime-v1.1.3.jar... {"metadata":{"emulator":{"name":"storage"},"message":"downloading cloud-storage-rules-runtime-v1.1.3.jar..."}}
[debug] [2026-08-01T13:00:49.614Z] >>> [apiv2][query] GET https://storage.googleapis.com/firebase-preview-drop/emulator/cloud-storage-rules-runtime-v1.1.3.jar 
[debug] [2026-08-01T13:00:57.129Z] <<< [apiv2][status] GET https://storage.googleapis.com/firebase-preview-drop/emulator/cloud-storage-rules-runtime-v1.1.3.jar 200
[debug] [2026-08-01T13:00:57.130Z] <<< [apiv2][body] GET https://storage.googleapis.com/firebase-preview-drop/emulator/cloud-storage-rules-runtime-v1.1.3.jar [stream]
[debug] [2026-08-01T13:02:26.892Z] Ignoring unsupported arg: port {"metadata":{"emulator":{"name":"storage"},"message":"Ignoring unsupported arg: port"}}
[debug] [2026-08-01T13:02:33.246Z] Temp file directory for storage emulator: /tmp/firebase/storage/blobs {"metadata":{"emulator":{"name":"storage"},"message":"Temp file directory for storage emulator: /tmp/firebase/storage/blobs"}}
[info] i  ui: downloading ui-v1.14.0.zip... {"metadata":{"emulator":{"name":"ui"},"message":"downloading ui-v1.14.0.zip..."}}
[debug] [2026-08-01T13:02:33.322Z] >>> [apiv2][query] GET https://storage.googleapis.com/firebase-preview-drop/emulator/ui-v1.14.0.zip 
[debug] [2026-08-01T13:02:34.539Z] <<< [apiv2][status] GET https://storage.googleapis.com/firebase-preview-drop/emulator/ui-v1.14.0.zip 200
[debug] [2026-08-01T13:02:34.540Z] <<< [apiv2][body] GET https://storage.googleapis.com/firebase-preview-drop/emulator/ui-v1.14.0.zip [stream]
[debug] [2026-08-01T13:02:38.535Z] Data is 3615311
[debug] [2026-08-01T13:02:38.536Z] [unzip] Entry: client/ (compressed_size=0 bytes, uncompressed_size=0 bytes)
[debug] [2026-08-01T13:02:38.536Z] [unzip] Processing entry: client/
[debug] [2026-08-01T13:02:38.537Z] [unzip] mkdir: /root/.cache/firebase/emulators/ui-v1.14.0/client/
[debug] [2026-08-01T13:02:38.583Z] [unzip] Entry: client/favicon-16x16.png (compressed_size=293 bytes, uncompressed_size=293 bytes)
[debug] [2026-08-01T13:02:38.585Z] [unzip] Processing entry: client/favicon-16x16.png
[debug] [2026-08-01T13:02:38.586Z] [unzip] else mkdir: /root/.cache/firebase/emulators/ui-v1.14.0/client
[debug] [2026-08-01T13:02:38.591Z] [unzip] Writing file: /root/.cache/firebase/emulators/ui-v1.14.0/client/favicon-16x16.png
[debug] [2026-08-01T13:02:38.623Z] [unzip] Entry: client/safari-pinned-tab.svg (compressed_size=1433 bytes, uncompressed_size=2611 bytes)
[debug] [2026-08-01T13:02:38.623Z] [unzip] Processing entry: client/safari-pinned-tab.svg
[debug] [2026-08-01T13:02:38.624Z] [unzip] else mkdir: /root/.cache/firebase/emulators/ui-v1.14.0/client
[debug] [2026-08-01T13:02:38.811Z] [unzip] deflating: /root/.cache/firebase/emulators/ui-v1.14.0/client/safari-pinned-tab.svg
[debug] [2026-08-01T13:02:38.893Z] [unzip] Entry: client/favicon.ico (compressed_size=2933 bytes, uncompressed_size=13294 bytes)
[debug] [2026-08-01T13:02:38.895Z] [unzip] Processing entry: client/favicon.ico
[debug] [2026-08-01T13:02:38.895Z] [unzip] else mkdir: /root/.cache/firebase/emulators/ui-v1.14.0/client
[debug] [2026-08-01T13:02:38.902Z] [unzip] deflating: /root/.cache/firebase/emulators/ui-v1.14.0/client/favicon.ico
[debug] [2026-08-01T13:02:38.918Z] [unzip] Entry: client/index.html (compressed_size=1363 bytes, uncompressed_size=3071 bytes)
[debug] [2026-08-01T13:02:38.918Z] [unzip] Processing entry: client/index.html
[debug] [2026-08-01T13:02:38.918Z] [unzip] else mkdir: /root/.cache/firebase/emulators/ui-v1.14.0/client
[debug] [2026-08-01T13:02:38.921Z] [unzip] deflating: /root/.cache/firebase/emulators/ui-v1.14.0/client/index.html
[debug] [2026-08-01T13:02:38.934Z] [unzip] Entry: client/android-chrome-192x192.png (compressed_size=2684 bytes, uncompressed_size=2684 bytes)
[debug] [2026-08-01T13:02:38.935Z] [unzip] Processing entry: client/android-chrome-192x192.png
[debug] [2026-08-01T13:02:38.936Z] [unzip] else mkdir: /root/.cache/firebase/emulators/ui-v1.14.0/client
[debug] [2026-08-01T13:02:38.940Z] [unzip] Writing file: /root/.cache/firebase/emulators/ui-v1.14.0/client/android-chrome-192x192.png
[debug] [2026-08-01T13:02:38.944Z] [unzip] Entry: client/apple-touch-icon.png (compressed_size=2123 bytes, uncompressed_size=2152 bytes)
[debug] [2026-08-01T13:02:38.946Z] [unzip] Processing entry: client/apple-touch-icon.png
[debug] [2026-08-01T13:02:38.947Z] [unzip] else mkdir: /root/.cache/firebase/emulators/ui-v1.14.0/client
[debug] [2026-08-01T13:02:38.949Z] [unzip] deflating: /root/.cache/firebase/emulators/ui-v1.14.0/client/apple-touch-icon.png
[debug] [2026-08-01T13:02:38.959Z] [unzip] Entry: client/android-chrome-512x512.png (compressed_size=5369 bytes, uncompressed_size=5411 bytes)
[debug] [2026-08-01T13:02:38.960Z] [unzip] Processing entry: client/android-chrome-512x512.png
[debug] [2026-08-01T13:02:38.960Z] [unzip] else mkdir: /root/.cache/firebase/emulators/ui-v1.14.0/client
[debug] [2026-08-01T13:02:38.962Z] [unzip] deflating: /root/.cache/firebase/emulators/ui-v1.14.0/client/android-chrome-512x512.png
[debug] [2026-08-01T13:02:38.973Z] [unzip] Entry: client/manifest.json (compressed_size=245 bytes, uncompressed_size=551 bytes)
[debug] [2026-08-01T13:02:38.978Z] [unzip] Processing entry: client/manifest.json
[debug] [2026-08-01T13:02:38.979Z] [unzip] else mkdir: /root/.cache/firebase/emulators/ui-v1.14.0/client
[debug] [2026-08-01T13:02:38.982Z] [unzip] deflating: /root/.cache/firebase/emulators/ui-v1.14.0/client/manifest.json
[debug] [2026-08-01T13:02:38.998Z] [unzip] Entry: client/robots.txt (compressed_size=26 bytes, uncompressed_size=26 bytes)
[debug] [2026-08-01T13:02:38.998Z] [unzip] Processing entry: client/robots.txt
[debug] [2026-08-01T13:02:38.999Z] [unzip] else mkdir: /root/.cache/firebase/emulators/ui-v1.14.0/client
[debug] [2026-08-01T13:02:39.001Z] [unzip] Writing file: /root/.cache/firebase/emulators/ui-v1.14.0/client/robots.txt
[debug] [2026-08-01T13:02:39.003Z] [unzip] Entry: client/mstile-150x150.png (compressed_size=2034 bytes, uncompressed_size=2034 bytes)
[debug] [2026-08-01T13:02:39.004Z] [unzip] Processing entry: client/mstile-150x150.png
[debug] [2026-08-01T13:02:39.004Z] [unzip] else mkdir: /root/.cache/firebase/emulators/ui-v1.14.0/client
[debug] [2026-08-01T13:02:39.006Z] [unzip] Writing file: /root/.cache/firebase/emulators/ui-v1.14.0/client/mstile-150x150.png
[debug] [2026-08-01T13:02:39.010Z] [unzip] Entry: client/assets/ (compressed_size=0 bytes, uncompressed_size=0 bytes)
[debug] [2026-08-01T13:02:39.011Z] [unzip] Processing entry: client/assets/
[debug] [2026-08-01T13:02:39.011Z] [unzip] mkdir: /root/.cache/firebase/emulators/ui-v1.14.0/client/assets/
[debug] [2026-08-01T13:02:39.017Z] [unzip] Entry: client/assets/index-ClZTY_JS.js.map (compressed_size=2328270 bytes, uncompressed_size=9947004 bytes)
[debug] [2026-08-01T13:02:39.017Z] [unzip] Processing entry: client/assets/index-ClZTY_JS.js.map
[debug] [2026-08-01T13:02:39.018Z] [unzip] else mkdir: /root/.cache/firebase/emulators/ui-v1.14.0/client/assets
[debug] [2026-08-01T13:02:39.020Z] [unzip] deflating: /root/.cache/firebase/emulators/ui-v1.14.0/client/assets/index-ClZTY_JS.js.map
[debug] [2026-08-01T13:02:40.788Z] [unzip] Entry: client/assets/index-ClZTY_JS.js (compressed_size=567195 bytes, uncompressed_size=2035940 bytes)
[debug] [2026-08-01T13:02:40.789Z] [unzip] Processing entry: client/assets/index-ClZTY_JS.js
[debug] [2026-08-01T13:02:40.790Z] [unzip] else mkdir: /root/.cache/firebase/emulators/ui-v1.14.0/client/assets
[debug] [2026-08-01T13:02:40.791Z] [unzip] deflating: /root/.cache/firebase/emulators/ui-v1.14.0/client/assets/index-ClZTY_JS.js
[debug] [2026-08-01T13:02:41.190Z] [unzip] Entry: client/assets/index-BdgySamB.css (compressed_size=35979 bytes, uncompressed_size=298654 bytes)
[debug] [2026-08-01T13:02:41.192Z] [unzip] Processing entry: client/assets/index-BdgySamB.css
[debug] [2026-08-01T13:02:41.193Z] [unzip] else mkdir: /root/.cache/firebase/emulators/ui-v1.14.0/client/assets
[debug] [2026-08-01T13:02:41.198Z] [unzip] deflating: /root/.cache/firebase/emulators/ui-v1.14.0/client/assets/index-BdgySamB.css
[debug] [2026-08-01T13:02:41.264Z] [unzip] Entry: client/assets/extensions/ (compressed_size=0 bytes, uncompressed_size=0 bytes)
[debug] [2026-08-01T13:02:41.265Z] [unzip] Processing entry: client/assets/extensions/
[debug] [2026-08-01T13:02:41.266Z] [unzip] mkdir: /root/.cache/firebase/emulators/ui-v1.14.0/client/assets/extensions/
[debug] [2026-08-01T13:02:41.269Z] [unzip] Entry: client/assets/extensions/default-extension.png (compressed_size=1646 bytes, uncompressed_size=1657 bytes)
[debug] [2026-08-01T13:02:41.270Z] [unzip] Processing entry: client/assets/extensions/default-extension.png
[debug] [2026-08-01T13:02:41.270Z] [unzip] else mkdir: /root/.cache/firebase/emulators/ui-v1.14.0/client/assets/extensions
[debug] [2026-08-01T13:02:41.272Z] [unzip] deflating: /root/.cache/firebase/emulators/ui-v1.14.0/client/assets/extensions/default-extension.png
[debug] [2026-08-01T13:02:41.288Z] [unzip] Entry: client/assets/img/ (compressed_size=0 bytes, uncompressed_size=0 bytes)
[debug] [2026-08-01T13:02:41.288Z] [unzip] Processing entry: client/assets/img/
[debug] [2026-08-01T13:02:41.289Z] [unzip] mkdir: /root/.cache/firebase/emulators/ui-v1.14.0/client/assets/img/
[debug] [2026-08-01T13:02:41.294Z] [unzip] Entry: client/assets/img/database.png (compressed_size=29449 bytes, uncompressed_size=29988 bytes)
[debug] [2026-08-01T13:02:41.295Z] [unzip] Processing entry: client/assets/img/database.png
[debug] [2026-08-01T13:02:41.297Z] [unzip] else mkdir: /root/.cache/firebase/emulators/ui-v1.14.0/client/assets/img
[debug] [2026-08-01T13:02:41.299Z] [unzip] deflating: /root/.cache/firebase/emulators/ui-v1.14.0/client/assets/img/database.png
[debug] [2026-08-01T13:02:41.340Z] [unzip] Entry: client/assets/provider-icons/ (compressed_size=0 bytes, uncompressed_size=0 bytes)
[debug] [2026-08-01T13:02:41.349Z] [unzip] Processing entry: client/assets/provider-icons/
[debug] [2026-08-01T13:02:41.350Z] [unzip] mkdir: /root/.cache/firebase/emulators/ui-v1.14.0/client/assets/provider-icons/
[debug] [2026-08-01T13:02:41.365Z] [unzip] Entry: client/assets/provider-icons/auth_service_saml.svg (compressed_size=575 bytes, uncompressed_size=1226 bytes)
[debug] [2026-08-01T13:02:41.370Z] [unzip] Processing entry: client/assets/provider-icons/auth_service_saml.svg
[debug] [2026-08-01T13:02:41.370Z] [unzip] else mkdir: /root/.cache/firebase/emulators/ui-v1.14.0/client/assets/provider-icons
[debug] [2026-08-01T13:02:41.373Z] [unzip] deflating: /root/.cache/firebase/emulators/ui-v1.14.0/client/assets/provider-icons/auth_service_saml.svg
[debug] [2026-08-01T13:02:41.383Z] [unzip] Entry: client/assets/provider-icons/auth_service_phone.svg (compressed_size=261 bytes, uncompressed_size=414 bytes)
[debug] [2026-08-01T13:02:41.384Z] [unzip] Processing entry: client/assets/provider-icons/auth_service_phone.svg
[debug] [2026-08-01T13:02:41.385Z] [unzip] else mkdir: /root/.cache/firebase/emulators/ui-v1.14.0/client/assets/provider-icons
[debug] [2026-08-01T13:02:41.386Z] [unzip] deflating: /root/.cache/firebase/emulators/ui-v1.14.0/client/assets/provider-icons/auth_service_phone.svg
[debug] [2026-08-01T13:02:41.406Z] [unzip] Entry: client/assets/provider-icons/auth_service_facebook.svg (compressed_size=289 bytes, uncompressed_size=457 bytes)
[debug] [2026-08-01T13:02:41.407Z] [unzip] Processing entry: client/assets/provider-icons/auth_service_facebook.svg
[debug] [2026-08-01T13:02:41.407Z] [unzip] else mkdir: /root/.cache/firebase/emulators/ui-v1.14.0/client/assets/provider-icons
[debug] [2026-08-01T13:02:41.409Z] [unzip] deflating: /root/.cache/firebase/emulators/ui-v1.14.0/client/assets/provider-icons/auth_service_facebook.svg
[debug] [2026-08-01T13:02:41.424Z] [unzip] Entry: client/assets/provider-icons/auth_service_game_center.svg (compressed_size=991 bytes, uncompressed_size=3921 bytes)
[debug] [2026-08-01T13:02:41.425Z] [unzip] Processing entry: client/assets/provider-icons/auth_service_game_center.svg
[debug] [2026-08-01T13:02:41.426Z] [unzip] else mkdir: /root/.cache/firebase/emulators/ui-v1.14.0/client/assets/provider-icons
[debug] [2026-08-01T13:02:41.434Z] [unzip] deflating: /root/.cache/firebase/emulators/ui-v1.14.0/client/assets/provider-icons/auth_service_game_center.svg
[debug] [2026-08-01T13:02:41.442Z] [unzip] Entry: client/assets/provider-icons/auth_service_apple.svg (compressed_size=230 bytes, uncompressed_size=334 bytes)
[debug] [2026-08-01T13:02:41.443Z] [unzip] Processing entry: client/assets/provider-icons/auth_service_apple.svg
[debug] [2026-08-01T13:02:41.444Z] [unzip] else mkdir: /root/.cache/firebase/emulators/ui-v1.14.0/client/assets/provider-icons
[debug] [2026-08-01T13:02:41.446Z] [unzip] deflating: /root/.cache/firebase/emulators/ui-v1.14.0/client/assets/provider-icons/auth_service_apple.svg
[debug] [2026-08-01T13:02:41.458Z] [unzip] Entry: client/assets/provider-icons/auth_service_github.svg (compressed_size=466 bytes, uncompressed_size=838 bytes)
[debug] [2026-08-01T13:02:41.459Z] [unzip] Processing entry: client/assets/provider-icons/auth_service_github.svg
[debug] [2026-08-01T13:02:41.459Z] [unzip] else mkdir: /root/.cache/firebase/emulators/ui-v1.14.0/client/assets/provider-icons
[debug] [2026-08-01T13:02:41.475Z] [unzip] deflating: /root/.cache/firebase/emulators/ui-v1.14.0/client/assets/provider-icons/auth_service_github.svg
[debug] [2026-08-01T13:02:41.481Z] [unzip] Entry: client/assets/provider-icons/auth_service_mslive.svg (compressed_size=203 bytes, uncompressed_size=378 bytes)
[debug] [2026-08-01T13:02:41.482Z] [unzip] Processing entry: client/assets/provider-icons/auth_service_mslive.svg
[debug] [2026-08-01T13:02:41.483Z] [unzip] else mkdir: /root/.cache/firebase/emulators/ui-v1.14.0/client/assets/provider-icons
[debug] [2026-08-01T13:02:41.484Z] [unzip] deflating: /root/.cache/firebase/emulators/ui-v1.14.0/client/assets/provider-icons/auth_service_mslive.svg
[debug] [2026-08-01T13:02:41.493Z] [unzip] Entry: client/assets/provider-icons/auth_service_yahoo.svg (compressed_size=577 bytes, uncompressed_size=1182 bytes)
[debug] [2026-08-01T13:02:41.494Z] [unzip] Processing entry: client/assets/provider-icons/auth_service_yahoo.svg
[debug] [2026-08-01T13:02:41.494Z] [unzip] else mkdir: /root/.cache/firebase/emulators/ui-v1.14.0/client/assets/provider-icons
[debug] [2026-08-01T13:02:41.497Z] [unzip] deflating: /root/.cache/firebase/emulators/ui-v1.14.0/client/assets/provider-icons/auth_service_yahoo.svg
[debug] [2026-08-01T13:02:41.502Z] [unzip] Entry: client/assets/provider-icons/auth_service_twitter.svg (compressed_size=444 bytes, uncompressed_size=751 bytes)
[debug] [2026-08-01T13:02:41.502Z] [unzip] Processing entry: client/assets/provider-icons/auth_service_twitter.svg
[debug] [2026-08-01T13:02:41.503Z] [unzip] else mkdir: /root/.cache/firebase/emulators/ui-v1.14.0/client/assets/provider-icons
[debug] [2026-08-01T13:02:41.504Z] [unzip] deflating: /root/.cache/firebase/emulators/ui-v1.14.0/client/assets/provider-icons/auth_service_twitter.svg
[debug] [2026-08-01T13:02:41.510Z] [unzip] Entry: client/assets/provider-icons/auth_service_play_games.svg (compressed_size=565 bytes, uncompressed_size=1173 bytes)
[debug] [2026-08-01T13:02:41.510Z] [unzip] Processing entry: client/assets/provider-icons/auth_service_play_games.svg
[debug] [2026-08-01T13:02:41.511Z] [unzip] else mkdir: /root/.cache/firebase/emulators/ui-v1.14.0/client/assets/provider-icons
[debug] [2026-08-01T13:02:41.511Z] [unzip] deflating: /root/.cache/firebase/emulators/ui-v1.14.0/client/assets/provider-icons/auth_service_play_games.svg
[debug] [2026-08-01T13:02:41.514Z] [unzip] Entry: client/assets/provider-icons/auth_service_email.svg (compressed_size=228 bytes, uncompressed_size=326 bytes)
[debug] [2026-08-01T13:02:41.515Z] [unzip] Processing entry: client/assets/provider-icons/auth_service_email.svg
[debug] [2026-08-01T13:02:41.515Z] [unzip] else mkdir: /root/.cache/firebase/emulators/ui-v1.14.0/client/assets/provider-icons
[debug] [2026-08-01T13:02:41.516Z] [unzip] deflating: /root/.cache/firebase/emulators/ui-v1.14.0/client/assets/provider-icons/auth_service_email.svg
[debug] [2026-08-01T13:02:41.522Z] [unzip] Entry: client/assets/provider-icons/auth_service_google.svg (compressed_size=409 bytes, uncompressed_size=720 bytes)
[debug] [2026-08-01T13:02:41.523Z] [unzip] Processing entry: client/assets/provider-icons/auth_service_google.svg
[debug] [2026-08-01T13:02:41.523Z] [unzip] else mkdir: /root/.cache/firebase/emulators/ui-v1.14.0/client/assets/provider-icons
[debug] [2026-08-01T13:02:41.526Z] [unzip] deflating: /root/.cache/firebase/emulators/ui-v1.14.0/client/assets/provider-icons/auth_service_google.svg
[debug] [2026-08-01T13:02:41.532Z] [unzip] Entry: client/assets/provider-icons/auth_service_oidc.svg (compressed_size=414 bytes, uncompressed_size=858 bytes)
[debug] [2026-08-01T13:02:41.533Z] [unzip] Processing entry: client/assets/provider-icons/auth_service_oidc.svg
[debug] [2026-08-01T13:02:41.533Z] [unzip] else mkdir: /root/.cache/firebase/emulators/ui-v1.14.0/client/assets/provider-icons
[debug] [2026-08-01T13:02:41.535Z] [unzip] deflating: /root/.cache/firebase/emulators/ui-v1.14.0/client/assets/provider-icons/auth_service_oidc.svg
[debug] [2026-08-01T13:02:41.548Z] [unzip] Entry: client/browserconfig.xml (compressed_size=491 bytes, uncompressed_size=822 bytes)
[debug] [2026-08-01T13:02:41.551Z] [unzip] Processing entry: client/browserconfig.xml
[debug] [2026-08-01T13:02:41.551Z] [unzip] else mkdir: /root/.cache/firebase/emulators/ui-v1.14.0/client
[debug] [2026-08-01T13:02:41.553Z] [unzip] deflating: /root/.cache/firebase/emulators/ui-v1.14.0/client/browserconfig.xml
[debug] [2026-08-01T13:02:41.560Z] [unzip] Entry: client/favicon-32x32.png (compressed_size=475 bytes, uncompressed_size=475 bytes)
[debug] [2026-08-01T13:02:41.560Z] [unzip] Processing entry: client/favicon-32x32.png
[debug] [2026-08-01T13:02:41.561Z] [unzip] else mkdir: /root/.cache/firebase/emulators/ui-v1.14.0/client
[debug] [2026-08-01T13:02:41.564Z] [unzip] Writing file: /root/.cache/firebase/emulators/ui-v1.14.0/client/favicon-32x32.png
[debug] [2026-08-01T13:02:41.572Z] [unzip] Entry: server/ (compressed_size=0 bytes, uncompressed_size=0 bytes)
[debug] [2026-08-01T13:02:41.573Z] [unzip] Processing entry: server/
[debug] [2026-08-01T13:02:41.573Z] [unzip] mkdir: /root/.cache/firebase/emulators/ui-v1.14.0/server/
[debug] [2026-08-01T13:02:41.575Z] [unzip] Entry: server/server.mjs.map (compressed_size=296496 bytes, uncompressed_size=1355667 bytes)
[debug] [2026-08-01T13:02:41.578Z] [unzip] Processing entry: server/server.mjs.map
[debug] [2026-08-01T13:02:41.578Z] [unzip] else mkdir: /root/.cache/firebase/emulators/ui-v1.14.0/server
[debug] [2026-08-01T13:02:41.582Z] [unzip] deflating: /root/.cache/firebase/emulators/ui-v1.14.0/server/server.mjs.map
[debug] [2026-08-01T13:02:41.640Z] [unzip] Entry: server/server.mjs (compressed_size=315701 bytes, uncompressed_size=1172682 bytes)
[debug] [2026-08-01T13:02:41.640Z] [unzip] Processing entry: server/server.mjs
[debug] [2026-08-01T13:02:41.641Z] [unzip] else mkdir: /root/.cache/firebase/emulators/ui-v1.14.0/server
[debug] [2026-08-01T13:02:41.642Z] [unzip] deflating: /root/.cache/firebase/emulators/ui-v1.14.0/server/server.mjs
[debug] [2026-08-01T13:02:41.679Z] [unzip] Entry: server/assets/ (compressed_size=0 bytes, uncompressed_size=0 bytes)
[debug] [2026-08-01T13:02:41.680Z] [unzip] Processing entry: server/assets/
[debug] [2026-08-01T13:02:41.680Z] [unzip] mkdir: /root/.cache/firebase/emulators/ui-v1.14.0/server/assets/
[debug] [2026-08-01T13:02:41.682Z] [unzip] Entry: server/assets/multipart-parser-DGCUZdXu.mjs.map (compressed_size=4791 bytes, uncompressed_size=17918 bytes)
[debug] [2026-08-01T13:02:41.683Z] [unzip] Processing entry: server/assets/multipart-parser-DGCUZdXu.mjs.map
[debug] [2026-08-01T13:02:41.684Z] [unzip] else mkdir: /root/.cache/firebase/emulators/ui-v1.14.0/server/assets
[debug] [2026-08-01T13:02:41.685Z] [unzip] deflating: /root/.cache/firebase/emulators/ui-v1.14.0/server/assets/multipart-parser-DGCUZdXu.mjs.map
[debug] [2026-08-01T13:02:41.689Z] [unzip] Entry: server/assets/multipart-parser-DGCUZdXu.mjs (compressed_size=2621 bytes, uncompressed_size=10390 bytes)
[debug] [2026-08-01T13:02:41.690Z] [unzip] Processing entry: server/assets/multipart-parser-DGCUZdXu.mjs
[debug] [2026-08-01T13:02:41.690Z] [unzip] else mkdir: /root/.cache/firebase/emulators/ui-v1.14.0/server/assets
[debug] [2026-08-01T13:02:41.691Z] [unzip] deflating: /root/.cache/firebase/emulators/ui-v1.14.0/server/assets/multipart-parser-DGCUZdXu.mjs
[debug] [2026-08-01T13:02:41.704Z] [Extensions] Connecting Extensions emulator, this is a noop.
[info] i  functions: Watching "/workspace/functions" for Cloud Functions... {"metadata":{"emulator":{"name":"functions"},"message":"Watching \"/workspace/functions\" for Cloud Functions..."}}
[debug] [2026-08-01T13:02:41.733Z] Validating nodejs source
[warn] ⚠  functions: package.json indicates an outdated version of firebase-functions. Please upgrade using npm install --save firebase-functions@latest in your functions directory. 
[warn] ⚠  functions: Please note that there will be breaking changes when you upgrade. 
[debug] [2026-08-01T13:02:46.100Z] > [functions] package.json contents: {
  "name": "functions",
  "scripts": {
    "build": "tsc",
    "build:watch": "tsc --watch",
    "serve": "npm run build && firebase emulators:start --only functions",
    "shell": "npm run build && firebase functions:shell",
    "start": "npm run shell",
    "deploy": "firebase deploy --only functions",
    "logs": "firebase functions:log"
  },
  "engines": {
    "node": "20"
  },
  "main": "lib/index.js",
  "dependencies": {
    "firebase-admin": "^11.0.0",
    "firebase-functions": "^4.9.0"
  },
  "devDependencies": {
    "firebase-functions-test": "^3.1.0",
    "typescript": "^5.0.0"
  },
  "private": true
}
[debug] [2026-08-01T13:02:46.102Z] Building nodejs source
[debug] [2026-08-01T13:02:46.103Z] Failed to find version of module node: reached end of search path /workspace/functions/node_modules
[info] ✔  functions: Using node@20 from host. 
[info] i  functions: You are using a version of firebase-functions SDK (4.9.0) that does not have support for the newest Firebase Extensions features. Please update firebase-functions SDK to >=5.1.0 to use them correctly 
[debug] [2026-08-01T13:02:46.116Z] Could not find functions.yaml. Must use http discovery
[debug] [2026-08-01T13:02:46.127Z] Found firebase-functions binary at '/workspace/functions/node_modules/.bin/firebase-functions'
[error] /workspace/functions/node_modules/.bin/firebase-functions: 1: ../firebase-functions/lib/bin/firebase-functions.js: not found

[debug] [2026-08-01T13:02:56.193Z] Failed to call quitquitquit. This often means the server failed to start request to http://localhost:8547/__/quitquitquit failed, reason: connect ECONNREFUSED 127.0.0.1:8547 {"message":"request to http://localhost:8547/__/quitquitquit failed, reason: connect ECONNREFUSED 127.0.0.1:8547","type":"system","errno":"ECONNREFUSED","code":"ECONNREFUSED"}
[debug] [2026-08-01T13:07:25.025Z] Aug 01, 2026 1:07:24 PM io.gapi.emulators.netty.HttpVersionRoutingHandler channelRead
INFO: Detected HTTP/2 connection.
Aug 01, 2026 1:07:24 PM io.gapi.emulators.netty.HttpVersionRoutingHandler channelRead
INFO: Detected HTTP/2 connection.
 {"metadata":{"emulator":{"name":"firestore"},"message":"Aug 01, 2026 1:07:24 PM io.gapi.emulators.netty.HttpVersionRoutingHandler channelRead\nINFO: Detected HTTP/2 connection.\nAug 01, 2026 1:07:24 PM io.gapi.emulators.netty.HttpVersionRoutingHandler channelRead\nINFO: Detected HTTP/2 connection.\n"}}
[debug] [2026-08-01T13:07:32.403Z] >>> [apiv2][query] POST http://127.0.0.1:5001/functions/projects/demo-wildwatch-local/trigger_multicast [none]
[debug] [2026-08-01T13:07:32.404Z] >>> [apiv2][body] POST http://127.0.0.1:5001/functions/projects/demo-wildwatch-local/trigger_multicast {"eventId":"0dc507b2-0d7b-4151-8757-ea068df67881","eventType":"providers/firebase.auth/eventTypes/user.create","resource":{"name":"projects/demo-wildwatch-local","service":"firebaseauth.googleapis.com"},"params":{},"timestamp":"2026-08-01T13:07:32.392Z","data":{"uid":"dnt32dwRfaGhs9D318EhDhzb2yvY","email":"ranger@wildwatch.app","emailVerified":false,"displayName":"John Ranger","metadata":{"creationTime":"2026-08-01T13:07:32.375Z","lastSignInTime":"2026-08-01T13:07:32.375Z"},"customClaims":{},"providerData":[{"providerId":"password","email":"ranger@wildwatch.app","federatedId":"ranger@wildwatch.app","rawId":"ranger@wildwatch.app","displayName":"John Ranger"}]}}
[debug] [2026-08-01T13:07:32.516Z] <<< [apiv2][status] POST http://127.0.0.1:5001/functions/projects/demo-wildwatch-local/trigger_multicast 200
[debug] [2026-08-01T13:07:32.517Z] <<< [apiv2][body] POST http://127.0.0.1:5001/functions/projects/demo-wildwatch-local/trigger_multicast {"status":"multicast_acknowledged"}
[debug] [2026-08-01T13:07:32.582Z] >>> [apiv2][query] POST http://127.0.0.1:5001/functions/projects/demo-wildwatch-local/trigger_multicast [none]
[debug] [2026-08-01T13:07:32.583Z] >>> [apiv2][body] POST http://127.0.0.1:5001/functions/projects/demo-wildwatch-local/trigger_multicast {"eventId":"830f9d32-ea7a-4671-8900-dae02c29adc3","eventType":"providers/firebase.auth/eventTypes/user.create","resource":{"name":"projects/demo-wildwatch-local","service":"firebaseauth.googleapis.com"},"params":{},"timestamp":"2026-08-01T13:07:32.582Z","data":{"uid":"ooE2EzU2VcPlQPum9MABVPTrUxc0","email":"warden@wildwatch.app","emailVerified":false,"displayName":"Alice Warden","metadata":{"creationTime":"2026-08-01T13:07:32.581Z","lastSignInTime":"2026-08-01T13:07:32.581Z"},"customClaims":{},"providerData":[{"providerId":"password","email":"warden@wildwatch.app","federatedId":"warden@wildwatch.app","rawId":"warden@wildwatch.app","displayName":"Alice Warden"}]}}
[debug] [2026-08-01T13:07:32.604Z] <<< [apiv2][status] POST http://127.0.0.1:5001/functions/projects/demo-wildwatch-local/trigger_multicast 200
[debug] [2026-08-01T13:07:32.605Z] <<< [apiv2][body] POST http://127.0.0.1:5001/functions/projects/demo-wildwatch-local/trigger_multicast {"status":"multicast_acknowledged"}
[debug] [2026-08-01T13:07:32.644Z] >>> [apiv2][query] POST http://127.0.0.1:5001/functions/projects/demo-wildwatch-local/trigger_multicast [none]
[debug] [2026-08-01T13:07:32.645Z] >>> [apiv2][body] POST http://127.0.0.1:5001/functions/projects/demo-wildwatch-local/trigger_multicast {"eventId":"df96d9cf-835a-42bd-a015-492e29fef323","eventType":"providers/firebase.auth/eventTypes/user.create","resource":{"name":"projects/demo-wildwatch-local","service":"firebaseauth.googleapis.com"},"params":{},"timestamp":"2026-08-01T13:07:32.644Z","data":{"uid":"LChWUO7BSoCdRijG6vWcQXvwC3ox","email":"official@wildwatch.app","emailVerified":false,"displayName":"Bob Official","metadata":{"creationTime":"2026-08-01T13:07:32.644Z","lastSignInTime":"2026-08-01T13:07:32.644Z"},"customClaims":{},"providerData":[{"providerId":"password","email":"official@wildwatch.app","federatedId":"official@wildwatch.app","rawId":"official@wildwatch.app","displayName":"Bob Official"}]}}
[debug] [2026-08-01T13:07:32.655Z] <<< [apiv2][status] POST http://127.0.0.1:5001/functions/projects/demo-wildwatch-local/trigger_multicast 200
[debug] [2026-08-01T13:07:32.656Z] <<< [apiv2][body] POST http://127.0.0.1:5001/functions/projects/demo-wildwatch-local/trigger_multicast {"status":"multicast_acknowledged"}
[debug] [2026-08-01T13:07:32.728Z] >>> [apiv2][query] POST http://127.0.0.1:5001/functions/projects/demo-wildwatch-local/trigger_multicast [none]
[debug] [2026-08-01T13:07:32.728Z] >>> [apiv2][body] POST http://127.0.0.1:5001/functions/projects/demo-wildwatch-local/trigger_multicast {"eventId":"652fd05a-caa5-4b93-9194-c439e9d7ebe4","eventType":"providers/firebase.auth/eventTypes/user.create","resource":{"name":"projects/demo-wildwatch-local","service":"firebaseauth.googleapis.com"},"params":{},"timestamp":"2026-08-01T13:07:32.727Z","data":{"uid":"A22jw9LKEU0003ceUL6Eg3KlOY9t","email":"tourist@gmail.com","emailVerified":false,"displayName":"Tom Tourist","metadata":{"creationTime":"2026-08-01T13:07:32.727Z","lastSignInTime":"2026-08-01T13:07:32.727Z"},"customClaims":{},"providerData":[{"providerId":"password","email":"tourist@gmail.com","federatedId":"tourist@gmail.com","rawId":"tourist@gmail.com","displayName":"Tom Tourist"}]}}
[debug] [2026-08-01T13:07:32.744Z] <<< [apiv2][status] POST http://127.0.0.1:5001/functions/projects/demo-wildwatch-local/trigger_multicast 200
[debug] [2026-08-01T13:07:32.744Z] <<< [apiv2][body] POST http://127.0.0.1:5001/functions/projects/demo-wildwatch-local/trigger_multicast {"status":"multicast_acknowledged"}
[debug] [2026-08-01T13:23:25.969Z] Aug 01, 2026 1:23:25 PM io.gapi.emulators.netty.HttpVersionRoutingHandler channelRead
INFO: Detected HTTP/2 connection.
 {"metadata":{"emulator":{"name":"firestore"},"message":"Aug 01, 2026 1:23:25 PM io.gapi.emulators.netty.HttpVersionRoutingHandler channelRead\nINFO: Detected HTTP/2 connection.\n"}}
[debug] [2026-08-01T13:23:26.493Z] Multiple projectIds are not recommended in single project mode. Requested project ID wildwatch-82abc, but the emulator is configured for demo-wildwatch-local. To opt-out of single project mode add/set the '"singleProjectMode": false' property in the firebase.json emulators config.
 {"metadata":{"emulator":{"name":"firestore"},"message":"Multiple projectIds are not recommended in single project mode. Requested project ID wildwatch-82abc, but the emulator is configured for demo-wildwatch-local. To opt-out of single project mode add/set the '\"singleProjectMode\": false' property in the firebase.json emulators config.\n"}}
[debug] [2026-08-01T13:25:00.872Z] Aug 01, 2026 1:25:00 PM io.gapi.emulators.netty.HttpVersionRoutingHandler channelRead
INFO: Detected HTTP/2 connection.
 {"metadata":{"emulator":{"name":"firestore"},"message":"Aug 01, 2026 1:25:00 PM io.gapi.emulators.netty.HttpVersionRoutingHandler channelRead\nINFO: Detected HTTP/2 connection.\n"}}
[debug] [2026-08-01T13:25:01.347Z] Multiple projectIds are not recommended in single project mode. Requested project ID wildwatch-82abc, but the emulator is configured for demo-wildwatch-local. To opt-out of single project mode add/set the '"singleProjectMode": false' property in the firebase.json emulators config.
 {"metadata":{"emulator":{"name":"firestore"},"message":"Multiple projectIds are not recommended in single project mode. Requested project ID wildwatch-82abc, but the emulator is configured for demo-wildwatch-local. To opt-out of single project mode add/set the '\"singleProjectMode\": false' property in the firebase.json emulators config.\n"}}
[debug] [2026-08-01T13:28:02.733Z] Aug 01, 2026 1:28:02 PM io.gapi.emulators.netty.HttpVersionRoutingHandler channelRead
INFO: Detected HTTP/2 connection.
 {"metadata":{"emulator":{"name":"firestore"},"message":"Aug 01, 2026 1:28:02 PM io.gapi.emulators.netty.HttpVersionRoutingHandler channelRead\nINFO: Detected HTTP/2 connection.\n"}}
[debug] [2026-08-01T13:28:02.975Z] Multiple projectIds are not recommended in single project mode. Requested project ID wildwatch-82abc, but the emulator is configured for demo-wildwatch-local. To opt-out of single project mode add/set the '"singleProjectMode": false' property in the firebase.json emulators config.
 {"metadata":{"emulator":{"name":"firestore"},"message":"Multiple projectIds are not recommended in single project mode. Requested project ID wildwatch-82abc, but the emulator is configured for demo-wildwatch-local. To opt-out of single project mode add/set the '\"singleProjectMode\": false' property in the firebase.json emulators config.\n"}}
[debug] [2026-08-01T13:30:39.838Z] Multiple projectIds are not recommended in single project mode. Requested project ID wildwatch-82abc, but the emulator is configured for demo-wildwatch-local. To opt-out of single project mode add/set the '"singleProjectMode": false' property in the firebase.json emulators config.
 {"metadata":{"emulator":{"name":"firestore"},"message":"Multiple projectIds are not recommended in single project mode. Requested project ID wildwatch-82abc, but the emulator is configured for demo-wildwatch-local. To opt-out of single project mode add/set the '\"singleProjectMode\": false' property in the firebase.json emulators config.\n"}}
[debug] [2026-08-01T13:30:39.865Z] Multiple projectIds are not recommended in single project mode. Requested project ID wildwatch-82abc, but the emulator is configured for demo-wildwatch-local. To opt-out of single project mode add/set the '"singleProjectMode": false' property in the firebase.json emulators config.
 {"metadata":{"emulator":{"name":"firestore"},"message":"Multiple projectIds are not recommended in single project mode. Requested project ID wildwatch-82abc, but the emulator is configured for demo-wildwatch-local. To opt-out of single project mode add/set the '\"singleProjectMode\": false' property in the firebase.json emulators config.\n"}}
[debug] [2026-08-01T13:31:25.714Z] Aug 01, 2026 1:31:25 PM io.gapi.emulators.netty.HttpVersionRoutingHandler channelRead
INFO: Detected non-HTTP/2 connection.
 {"metadata":{"emulator":{"name":"firestore"},"message":"Aug 01, 2026 1:31:25 PM io.gapi.emulators.netty.HttpVersionRoutingHandler channelRead\nINFO: Detected non-HTTP/2 connection.\n"}}
[debug] [2026-08-01T13:31:26.747Z] Aug 01, 2026 1:31:26 PM io.gapi.emulators.netty.HttpVersionRoutingHandler channelRead
INFO: Detected HTTP/2 connection.
 {"metadata":{"emulator":{"name":"firestore"},"message":"Aug 01, 2026 1:31:26 PM io.gapi.emulators.netty.HttpVersionRoutingHandler channelRead\nINFO: Detected HTTP/2 connection.\n"}}
[debug] [2026-08-01T13:31:27.201Z] Aug 01, 2026 1:31:27 PM io.gapi.emulators.netty.HttpVersionRoutingHandler channelRead
INFO: Detected non-HTTP/2 connection.
 {"metadata":{"emulator":{"name":"firestore"},"message":"Aug 01, 2026 1:31:27 PM io.gapi.emulators.netty.HttpVersionRoutingHandler channelRead\nINFO: Detected non-HTTP/2 connection.\n"}}
[debug] [2026-08-01T13:31:27.986Z] Aug 01, 2026 1:31:27 PM io.gapi.emulators.netty.HttpVersionRoutingHandler channelRead
INFO: Detected non-HTTP/2 connection.
 {"metadata":{"emulator":{"name":"firestore"},"message":"Aug 01, 2026 1:31:27 PM io.gapi.emulators.netty.HttpVersionRoutingHandler channelRead\nINFO: Detected non-HTTP/2 connection.\n"}}
[debug] [2026-08-01T13:31:28.446Z] Aug 01, 2026 1:31:28 PM io.gapi.emulators.netty.HttpVersionRoutingHandler channelRead
INFO: Detected non-HTTP/2 connection.
 {"metadata":{"emulator":{"name":"firestore"},"message":"Aug 01, 2026 1:31:28 PM io.gapi.emulators.netty.HttpVersionRoutingHandler channelRead\nINFO: Detected non-HTTP/2 connection.\n"}}
[debug] [2026-08-01T13:33:59.865Z] Aug 01, 2026 1:33:59 PM io.gapi.emulators.netty.HttpVersionRoutingHandler channelRead
INFO: Detected HTTP/2 connection.
 {"metadata":{"emulator":{"name":"firestore"},"message":"Aug 01, 2026 1:33:59 PM io.gapi.emulators.netty.HttpVersionRoutingHandler channelRead\nINFO: Detected HTTP/2 connection.\n"}}
[debug] [2026-08-01T13:33:59.952Z] Multiple projectIds are not recommended in single project mode. Requested project ID wildwatch-82abc, but the emulator is configured for demo-wildwatch-local. To opt-out of single project mode add/set the '"singleProjectMode": false' property in the firebase.json emulators config.
 {"metadata":{"emulator":{"name":"firestore"},"message":"Multiple projectIds are not recommended in single project mode. Requested project ID wildwatch-82abc, but the emulator is configured for demo-wildwatch-local. To opt-out of single project mode add/set the '\"singleProjectMode\": false' property in the firebase.json emulators config.\n"}}
[debug] [2026-08-01T13:35:33.735Z] Aug 01, 2026 1:35:33 PM io.gapi.emulators.netty.HttpVersionRoutingHandler channelRead
INFO: Detected HTTP/2 connection.
 {"metadata":{"emulator":{"name":"firestore"},"message":"Aug 01, 2026 1:35:33 PM io.gapi.emulators.netty.HttpVersionRoutingHandler channelRead\nINFO: Detected HTTP/2 connection.\n"}}
[debug] [2026-08-01T13:35:34.246Z] Multiple projectIds are not recommended in single project mode. Requested project ID wildwatch-82abc, but the emulator is configured for demo-wildwatch-local. To opt-out of single project mode add/set the '"singleProjectMode": false' property in the firebase.json emulators config.
 {"metadata":{"emulator":{"name":"firestore"},"message":"Multiple projectIds are not recommended in single project mode. Requested project ID wildwatch-82abc, but the emulator is configured for demo-wildwatch-local. To opt-out of single project mode add/set the '\"singleProjectMode\": false' property in the firebase.json emulators config.\n"}}
[debug] [2026-08-01T13:36:01.174Z] Multiple projectIds are not recommended in single project mode. Requested project ID wildwatch-82abc, but the emulator is configured for demo-wildwatch-local. To opt-out of single project mode add/set the '"singleProjectMode": false' property in the firebase.json emulators config.
 {"metadata":{"emulator":{"name":"firestore"},"message":"Multiple projectIds are not recommended in single project mode. Requested project ID wildwatch-82abc, but the emulator is configured for demo-wildwatch-local. To opt-out of single project mode add/set the '\"singleProjectMode\": false' property in the firebase.json emulators config.\n"}}
[debug] [2026-08-01T13:38:44.013Z] Multiple projectIds are not recommended in single project mode. Requested project ID wildwatch-82abc, but the emulator is configured for demo-wildwatch-local. To opt-out of single project mode add/set the '"singleProjectMode": false' property in the firebase.json emulators config.
 {"metadata":{"emulator":{"name":"firestore"},"message":"Multiple projectIds are not recommended in single project mode. Requested project ID wildwatch-82abc, but the emulator is configured for demo-wildwatch-local. To opt-out of single project mode add/set the '\"singleProjectMode\": false' property in the firebase.json emulators config.\n"}}
[debug] [2026-08-01T13:42:32.399Z] >>> [apiv2][query] POST http://127.0.0.1:5001/functions/projects/demo-wildwatch-local/trigger_multicast [none]
[debug] [2026-08-01T13:42:32.421Z] >>> [apiv2][body] POST http://127.0.0.1:5001/functions/projects/demo-wildwatch-local/trigger_multicast {"eventId":"66801979-e40b-4453-9fba-121351283eab","eventType":"providers/firebase.auth/eventTypes/user.create","resource":{"name":"projects/demo-wildwatch-local","service":"firebaseauth.googleapis.com"},"params":{},"timestamp":"2026-08-01T13:42:32.377Z","data":{"uid":"N96nk50WS82LebXzNANZXpuNn5IV","email":"im@wildwatch.app","emailVerified":false,"metadata":{"creationTime":"2026-08-01T13:42:32.361Z","lastSignInTime":"2026-08-01T13:42:32.361Z"},"customClaims":{},"providerData":[{"providerId":"password","email":"im@wildwatch.app","federatedId":"im@wildwatch.app","rawId":"im@wildwatch.app"}]}}
[debug] [2026-08-01T13:42:32.957Z] <<< [apiv2][status] POST http://127.0.0.1:5001/functions/projects/demo-wildwatch-local/trigger_multicast 200
[debug] [2026-08-01T13:42:32.958Z] <<< [apiv2][body] POST http://127.0.0.1:5001/functions/projects/demo-wildwatch-local/trigger_multicast {"status":"multicast_acknowledged"}
[debug] [2026-08-01T13:42:34.555Z] Multiple projectIds are not recommended in single project mode. Requested project ID wildwatch-82abc, but the emulator is configured for demo-wildwatch-local. To opt-out of single project mode add/set the '"singleProjectMode": false' property in the firebase.json emulators config.
 {"metadata":{"emulator":{"name":"firestore"},"message":"Multiple projectIds are not recommended in single project mode. Requested project ID wildwatch-82abc, but the emulator is configured for demo-wildwatch-local. To opt-out of single project mode add/set the '\"singleProjectMode\": false' property in the firebase.json emulators config.\n"}}
[debug] [2026-08-01T13:42:34.557Z] Multiple projectIds are not recommended in single project mode. Requested project ID wildwatch-82abc, but the emulator is configured for demo-wildwatch-local. To opt-out of single project mode add/set the '"singleProjectMode": false' property in the firebase.json emulators config.
 {"metadata":{"emulator":{"name":"firestore"},"message":"Multiple projectIds are not recommended in single project mode. Requested project ID wildwatch-82abc, but the emulator is configured for demo-wildwatch-local. To opt-out of single project mode add/set the '\"singleProjectMode\": false' property in the firebase.json emulators config.\n"}}
[debug] [2026-08-01T13:45:46.533Z] Aug 01, 2026 1:45:46 PM io.gapi.emulators.netty.HttpVersionRoutingHandler channelRead
INFO: Detected non-HTTP/2 connection.
 {"metadata":{"emulator":{"name":"firestore"},"message":"Aug 01, 2026 1:45:46 PM io.gapi.emulators.netty.HttpVersionRoutingHandler channelRead\nINFO: Detected non-HTTP/2 connection.\n"}}
[debug] [2026-08-01T13:45:47.219Z] Aug 01, 2026 1:45:47 PM io.gapi.emulators.netty.HttpVersionRoutingHandler channelRead
INFO: Detected non-HTTP/2 connection.
 {"metadata":{"emulator":{"name":"firestore"},"message":"Aug 01, 2026 1:45:47 PM io.gapi.emulators.netty.HttpVersionRoutingHandler channelRead\nINFO: Detected non-HTTP/2 connection.\n"}}
[debug] [2026-08-01T13:45:47.521Z] Aug 01, 2026 1:45:47 PM io.gapi.emulators.netty.HttpVersionRoutingHandler channelRead
INFO: Detected non-HTTP/2 connection.
 {"metadata":{"emulator":{"name":"firestore"},"message":"Aug 01, 2026 1:45:47 PM io.gapi.emulators.netty.HttpVersionRoutingHandler channelRead\nINFO: Detected non-HTTP/2 connection.\n"}}
[debug] [2026-08-01T13:45:47.897Z] Aug 01, 2026 1:45:47 PM io.gapi.emulators.netty.HttpVersionRoutingHandler channelRead
INFO: Detected non-HTTP/2 connection.
 {"metadata":{"emulator":{"name":"firestore"},"message":"Aug 01, 2026 1:45:47 PM io.gapi.emulators.netty.HttpVersionRoutingHandler channelRead\nINFO: Detected non-HTTP/2 connection.\n"}}
[debug] [2026-08-01T13:45:49.116Z] Aug 01, 2026 1:45:49 PM io.gapi.emulators.netty.HttpVersionRoutingHandler channelRead
INFO: Detected non-HTTP/2 connection.
 {"metadata":{"emulator":{"name":"firestore"},"message":"Aug 01, 2026 1:45:49 PM io.gapi.emulators.netty.HttpVersionRoutingHandler channelRead\nINFO: Detected non-HTTP/2 connection.\n"}}
[debug] [2026-08-01T13:45:53.141Z] Aug 01, 2026 1:45:53 PM io.gapi.emulators.netty.HttpVersionRoutingHandler channelRead
INFO: Detected non-HTTP/2 connection.
 {"metadata":{"emulator":{"name":"firestore"},"message":"Aug 01, 2026 1:45:53 PM io.gapi.emulators.netty.HttpVersionRoutingHandler channelRead\nINFO: Detected non-HTTP/2 connection.\n"}}
[debug] [2026-08-01T13:46:00.504Z] Aug 01, 2026 1:46:00 PM io.gapi.emulators.netty.HttpVersionRoutingHandler channelRead
INFO: Detected non-HTTP/2 connection.
 {"metadata":{"emulator":{"name":"firestore"},"message":"Aug 01, 2026 1:46:00 PM io.gapi.emulators.netty.HttpVersionRoutingHandler channelRead\nINFO: Detected non-HTTP/2 connection.\n"}}
[debug] [2026-08-01T13:46:02.411Z] Aug 01, 2026 1:46:02 PM io.gapi.emulators.netty.HttpVersionRoutingHandler channelRead
INFO: Detected non-HTTP/2 connection.
 {"metadata":{"emulator":{"name":"firestore"},"message":"Aug 01, 2026 1:46:02 PM io.gapi.emulators.netty.HttpVersionRoutingHandler channelRead\nINFO: Detected non-HTTP/2 connection.\n"}}
[debug] [2026-08-01T13:46:03.963Z] Aug 01, 2026 1:46:03 PM io.gapi.emulators.netty.HttpVersionRoutingHandler channelRead
INFO: Detected non-HTTP/2 connection.
 {"metadata":{"emulator":{"name":"firestore"},"message":"Aug 01, 2026 1:46:03 PM io.gapi.emulators.netty.HttpVersionRoutingHandler channelRead\nINFO: Detected non-HTTP/2 connection.\n"}}
[debug] [2026-08-01T13:46:12.636Z] Aug 01, 2026 1:46:12 PM io.gapi.emulators.netty.HttpVersionRoutingHandler channelRead
INFO: Detected non-HTTP/2 connection.
 {"metadata":{"emulator":{"name":"firestore"},"message":"Aug 01, 2026 1:46:12 PM io.gapi.emulators.netty.HttpVersionRoutingHandler channelRead\nINFO: Detected non-HTTP/2 connection.\n"}}
[debug] [2026-08-01T13:46:13.238Z] Aug 01, 2026 1:46:13 PM io.gapi.emulators.netty.HttpVersionRoutingHandler channelRead
INFO: Detected non-HTTP/2 connection.
 {"metadata":{"emulator":{"name":"firestore"},"message":"Aug 01, 2026 1:46:13 PM io.gapi.emulators.netty.HttpVersionRoutingHandler channelRead\nINFO: Detected non-HTTP/2 connection.\n"}}
[debug] [2026-08-01T13:46:16.115Z] Aug 01, 2026 1:46:16 PM io.gapi.emulators.netty.HttpVersionRoutingHandler channelRead
INFO: Detected non-HTTP/2 connection.
 {"metadata":{"emulator":{"name":"firestore"},"message":"Aug 01, 2026 1:46:16 PM io.gapi.emulators.netty.HttpVersionRoutingHandler channelRead\nINFO: Detected non-HTTP/2 connection.\n"}}
[debug] [2026-08-01T13:46:18.278Z] Aug 01, 2026 1:46:18 PM io.gapi.emulators.netty.HttpVersionRoutingHandler channelRead
INFO: Detected non-HTTP/2 connection.
 {"metadata":{"emulator":{"name":"firestore"},"message":"Aug 01, 2026 1:46:18 PM io.gapi.emulators.netty.HttpVersionRoutingHandler channelRead\nINFO: Detected non-HTTP/2 connection.\n"}}
[debug] [2026-08-01T13:46:38.110Z] Aug 01, 2026 1:46:38 PM io.gapi.emulators.netty.HttpVersionRoutingHandler channelRead
INFO: Detected HTTP/2 connection.
 {"metadata":{"emulator":{"name":"firestore"},"message":"Aug 01, 2026 1:46:38 PM io.gapi.emulators.netty.HttpVersionRoutingHandler channelRead\nINFO: Detected HTTP/2 connection.\n"}}
[debug] [2026-08-01T13:46:38.649Z] Multiple projectIds are not recommended in single project mode. Requested project ID wildwatch-82abc, but the emulator is configured for demo-wildwatch-local. To opt-out of single project mode add/set the '"singleProjectMode": false' property in the firebase.json emulators config.
 {"metadata":{"emulator":{"name":"firestore"},"message":"Multiple projectIds are not recommended in single project mode. Requested project ID wildwatch-82abc, but the emulator is configured for demo-wildwatch-local. To opt-out of single project mode add/set the '\"singleProjectMode\": false' property in the firebase.json emulators config.\n"}}
[debug] [2026-08-01T13:46:38.909Z] Aug 01, 2026 1:46:38 PM io.gapi.emulators.netty.HttpVersionRoutingHandler channelRead
INFO: Detected non-HTTP/2 connection.
 {"metadata":{"emulator":{"name":"firestore"},"message":"Aug 01, 2026 1:46:38 PM io.gapi.emulators.netty.HttpVersionRoutingHandler channelRead\nINFO: Detected non-HTTP/2 connection.\n"}}
[debug] [2026-08-01T13:54:39.696Z] Aug 01, 2026 1:54:39 PM io.gapi.emulators.netty.HttpVersionRoutingHandler channelRead
INFO: Detected HTTP/2 connection.
 {"metadata":{"emulator":{"name":"firestore"},"message":"Aug 01, 2026 1:54:39 PM io.gapi.emulators.netty.HttpVersionRoutingHandler channelRead\nINFO: Detected HTTP/2 connection.\n"}}
[debug] [2026-08-01T13:54:40.221Z] Multiple projectIds are not recommended in single project mode. Requested project ID wildwatch-82abc, but the emulator is configured for demo-wildwatch-local. To opt-out of single project mode add/set the '"singleProjectMode": false' property in the firebase.json emulators config.
 {"metadata":{"emulator":{"name":"firestore"},"message":"Multiple projectIds are not recommended in single project mode. Requested project ID wildwatch-82abc, but the emulator is configured for demo-wildwatch-local. To opt-out of single project mode add/set the '\"singleProjectMode\": false' property in the firebase.json emulators config.\n"}}
[debug] [2026-08-01T14:07:12.458Z] File /workspace/functions/package.json changed, reloading triggers {"metadata":{"emulator":{"name":"functions"},"message":"File /workspace/functions/package.json changed, reloading triggers"}}
[debug] [2026-08-01T14:07:13.572Z] Validating nodejs source
[warn] ⚠  functions: package.json indicates an outdated version of firebase-functions. Please upgrade using npm install --save firebase-functions@latest in your functions directory. 
[warn] ⚠  functions: Please note that there will be breaking changes when you upgrade. 
[debug] [2026-08-01T14:07:16.793Z] > [functions] package.json contents: {
  "name": "functions",
  "scripts": {
    "build": "tsc",
    "build:watch": "tsc --watch",
    "serve": "npm run build && firebase emulators:start --only functions",
    "shell": "npm run build && firebase functions:shell",
    "start": "npm run shell",
    "deploy": "firebase deploy --only functions",
    "logs": "firebase functions:log",
    "test": "jest"
  },
  "engines": {
    "node": "20"
  },
  "main": "lib/index.js",
  "dependencies": {
    "firebase-admin": "^11.0.0",
    "firebase-functions": "^4.9.0"
  },
  "devDependencies": {
    "firebase-functions-test": "^3.1.0",
    "typescript": "^5.0.0"
  },
  "private": true
}
[debug] [2026-08-01T14:07:16.795Z] Building nodejs source
[debug] [2026-08-01T14:07:16.796Z] Failed to find version of module node: reached end of search path /workspace/functions/node_modules
[info] ✔  functions: Using node@20 from host. 
[info] i  functions: You are using a version of firebase-functions SDK (4.9.0) that does not have support for the newest Firebase Extensions features. Please update firebase-functions SDK to >=5.1.0 to use them correctly 
[debug] [2026-08-01T14:07:16.858Z] Could not find functions.yaml. Must use http discovery
[debug] [2026-08-01T14:07:16.883Z] Found firebase-functions binary at '/workspace/functions/node_modules/.bin/firebase-functions'
[error] /workspace/functions/node_modules/.bin/firebase-functions: 1: ../firebase-functions/lib/bin/firebase-functions.js: not found

[debug] [2026-08-01T14:07:26.962Z] Failed to call quitquitquit. This often means the server failed to start request to http://localhost:8661/__/quitquitquit failed, reason: connect ECONNREFUSED 127.0.0.1:8661 {"message":"request to http://localhost:8661/__/quitquitquit failed, reason: connect ECONNREFUSED 127.0.0.1:8661","type":"system","errno":"ECONNREFUSED","code":"ECONNREFUSED"}
[debug] [2026-08-01T14:07:44.901Z] File /workspace/functions/package.json changed, reloading triggers {"metadata":{"emulator":{"name":"functions"},"message":"File /workspace/functions/package.json changed, reloading triggers"}}
[debug] [2026-08-01T14:07:45.551Z] File /workspace/functions/package-lock.json changed, reloading triggers {"metadata":{"emulator":{"name":"functions"},"message":"File /workspace/functions/package-lock.json changed, reloading triggers"}}
[debug] [2026-08-01T14:07:46.555Z] Validating nodejs source
[warn] ⚠  functions: package.json indicates an outdated version of firebase-functions. Please upgrade using npm install --save firebase-functions@latest in your functions directory. 
[warn] ⚠  functions: Please note that there will be breaking changes when you upgrade. 
[debug] [2026-08-01T14:07:47.791Z] > [functions] package.json contents: {
  "name": "functions",
  "scripts": {
    "build": "tsc",
    "build:watch": "tsc --watch",
    "serve": "npm run build && firebase emulators:start --only functions",
    "shell": "npm run build && firebase functions:shell",
    "start": "npm run shell",
    "deploy": "firebase deploy --only functions",
    "logs": "firebase functions:log",
    "test": "jest"
  },
  "engines": {
    "node": "20"
  },
  "main": "lib/index.js",
  "dependencies": {
    "firebase-admin": "^11.0.0",
    "firebase-functions": "^4.9.0"
  },
  "devDependencies": {
    "@types/jest": "^30.0.0",
    "firebase-functions-test": "^3.1.0",
    "jest": "^30.4.2",
    "ts-jest": "^29.4.12",
    "typescript": "^5.0.0"
  },
  "private": true
}
[debug] [2026-08-01T14:07:47.791Z] Building nodejs source
[debug] [2026-08-01T14:07:47.792Z] Failed to find version of module node: reached end of search path /workspace/functions/node_modules
[info] ✔  functions: Using node@20 from host. 
[info] i  functions: You are using a version of firebase-functions SDK (4.9.0) that does not have support for the newest Firebase Extensions features. Please update firebase-functions SDK to >=5.1.0 to use them correctly 
[debug] [2026-08-01T14:07:47.796Z] Could not find functions.yaml. Must use http discovery
[debug] [2026-08-01T14:07:47.803Z] Found firebase-functions binary at '/workspace/functions/node_modules/.bin/firebase-functions'
[error] /workspace/functions/node_modules/.bin/firebase-functions: 1: ../firebase-functions/lib/bin/firebase-functions.js: not found

[debug] [2026-08-01T14:07:49.923Z] File /workspace/functions/package.json changed, reloading triggers {"metadata":{"emulator":{"name":"functions"},"message":"File /workspace/functions/package.json changed, reloading triggers"}}
[debug] [2026-08-01T14:07:50.926Z] Validating nodejs source
[warn] ⚠  functions: package.json indicates an outdated version of firebase-functions. Please upgrade using npm install --save firebase-functions@latest in your functions directory. 
[warn] ⚠  functions: Please note that there will be breaking changes when you upgrade. 
[debug] [2026-08-01T14:07:52.216Z] > [functions] package.json contents: {
  "name": "functions",
  "scripts": {
    "build": "tsc",
    "build:watch": "tsc --watch",
    "serve": "npm run build && firebase emulators:start --only functions",
    "shell": "npm run build && firebase functions:shell",
    "start": "npm run shell",
    "deploy": "firebase deploy --only functions",
    "logs": "firebase functions:log",
    "test": "jest"
  },
  "engines": {
    "node": "20"
  },
  "main": "lib/index.js",
  "dependencies": {
    "firebase-admin": "^11.0.0",
    "firebase-functions": "^4.9.0"
  },
  "devDependencies": {
    "@types/jest": "^30.0.0",
    "firebase-functions-test": "^3.1.0",
    "jest": "^30.4.2",
    "ts-jest": "^29.4.12",
    "typescript": "^5.0.0"
  },
  "private": true
}
[debug] [2026-08-01T14:07:52.216Z] Building nodejs source
[debug] [2026-08-01T14:07:52.216Z] Failed to find version of module node: reached end of search path /workspace/functions/node_modules
[info] ✔  functions: Using node@20 from host. 
[info] i  functions: You are using a version of firebase-functions SDK (4.9.0) that does not have support for the newest Firebase Extensions features. Please update firebase-functions SDK to >=5.1.0 to use them correctly 
[debug] [2026-08-01T14:07:52.220Z] Could not find functions.yaml. Must use http discovery
[debug] [2026-08-01T14:07:52.223Z] Found firebase-functions binary at '/workspace/functions/node_modules/.bin/firebase-functions'
[error] /workspace/functions/node_modules/.bin/firebase-functions: 1: ../firebase-functions/lib/bin/firebase-functions.js: not found

[debug] [2026-08-01T14:07:57.487Z] File /workspace/functions/jest.config.js changed, reloading triggers {"metadata":{"emulator":{"name":"functions"},"message":"File /workspace/functions/jest.config.js changed, reloading triggers"}}
[debug] [2026-08-01T14:07:57.831Z] Failed to call quitquitquit. This often means the server failed to start request to http://localhost:8859/__/quitquitquit failed, reason: connect ECONNREFUSED 127.0.0.1:8859 {"message":"request to http://localhost:8859/__/quitquitquit failed, reason: connect ECONNREFUSED 127.0.0.1:8859","type":"system","errno":"ECONNREFUSED","code":"ECONNREFUSED"}
[debug] [2026-08-01T14:07:58.489Z] Validating nodejs source
[warn] ⚠  functions: package.json indicates an outdated version of firebase-functions. Please upgrade using npm install --save firebase-functions@latest in your functions directory. 
[warn] ⚠  functions: Please note that there will be breaking changes when you upgrade. 
[debug] [2026-08-01T14:07:59.648Z] > [functions] package.json contents: {
  "name": "functions",
  "scripts": {
    "build": "tsc",
    "build:watch": "tsc --watch",
    "serve": "npm run build && firebase emulators:start --only functions",
    "shell": "npm run build && firebase functions:shell",
    "start": "npm run shell",
    "deploy": "firebase deploy --only functions",
    "logs": "firebase functions:log",
    "test": "jest"
  },
  "engines": {
    "node": "20"
  },
  "main": "lib/index.js",
  "dependencies": {
    "firebase-admin": "^11.0.0",
    "firebase-functions": "^4.9.0"
  },
  "devDependencies": {
    "@types/jest": "^30.0.0",
    "firebase-functions-test": "^3.1.0",
    "jest": "^30.4.2",
    "ts-jest": "^29.4.12",
    "typescript": "^5.0.0"
  },
  "private": true
}
[debug] [2026-08-01T14:07:59.648Z] Building nodejs source
[debug] [2026-08-01T14:07:59.648Z] Failed to find version of module node: reached end of search path /workspace/functions/node_modules
[info] ✔  functions: Using node@20 from host. 
[info] i  functions: You are using a version of firebase-functions SDK (4.9.0) that does not have support for the newest Firebase Extensions features. Please update firebase-functions SDK to >=5.1.0 to use them correctly 
[debug] [2026-08-01T14:07:59.652Z] Could not find functions.yaml. Must use http discovery
[debug] [2026-08-01T14:07:59.655Z] Found firebase-functions binary at '/workspace/functions/node_modules/.bin/firebase-functions'
[error] /workspace/functions/node_modules/.bin/firebase-functions: 1: ../firebase-functions/lib/bin/firebase-functions.js: not found

[debug] [2026-08-01T14:08:02.246Z] Failed to call quitquitquit. This often means the server failed to start request to http://localhost:8940/__/quitquitquit failed, reason: connect ECONNREFUSED 127.0.0.1:8940 {"message":"request to http://localhost:8940/__/quitquitquit failed, reason: connect ECONNREFUSED 127.0.0.1:8940","type":"system","errno":"ECONNREFUSED","code":"ECONNREFUSED"}
[debug] [2026-08-01T14:08:09.694Z] Failed to call quitquitquit. This often means the server failed to start request to http://localhost:8841/__/quitquitquit failed, reason: connect ECONNREFUSED 127.0.0.1:8841 {"message":"request to http://localhost:8841/__/quitquitquit failed, reason: connect ECONNREFUSED 127.0.0.1:8841","type":"system","errno":"ECONNREFUSED","code":"ECONNREFUSED"}
[debug] [2026-08-01T14:08:21.484Z] File /workspace/functions/src/__tests__/index.test.ts changed, reloading triggers {"metadata":{"emulator":{"name":"functions"},"message":"File /workspace/functions/src/__tests__/index.test.ts changed, reloading triggers"}}
[debug] [2026-08-01T14:08:22.486Z] Validating nodejs source
[warn] ⚠  functions: package.json indicates an outdated version of firebase-functions. Please upgrade using npm install --save firebase-functions@latest in your functions directory. 
[warn] ⚠  functions: Please note that there will be breaking changes when you upgrade. 
[debug] [2026-08-01T14:08:24.115Z] > [functions] package.json contents: {
  "name": "functions",
  "scripts": {
    "build": "tsc",
    "build:watch": "tsc --watch",
    "serve": "npm run build && firebase emulators:start --only functions",
    "shell": "npm run build && firebase functions:shell",
    "start": "npm run shell",
    "deploy": "firebase deploy --only functions",
    "logs": "firebase functions:log",
    "test": "jest"
  },
  "engines": {
    "node": "20"
  },
  "main": "lib/index.js",
  "dependencies": {
    "firebase-admin": "^11.0.0",
    "firebase-functions": "^4.9.0"
  },
  "devDependencies": {
    "@types/jest": "^30.0.0",
    "firebase-functions-test": "^3.1.0",
    "jest": "^30.4.2",
    "ts-jest": "^29.4.12",
    "typescript": "^5.0.0"
  },
  "private": true
}
[debug] [2026-08-01T14:08:24.115Z] Building nodejs source
[debug] [2026-08-01T14:08:24.115Z] Failed to find version of module node: reached end of search path /workspace/functions/node_modules
[info] ✔  functions: Using node@20 from host. 
[info] i  functions: You are using a version of firebase-functions SDK (4.9.0) that does not have support for the newest Firebase Extensions features. Please update firebase-functions SDK to >=5.1.0 to use them correctly 
[debug] [2026-08-01T14:08:24.117Z] Could not find functions.yaml. Must use http discovery
[debug] [2026-08-01T14:08:24.119Z] Found firebase-functions binary at '/workspace/functions/node_modules/.bin/firebase-functions'
[error] /workspace/functions/node_modules/.bin/firebase-functions: 1: ../firebase-functions/lib/bin/firebase-functions.js: not found

[debug] [2026-08-01T14:08:35.351Z] Failed to call quitquitquit. This often means the server failed to start request to http://localhost:8167/__/quitquitquit failed, reason: connect ECONNREFUSED 127.0.0.1:8167 {"message":"request to http://localhost:8167/__/quitquitquit failed, reason: connect ECONNREFUSED 127.0.0.1:8167","type":"system","errno":"ECONNREFUSED","code":"ECONNREFUSED"}
[debug] [2026-08-01T14:08:58.190Z] File /workspace/functions/package-lock.json changed, reloading triggers {"metadata":{"emulator":{"name":"functions"},"message":"File /workspace/functions/package-lock.json changed, reloading triggers"}}
[debug] [2026-08-01T14:08:58.255Z] File /workspace/functions/package-lock.json changed, reloading triggers {"metadata":{"emulator":{"name":"functions"},"message":"File /workspace/functions/package-lock.json changed, reloading triggers"}}
[debug] [2026-08-01T14:08:59.259Z] Validating nodejs source
[warn] ⚠  functions: package.json indicates an outdated version of firebase-functions. Please upgrade using npm install --save firebase-functions@latest in your functions directory. 
[warn] ⚠  functions: Please note that there will be breaking changes when you upgrade. 
[debug] [2026-08-01T14:09:02.509Z] > [functions] package.json contents: {
  "name": "functions",
  "scripts": {
    "build": "tsc",
    "build:watch": "tsc --watch",
    "serve": "npm run build && firebase emulators:start --only functions",
    "shell": "npm run build && firebase functions:shell",
    "start": "npm run shell",
    "deploy": "firebase deploy --only functions",
    "logs": "firebase functions:log",
    "test": "jest"
  },
  "engines": {
    "node": "20"
  },
  "main": "lib/index.js",
  "dependencies": {
    "firebase-admin": "^11.0.0",
    "firebase-functions": "^4.9.0"
  },
  "devDependencies": {
    "@types/jest": "^30.0.0",
    "firebase-functions-test": "^3.1.0",
    "jest": "^30.4.2",
    "ts-jest": "^29.4.12",
    "typescript": "^5.0.0"
  },
  "private": true
}
[debug] [2026-08-01T14:09:02.509Z] Building nodejs source
[debug] [2026-08-01T14:09:02.510Z] Failed to find version of module node: reached end of search path /workspace/functions/node_modules
[info] ✔  functions: Using node@20 from host. 
[info] i  functions: You are using a version of firebase-functions SDK (4.9.0) that does not have support for the newest Firebase Extensions features. Please update firebase-functions SDK to >=5.1.0 to use them correctly 
[debug] [2026-08-01T14:09:02.514Z] Could not find functions.yaml. Must use http discovery
[debug] [2026-08-01T14:09:02.518Z] Found firebase-functions binary at '/workspace/functions/node_modules/.bin/firebase-functions'
[error] /workspace/functions/node_modules/.bin/firebase-functions: 1: ../firebase-functions/lib/bin/firebase-functions.js: not found

[debug] [2026-08-01T14:09:12.557Z] Failed to call quitquitquit. This often means the server failed to start request to http://localhost:8316/__/quitquitquit failed, reason: connect ECONNREFUSED 127.0.0.1:8316 {"message":"request to http://localhost:8316/__/quitquitquit failed, reason: connect ECONNREFUSED 127.0.0.1:8316","type":"system","errno":"ECONNREFUSED","code":"ECONNREFUSED"}
[debug] [2026-08-01T14:09:49.517Z] File /workspace/functions/src/__tests__/index.test.ts changed, reloading triggers {"metadata":{"emulator":{"name":"functions"},"message":"File /workspace/functions/src/__tests__/index.test.ts changed, reloading triggers"}}
[debug] [2026-08-01T14:09:50.521Z] Validating nodejs source
[warn] ⚠  functions: package.json indicates an outdated version of firebase-functions. Please upgrade using npm install --save firebase-functions@latest in your functions directory. 
[warn] ⚠  functions: Please note that there will be breaking changes when you upgrade. 
[debug] [2026-08-01T14:09:53.970Z] > [functions] package.json contents: {
  "name": "functions",
  "scripts": {
    "build": "tsc",
    "build:watch": "tsc --watch",
    "serve": "npm run build && firebase emulators:start --only functions",
    "shell": "npm run build && firebase functions:shell",
    "start": "npm run shell",
    "deploy": "firebase deploy --only functions",
    "logs": "firebase functions:log",
    "test": "jest"
  },
  "engines": {
    "node": "20"
  },
  "main": "lib/index.js",
  "dependencies": {
    "firebase-admin": "^11.0.0",
    "firebase-functions": "^4.9.0"
  },
  "devDependencies": {
    "@types/jest": "^30.0.0",
    "firebase-functions-test": "^3.1.0",
    "jest": "^30.4.2",
    "ts-jest": "^29.4.12",
    "typescript": "^5.0.0"
  },
  "private": true
}
[debug] [2026-08-01T14:09:53.971Z] Building nodejs source
[debug] [2026-08-01T14:09:53.971Z] Failed to find version of module node: reached end of search path /workspace/functions/node_modules
[info] ✔  functions: Using node@20 from host. 
[info] i  functions: You are using a version of firebase-functions SDK (4.9.0) that does not have support for the newest Firebase Extensions features. Please update firebase-functions SDK to >=5.1.0 to use them correctly 
[debug] [2026-08-01T14:09:53.975Z] Could not find functions.yaml. Must use http discovery
[debug] [2026-08-01T14:09:53.982Z] Found firebase-functions binary at '/workspace/functions/node_modules/.bin/firebase-functions'
[error] /workspace/functions/node_modules/.bin/firebase-functions: 1: ../firebase-functions/lib/bin/firebase-functions.js: not found

[debug] [2026-08-01T14:10:04.065Z] Failed to call quitquitquit. This often means the server failed to start request to http://localhost:8526/__/quitquitquit failed, reason: connect ECONNREFUSED 127.0.0.1:8526 {"message":"request to http://localhost:8526/__/quitquitquit failed, reason: connect ECONNREFUSED 127.0.0.1:8526","type":"system","errno":"ECONNREFUSED","code":"ECONNREFUSED"}
[debug] [2026-08-01T14:10:22.496Z] File /workspace/functions/src/__tests__/index.test.ts changed, reloading triggers {"metadata":{"emulator":{"name":"functions"},"message":"File /workspace/functions/src/__tests__/index.test.ts changed, reloading triggers"}}
[debug] [2026-08-01T14:10:23.541Z] Validating nodejs source
[warn] ⚠  functions: package.json indicates an outdated version of firebase-functions. Please upgrade using npm install --save firebase-functions@latest in your functions directory. 
[warn] ⚠  functions: Please note that there will be breaking changes when you upgrade. 
[debug] [2026-08-01T14:10:24.922Z] > [functions] package.json contents: {
  "name": "functions",
  "scripts": {
    "build": "tsc",
    "build:watch": "tsc --watch",
    "serve": "npm run build && firebase emulators:start --only functions",
    "shell": "npm run build && firebase functions:shell",
    "start": "npm run shell",
    "deploy": "firebase deploy --only functions",
    "logs": "firebase functions:log",
    "test": "jest"
  },
  "engines": {
    "node": "20"
  },
  "main": "lib/index.js",
  "dependencies": {
    "firebase-admin": "^11.0.0",
    "firebase-functions": "^4.9.0"
  },
  "devDependencies": {
    "@types/jest": "^30.0.0",
    "firebase-functions-test": "^3.1.0",
    "jest": "^30.4.2",
    "ts-jest": "^29.4.12",
    "typescript": "^5.0.0"
  },
  "private": true
}
[debug] [2026-08-01T14:10:24.923Z] Building nodejs source
[debug] [2026-08-01T14:10:24.923Z] Failed to find version of module node: reached end of search path /workspace/functions/node_modules
[info] ✔  functions: Using node@20 from host. 
[info] i  functions: You are using a version of firebase-functions SDK (4.9.0) that does not have support for the newest Firebase Extensions features. Please update firebase-functions SDK to >=5.1.0 to use them correctly 
[debug] [2026-08-01T14:10:24.929Z] Could not find functions.yaml. Must use http discovery
[debug] [2026-08-01T14:10:24.932Z] Found firebase-functions binary at '/workspace/functions/node_modules/.bin/firebase-functions'
[error] /workspace/functions/node_modules/.bin/firebase-functions: 1: ../firebase-functions/lib/bin/firebase-functions.js: not found

[debug] [2026-08-01T14:10:29.980Z] File /workspace/functions/src/__tests__/index.test.ts changed, reloading triggers {"metadata":{"emulator":{"name":"functions"},"message":"File /workspace/functions/src/__tests__/index.test.ts changed, reloading triggers"}}
[debug] [2026-08-01T14:10:30.987Z] Validating nodejs source
[warn] ⚠  functions: package.json indicates an outdated version of firebase-functions. Please upgrade using npm install --save firebase-functions@latest in your functions directory. 
[warn] ⚠  functions: Please note that there will be breaking changes when you upgrade. 
[debug] [2026-08-01T14:10:32.527Z] > [functions] package.json contents: {
  "name": "functions",
  "scripts": {
    "build": "tsc",
    "build:watch": "tsc --watch",
    "serve": "npm run build && firebase emulators:start --only functions",
    "shell": "npm run build && firebase functions:shell",
    "start": "npm run shell",
    "deploy": "firebase deploy --only functions",
    "logs": "firebase functions:log",
    "test": "jest"
  },
  "engines": {
    "node": "20"
  },
  "main": "lib/index.js",
  "dependencies": {
    "firebase-admin": "^11.0.0",
    "firebase-functions": "^4.9.0"
  },
  "devDependencies": {
    "@types/jest": "^30.0.0",
    "firebase-functions-test": "^3.1.0",
    "jest": "^30.4.2",
    "ts-jest": "^29.4.12",
    "typescript": "^5.0.0"
  },
  "private": true
}
[debug] [2026-08-01T14:10:32.527Z] Building nodejs source
[debug] [2026-08-01T14:10:32.528Z] Failed to find version of module node: reached end of search path /workspace/functions/node_modules
[info] ✔  functions: Using node@20 from host. 
[info] i  functions: You are using a version of firebase-functions SDK (4.9.0) that does not have support for the newest Firebase Extensions features. Please update firebase-functions SDK to >=5.1.0 to use them correctly 
[debug] [2026-08-01T14:10:32.533Z] Could not find functions.yaml. Must use http discovery
[debug] [2026-08-01T14:10:32.536Z] Found firebase-functions binary at '/workspace/functions/node_modules/.bin/firebase-functions'
[error] /workspace/functions/node_modules/.bin/firebase-functions: 1: ../firebase-functions/lib/bin/firebase-functions.js: not found

[debug] [2026-08-01T14:10:34.982Z] Failed to call quitquitquit. This often means the server failed to start request to http://localhost:8201/__/quitquitquit failed, reason: connect ECONNREFUSED 127.0.0.1:8201 {"message":"request to http://localhost:8201/__/quitquitquit failed, reason: connect ECONNREFUSED 127.0.0.1:8201","type":"system","errno":"ECONNREFUSED","code":"ECONNREFUSED"}
[debug] [2026-08-01T14:10:42.569Z] Failed to call quitquitquit. This often means the server failed to start request to http://localhost:8114/__/quitquitquit failed, reason: connect ECONNREFUSED 127.0.0.1:8114 {"message":"request to http://localhost:8114/__/quitquitquit failed, reason: connect ECONNREFUSED 127.0.0.1:8114","type":"system","errno":"ECONNREFUSED","code":"ECONNREFUSED"}
[debug] [2026-08-01T14:11:26.031Z] File /workspace/functions/src/__tests__/index.test.ts changed, reloading triggers {"metadata":{"emulator":{"name":"functions"},"message":"File /workspace/functions/src/__tests__/index.test.ts changed, reloading triggers"}}
[debug] [2026-08-01T14:11:27.035Z] Validating nodejs source
[warn] ⚠  functions: package.json indicates an outdated version of firebase-functions. Please upgrade using npm install --save firebase-functions@latest in your functions directory. 
[warn] ⚠  functions: Please note that there will be breaking changes when you upgrade. 
[debug] [2026-08-01T14:11:29.251Z] > [functions] package.json contents: {
  "name": "functions",
  "scripts": {
    "build": "tsc",
    "build:watch": "tsc --watch",
    "serve": "npm run build && firebase emulators:start --only functions",
    "shell": "npm run build && firebase functions:shell",
    "start": "npm run shell",
    "deploy": "firebase deploy --only functions",
    "logs": "firebase functions:log",
    "test": "jest"
  },
  "engines": {
    "node": "20"
  },
  "main": "lib/index.js",
  "dependencies": {
    "firebase-admin": "^11.0.0",
    "firebase-functions": "^4.9.0"
  },
  "devDependencies": {
    "@types/jest": "^30.0.0",
    "firebase-functions-test": "^3.1.0",
    "jest": "^30.4.2",
    "ts-jest": "^29.4.12",
    "typescript": "^5.0.0"
  },
  "private": true
}
[debug] [2026-08-01T14:11:29.251Z] Building nodejs source
[debug] [2026-08-01T14:11:29.252Z] Failed to find version of module node: reached end of search path /workspace/functions/node_modules
[info] ✔  functions: Using node@20 from host. 
[info] i  functions: You are using a version of firebase-functions SDK (4.9.0) that does not have support for the newest Firebase Extensions features. Please update firebase-functions SDK to >=5.1.0 to use them correctly 
[debug] [2026-08-01T14:11:29.255Z] Could not find functions.yaml. Must use http discovery
[debug] [2026-08-01T14:11:29.261Z] Found firebase-functions binary at '/workspace/functions/node_modules/.bin/firebase-functions'
[debug] [2026-08-01T14:11:29.272Z] Aug 01, 2026 2:11:27 PM io.gapi.emulators.netty.HttpVersionRoutingHandler channelRead
INFO: Detected HTTP/2 connection.
 {"metadata":{"emulator":{"name":"firestore"},"message":"Aug 01, 2026 2:11:27 PM io.gapi.emulators.netty.HttpVersionRoutingHandler channelRead\nINFO: Detected HTTP/2 connection.\n"}}
[debug] [2026-08-01T14:11:29.273Z] Multiple projectIds are not recommended in single project mode. Requested project ID wildwatch-82abc, but the emulator is configured for demo-wildwatch-local. To opt-out of single project mode add/set the '"singleProjectMode": false' property in the firebase.json emulators config.
Multiple projectIds are not recommended in single project mode. Requested project ID wildwatch-82abc, but the emulator is configured for demo-wildwatch-local. To opt-out of single project mode add/set the '"singleProjectMode": false' property in the firebase.json emulators config.
 {"metadata":{"emulator":{"name":"firestore"},"message":"Multiple projectIds are not recommended in single project mode. Requested project ID wildwatch-82abc, but the emulator is configured for demo-wildwatch-local. To opt-out of single project mode add/set the '\"singleProjectMode\": false' property in the firebase.json emulators config.\nMultiple projectIds are not recommended in single project mode. Requested project ID wildwatch-82abc, but the emulator is configured for demo-wildwatch-local. To opt-out of single project mode add/set the '\"singleProjectMode\": false' property in the firebase.json emulators config.\n"}}
[error] /workspace/functions/node_modules/.bin/firebase-functions: 1: ../firebase-functions/lib/bin/firebase-functions.js: not found

[debug] [2026-08-01T14:11:32.231Z] Aug 01, 2026 2:11:32 PM io.gapi.emulators.netty.HttpVersionRoutingHandler channelRead
INFO: Detected HTTP/2 connection.
 {"metadata":{"emulator":{"name":"firestore"},"message":"Aug 01, 2026 2:11:32 PM io.gapi.emulators.netty.HttpVersionRoutingHandler channelRead\nINFO: Detected HTTP/2 connection.\n"}}
[debug] [2026-08-01T14:11:33.409Z] File /workspace/functions/src/__tests__/index.test.ts changed, reloading triggers {"metadata":{"emulator":{"name":"functions"},"message":"File /workspace/functions/src/__tests__/index.test.ts changed, reloading triggers"}}
[debug] [2026-08-01T14:11:34.413Z] Validating nodejs source
[warn] ⚠  functions: package.json indicates an outdated version of firebase-functions. Please upgrade using npm install --save firebase-functions@latest in your functions directory. 
[warn] ⚠  functions: Please note that there will be breaking changes when you upgrade. 
[debug] [2026-08-01T14:11:36.080Z] > [functions] package.json contents: {
  "name": "functions",
  "scripts": {
    "build": "tsc",
    "build:watch": "tsc --watch",
    "serve": "npm run build && firebase emulators:start --only functions",
    "shell": "npm run build && firebase functions:shell",
    "start": "npm run shell",
    "deploy": "firebase deploy --only functions",
    "logs": "firebase functions:log",
    "test": "jest"
  },
  "engines": {
    "node": "20"
  },
  "main": "lib/index.js",
  "dependencies": {
    "firebase-admin": "^11.0.0",
    "firebase-functions": "^4.9.0"
  },
  "devDependencies": {
    "@types/jest": "^30.0.0",
    "firebase-functions-test": "^3.1.0",
    "jest": "^30.4.2",
    "ts-jest": "^29.4.12",
    "typescript": "^5.0.0"
  },
  "private": true
}
[debug] [2026-08-01T14:11:36.080Z] Building nodejs source
[debug] [2026-08-01T14:11:36.080Z] Failed to find version of module node: reached end of search path /workspace/functions/node_modules
[info] ✔  functions: Using node@20 from host. 
[info] i  functions: You are using a version of firebase-functions SDK (4.9.0) that does not have support for the newest Firebase Extensions features. Please update firebase-functions SDK to >=5.1.0 to use them correctly 
[debug] [2026-08-01T14:11:36.083Z] Could not find functions.yaml. Must use http discovery
[debug] [2026-08-01T14:11:36.086Z] Found firebase-functions binary at '/workspace/functions/node_modules/.bin/firebase-functions'
[error] /workspace/functions/node_modules/.bin/firebase-functions: 1: ../firebase-functions/lib/bin/firebase-functions.js: not found

[debug] [2026-08-01T14:11:39.283Z] Failed to call quitquitquit. This often means the server failed to start request to http://localhost:8137/__/quitquitquit failed, reason: connect ECONNREFUSED 127.0.0.1:8137 {"message":"request to http://localhost:8137/__/quitquitquit failed, reason: connect ECONNREFUSED 127.0.0.1:8137","type":"system","errno":"ECONNREFUSED","code":"ECONNREFUSED"}
[debug] [2026-08-01T14:11:43.626Z] File /workspace/functions/src/__tests__/index.test.ts changed, reloading triggers {"metadata":{"emulator":{"name":"functions"},"message":"File /workspace/functions/src/__tests__/index.test.ts changed, reloading triggers"}}
[debug] [2026-08-01T14:11:44.636Z] Validating nodejs source
[warn] ⚠  functions: package.json indicates an outdated version of firebase-functions. Please upgrade using npm install --save firebase-functions@latest in your functions directory. 
[warn] ⚠  functions: Please note that there will be breaking changes when you upgrade. 
[debug] [2026-08-01T14:11:47.101Z] > [functions] package.json contents: {
  "name": "functions",
  "scripts": {
    "build": "tsc",
    "build:watch": "tsc --watch",
    "serve": "npm run build && firebase emulators:start --only functions",
    "shell": "npm run build && firebase functions:shell",
    "start": "npm run shell",
    "deploy": "firebase deploy --only functions",
    "logs": "firebase functions:log",
    "test": "jest"
  },
  "engines": {
    "node": "20"
  },
  "main": "lib/index.js",
  "dependencies": {
    "firebase-admin": "^11.0.0",
    "firebase-functions": "^4.9.0"
  },
  "devDependencies": {
    "@types/jest": "^30.0.0",
    "firebase-functions-test": "^3.1.0",
    "jest": "^30.4.2",
    "ts-jest": "^29.4.12",
    "typescript": "^5.0.0"
  },
  "private": true
}
[debug] [2026-08-01T14:11:47.102Z] Building nodejs source
[debug] [2026-08-01T14:11:47.104Z] Failed to find version of module node: reached end of search path /workspace/functions/node_modules
[info] ✔  functions: Using node@20 from host. 
[info] i  functions: You are using a version of firebase-functions SDK (4.9.0) that does not have support for the newest Firebase Extensions features. Please update firebase-functions SDK to >=5.1.0 to use them correctly 
[debug] [2026-08-01T14:11:47.168Z] Could not find functions.yaml. Must use http discovery
[debug] [2026-08-01T14:11:47.175Z] Found firebase-functions binary at '/workspace/functions/node_modules/.bin/firebase-functions'
[error] /workspace/functions/node_modules/.bin/firebase-functions: 1: ../firebase-functions/lib/bin/firebase-functions.js: not found

[debug] [2026-08-01T14:11:47.214Z] Failed to call quitquitquit. This often means the server failed to start request to http://localhost:8818/__/quitquitquit failed, reason: connect ECONNREFUSED 127.0.0.1:8818 {"message":"request to http://localhost:8818/__/quitquitquit failed, reason: connect ECONNREFUSED 127.0.0.1:8818","type":"system","errno":"ECONNREFUSED","code":"ECONNREFUSED"}
[debug] [2026-08-01T14:11:57.218Z] Failed to call quitquitquit. This often means the server failed to start request to http://localhost:8428/__/quitquitquit failed, reason: connect ECONNREFUSED 127.0.0.1:8428 {"message":"request to http://localhost:8428/__/quitquitquit failed, reason: connect ECONNREFUSED 127.0.0.1:8428","type":"system","errno":"ECONNREFUSED","code":"ECONNREFUSED"}
[debug] [2026-08-01T14:12:01.793Z] Multiple projectIds are not recommended in single project mode. Requested project ID wildwatch-82abc, but the emulator is configured for demo-wildwatch-local. To opt-out of single project mode add/set the '"singleProjectMode": false' property in the firebase.json emulators config.
 {"metadata":{"emulator":{"name":"firestore"},"message":"Multiple projectIds are not recommended in single project mode. Requested project ID wildwatch-82abc, but the emulator is configured for demo-wildwatch-local. To opt-out of single project mode add/set the '\"singleProjectMode\": false' property in the firebase.json emulators config.\n"}}
[debug] [2026-08-01T14:12:28.083Z] File /workspace/functions/src/__tests__/index.test.ts changed, reloading triggers {"metadata":{"emulator":{"name":"functions"},"message":"File /workspace/functions/src/__tests__/index.test.ts changed, reloading triggers"}}
[debug] [2026-08-01T14:12:29.083Z] Validating nodejs source
[warn] ⚠  functions: package.json indicates an outdated version of firebase-functions. Please upgrade using npm install --save firebase-functions@latest in your functions directory. 
[warn] ⚠  functions: Please note that there will be breaking changes when you upgrade. 
[debug] [2026-08-01T14:12:30.470Z] > [functions] package.json contents: {
  "name": "functions",
  "scripts": {
    "build": "tsc",
    "build:watch": "tsc --watch",
    "serve": "npm run build && firebase emulators:start --only functions",
    "shell": "npm run build && firebase functions:shell",
    "start": "npm run shell",
    "deploy": "firebase deploy --only functions",
    "logs": "firebase functions:log",
    "test": "jest"
  },
  "engines": {
    "node": "20"
  },
  "main": "lib/index.js",
  "dependencies": {
    "firebase-admin": "^11.0.0",
    "firebase-functions": "^4.9.0"
  },
  "devDependencies": {
    "@types/jest": "^30.0.0",
    "firebase-functions-test": "^3.1.0",
    "jest": "^30.4.2",
    "ts-jest": "^29.4.12",
    "typescript": "^5.0.0"
  },
  "private": true
}
[debug] [2026-08-01T14:12:30.470Z] Building nodejs source
[debug] [2026-08-01T14:12:30.470Z] Failed to find version of module node: reached end of search path /workspace/functions/node_modules
[info] ✔  functions: Using node@20 from host. 
[info] i  functions: You are using a version of firebase-functions SDK (4.9.0) that does not have support for the newest Firebase Extensions features. Please update firebase-functions SDK to >=5.1.0 to use them correctly 
[debug] [2026-08-01T14:12:30.473Z] Could not find functions.yaml. Must use http discovery
[debug] [2026-08-01T14:12:30.477Z] Found firebase-functions binary at '/workspace/functions/node_modules/.bin/firebase-functions'
[error] /workspace/functions/node_modules/.bin/firebase-functions: 1: ../firebase-functions/lib/bin/firebase-functions.js: not found

[debug] [2026-08-01T14:12:34.701Z] File /workspace/functions/src/__tests__/index.test.ts changed, reloading triggers {"metadata":{"emulator":{"name":"functions"},"message":"File /workspace/functions/src/__tests__/index.test.ts changed, reloading triggers"}}
[debug] [2026-08-01T14:12:35.703Z] Validating nodejs source
[warn] ⚠  functions: package.json indicates an outdated version of firebase-functions. Please upgrade using npm install --save firebase-functions@latest in your functions directory. 
[warn] ⚠  functions: Please note that there will be breaking changes when you upgrade. 
[debug] [2026-08-01T14:12:36.869Z] > [functions] package.json contents: {
  "name": "functions",
  "scripts": {
    "build": "tsc",
    "build:watch": "tsc --watch",
    "serve": "npm run build && firebase emulators:start --only functions",
    "shell": "npm run build && firebase functions:shell",
    "start": "npm run shell",
    "deploy": "firebase deploy --only functions",
    "logs": "firebase functions:log",
    "test": "jest"
  },
  "engines": {
    "node": "20"
  },
  "main": "lib/index.js",
  "dependencies": {
    "firebase-admin": "^11.0.0",
    "firebase-functions": "^4.9.0"
  },
  "devDependencies": {
    "@types/jest": "^30.0.0",
    "firebase-functions-test": "^3.1.0",
    "jest": "^30.4.2",
    "ts-jest": "^29.4.12",
    "typescript": "^5.0.0"
  },
  "private": true
}
[debug] [2026-08-01T14:12:36.870Z] Building nodejs source
[debug] [2026-08-01T14:12:36.870Z] Failed to find version of module node: reached end of search path /workspace/functions/node_modules
[info] ✔  functions: Using node@20 from host. 
[info] i  functions: You are using a version of firebase-functions SDK (4.9.0) that does not have support for the newest Firebase Extensions features. Please update firebase-functions SDK to >=5.1.0 to use them correctly 
[debug] [2026-08-01T14:12:36.873Z] Could not find functions.yaml. Must use http discovery
[debug] [2026-08-01T14:12:36.875Z] Found firebase-functions binary at '/workspace/functions/node_modules/.bin/firebase-functions'
[error] /workspace/functions/node_modules/.bin/firebase-functions: 1: ../firebase-functions/lib/bin/firebase-functions.js: not found

[debug] [2026-08-01T14:12:40.575Z] Failed to call quitquitquit. This often means the server failed to start request to http://localhost:8129/__/quitquitquit failed, reason: connect ECONNREFUSED 127.0.0.1:8129 {"message":"request to http://localhost:8129/__/quitquitquit failed, reason: connect ECONNREFUSED 127.0.0.1:8129","type":"system","errno":"ECONNREFUSED","code":"ECONNREFUSED"}
[debug] [2026-08-01T14:12:46.903Z] Failed to call quitquitquit. This often means the server failed to start request to http://localhost:8454/__/quitquitquit failed, reason: connect ECONNREFUSED 127.0.0.1:8454 {"message":"request to http://localhost:8454/__/quitquitquit failed, reason: connect ECONNREFUSED 127.0.0.1:8454","type":"system","errno":"ECONNREFUSED","code":"ECONNREFUSED"}
[debug] [2026-08-01T14:26:27.532Z] Aug 01, 2026 2:26:27 PM io.gapi.emulators.netty.HttpVersionRoutingHandler channelRead
INFO: Detected HTTP/2 connection.
 {"metadata":{"emulator":{"name":"firestore"},"message":"Aug 01, 2026 2:26:27 PM io.gapi.emulators.netty.HttpVersionRoutingHandler channelRead\nINFO: Detected HTTP/2 connection.\n"}}
[debug] [2026-08-01T14:26:27.684Z] Multiple projectIds are not recommended in single project mode. Requested project ID wildwatch-82abc, but the emulator is configured for demo-wildwatch-local. To opt-out of single project mode add/set the '"singleProjectMode": false' property in the firebase.json emulators config.
 {"metadata":{"emulator":{"name":"firestore"},"message":"Multiple projectIds are not recommended in single project mode. Requested project ID wildwatch-82abc, but the emulator is configured for demo-wildwatch-local. To opt-out of single project mode add/set the '\"singleProjectMode\": false' property in the firebase.json emulators config.\n"}}
[debug] [2026-08-01T14:27:58.674Z] Aug 01, 2026 2:27:58 PM io.gapi.emulators.netty.HttpVersionRoutingHandler channelRead
INFO: Detected HTTP/2 connection.
 {"metadata":{"emulator":{"name":"firestore"},"message":"Aug 01, 2026 2:27:58 PM io.gapi.emulators.netty.HttpVersionRoutingHandler channelRead\nINFO: Detected HTTP/2 connection.\n"}}
[debug] [2026-08-01T14:27:59.163Z] Multiple projectIds are not recommended in single project mode. Requested project ID wildwatch-82abc, but the emulator is configured for demo-wildwatch-local. To opt-out of single project mode add/set the '"singleProjectMode": false' property in the firebase.json emulators config.
 {"metadata":{"emulator":{"name":"firestore"},"message":"Multiple projectIds are not recommended in single project mode. Requested project ID wildwatch-82abc, but the emulator is configured for demo-wildwatch-local. To opt-out of single project mode add/set the '\"singleProjectMode\": false' property in the firebase.json emulators config.\n"}}
[debug] [2026-08-01T14:31:24.163Z] Aug 01, 2026 2:31:24 PM io.gapi.emulators.netty.HttpVersionRoutingHandler channelRead
INFO: Detected HTTP/2 connection.
 {"metadata":{"emulator":{"name":"firestore"},"message":"Aug 01, 2026 2:31:24 PM io.gapi.emulators.netty.HttpVersionRoutingHandler channelRead\nINFO: Detected HTTP/2 connection.\n"}}
[debug] [2026-08-01T14:31:24.921Z] Multiple projectIds are not recommended in single project mode. Requested project ID wildwatch-82abc, but the emulator is configured for demo-wildwatch-local. To opt-out of single project mode add/set the '"singleProjectMode": false' property in the firebase.json emulators config.
 {"metadata":{"emulator":{"name":"firestore"},"message":"Multiple projectIds are not recommended in single project mode. Requested project ID wildwatch-82abc, but the emulator is configured for demo-wildwatch-local. To opt-out of single project mode add/set the '\"singleProjectMode\": false' property in the firebase.json emulators config.\n"}}
[debug] [2026-08-01T14:32:56.270Z] Aug 01, 2026 2:32:56 PM io.gapi.emulators.netty.HttpVersionRoutingHandler channelRead
INFO: Detected HTTP/2 connection.
 {"metadata":{"emulator":{"name":"firestore"},"message":"Aug 01, 2026 2:32:56 PM io.gapi.emulators.netty.HttpVersionRoutingHandler channelRead\nINFO: Detected HTTP/2 connection.\n"}}
[debug] [2026-08-01T14:32:56.848Z] Multiple projectIds are not recommended in single project mode. Requested project ID wildwatch-82abc, but the emulator is configured for demo-wildwatch-local. To opt-out of single project mode add/set the '"singleProjectMode": false' property in the firebase.json emulators config.
 {"metadata":{"emulator":{"name":"firestore"},"message":"Multiple projectIds are not recommended in single project mode. Requested project ID wildwatch-82abc, but the emulator is configured for demo-wildwatch-local. To opt-out of single project mode add/set the '\"singleProjectMode\": false' property in the firebase.json emulators config.\n"}}
[debug] [2026-08-01T14:35:57.411Z] Aug 01, 2026 2:35:57 PM io.gapi.emulators.netty.HttpVersionRoutingHandler channelRead
INFO: Detected HTTP/2 connection.
 {"metadata":{"emulator":{"name":"firestore"},"message":"Aug 01, 2026 2:35:57 PM io.gapi.emulators.netty.HttpVersionRoutingHandler channelRead\nINFO: Detected HTTP/2 connection.\n"}}
[debug] [2026-08-01T14:35:57.922Z] Multiple projectIds are not recommended in single project mode. Requested project ID wildwatch-82abc, but the emulator is configured for demo-wildwatch-local. To opt-out of single project mode add/set the '"singleProjectMode": false' property in the firebase.json emulators config.
 {"metadata":{"emulator":{"name":"firestore"},"message":"Multiple projectIds are not recommended in single project mode. Requested project ID wildwatch-82abc, but the emulator is configured for demo-wildwatch-local. To opt-out of single project mode add/set the '\"singleProjectMode\": false' property in the firebase.json emulators config.\n"}}
[debug] [2026-08-01T14:37:34.657Z] Multiple projectIds are not recommended in single project mode. Requested project ID wildwatch-82abc, but the emulator is configured for demo-wildwatch-local. To opt-out of single project mode add/set the '"singleProjectMode": false' property in the firebase.json emulators config.
 {"metadata":{"emulator":{"name":"firestore"},"message":"Multiple projectIds are not recommended in single project mode. Requested project ID wildwatch-82abc, but the emulator is configured for demo-wildwatch-local. To opt-out of single project mode add/set the '\"singleProjectMode\": false' property in the firebase.json emulators config.\n"}}
[debug] [2026-08-01T14:40:10.398Z] Aug 01, 2026 2:40:10 PM io.gapi.emulators.netty.HttpVersionRoutingHandler channelRead
INFO: Detected HTTP/2 connection.
 {"metadata":{"emulator":{"name":"firestore"},"message":"Aug 01, 2026 2:40:10 PM io.gapi.emulators.netty.HttpVersionRoutingHandler channelRead\nINFO: Detected HTTP/2 connection.\n"}}
[debug] [2026-08-01T14:40:10.518Z] Multiple projectIds are not recommended in single project mode. Requested project ID wildwatch-82abc, but the emulator is configured for demo-wildwatch-local. To opt-out of single project mode add/set the '"singleProjectMode": false' property in the firebase.json emulators config.
 {"metadata":{"emulator":{"name":"firestore"},"message":"Multiple projectIds are not recommended in single project mode. Requested project ID wildwatch-82abc, but the emulator is configured for demo-wildwatch-local. To opt-out of single project mode add/set the '\"singleProjectMode\": false' property in the firebase.json emulators config.\n"}}
[debug] [2026-08-01T14:41:41.358Z] Aug 01, 2026 2:41:41 PM io.gapi.emulators.netty.HttpVersionRoutingHandler channelRead
INFO: Detected HTTP/2 connection.
 {"metadata":{"emulator":{"name":"firestore"},"message":"Aug 01, 2026 2:41:41 PM io.gapi.emulators.netty.HttpVersionRoutingHandler channelRead\nINFO: Detected HTTP/2 connection.\n"}}
[debug] [2026-08-01T14:41:41.867Z] Multiple projectIds are not recommended in single project mode. Requested project ID wildwatch-82abc, but the emulator is configured for demo-wildwatch-local. To opt-out of single project mode add/set the '"singleProjectMode": false' property in the firebase.json emulators config.
 {"metadata":{"emulator":{"name":"firestore"},"message":"Multiple projectIds are not recommended in single project mode. Requested project ID wildwatch-82abc, but the emulator is configured for demo-wildwatch-local. To opt-out of single project mode add/set the '\"singleProjectMode\": false' property in the firebase.json emulators config.\n"}}
[debug] [2026-08-01T14:44:27.385Z] Multiple projectIds are not recommended in single project mode. Requested project ID wildwatch-82abc, but the emulator is configured for demo-wildwatch-local. To opt-out of single project mode add/set the '"singleProjectMode": false' property in the firebase.json emulators config.
 {"metadata":{"emulator":{"name":"firestore"},"message":"Multiple projectIds are not recommended in single project mode. Requested project ID wildwatch-82abc, but the emulator is configured for demo-wildwatch-local. To opt-out of single project mode add/set the '\"singleProjectMode\": false' property in the firebase.json emulators config.\n"}}
[debug] [2026-08-01T14:44:29.612Z] Aug 01, 2026 2:44:29 PM com.google.cloud.datastore.emulator.impl.util.WrappedStreamObserver onError
WARNING: Operation failed: 
Property role is undefined on object. for 'create' @ L64, Property role is undefined on object. for 'update' @ L65, Property role is undefined on object. for 'create' @ L64
com.google.cloud.datastore.core.exception.DatastoreException: 
Property role is undefined on object. for 'create' @ L64, Property role is undefined on object. for 'update' @ L65, Property role is undefined on object. for 'create' @ L64
	at com.google.cloud.datastore.core.exception.DatastoreException$Builder.build(DatastoreException.java:121)
	at com.google.cloud.datastore.emulator.impl.rules.DefaultEmulatorRulesAuthorizer.verboseError(DefaultEmulatorRulesAuthorizer.java:318)
	at com.google.cloud.datastore.emulator.impl.rules.DefaultEmulatorRulesAuthorizer.withVerboseErrors(DefaultEmulatorRulesAuthorizer.java:295)
	at com.google.cloud.datastore.emulator.impl.rules.DefaultEmulatorRulesAuthorizer.checkCommit(DefaultEmulatorRulesAuthorizer.java:114)
	at com.google.cloud.datastore.emulator.impl.firestore.FirestoreEmulatorHelper.commitHelper(FirestoreEmulatorHelper.java:360)
	at com.google.cloud.datastore.emulator.impl.firestore.FirestoreEmulatorHelper.internalCommit(FirestoreEmulatorHelper.java:314)
	at com.google.cloud.datastore.emulator.impl.firestore.CloudFirestoreV1.internalCommit(CloudFirestoreV1.java:1077)
	at com.google.cloud.datastore.emulator.impl.firestore.CloudFirestoreV1.write(CloudFirestoreV1.java:1065)
	at com.google.cloud.datastore.emulator.impl.firestore.CloudFirestoreV1WriteStream.handleRequest(CloudFirestoreV1WriteStream.java:218)
	at com.google.cloud.datastore.emulator.impl.firestore.CloudFirestoreV1WriteStream.write(CloudFirestoreV1WriteStream.java:140)
	at com.google.cloud.datastore.emulator.impl.firestore.CloudFirestoreV1WriteStream.onNext(CloudFirestoreV1WriteStream.java:95)
	at com.google.cloud.datastore.emulator.impl.firestore.CloudFirestoreV1WriteStream.onNext(CloudFirestoreV1WriteStream.java:27)
	at io.grpc.stub.ServerCalls$StreamingServerCallHandler$StreamingServerCallListener.onMessage(ServerCalls.java:262)
	at io.grpc.ForwardingServerCallListener.onMessage(ForwardingServerCallListener.java:33)
	at io.grpc.Contexts$ContextualizedServerCallListener.onMessage(Contexts.java:76)
	at io.grpc.ForwardingServerCallListener.onMessage(ForwardingServerCallListener.java:33)
	at io.grpc.Contexts$ContextualizedServerCallListener.onMessage(Contexts.java:76)
	at io.grpc.internal.ServerCallImpl$ServerStreamListenerImpl.messagesAvailableInternal(ServerCallImpl.java:334)
	at io.grpc.internal.ServerCallImpl$ServerStreamListenerImpl.messagesAvailable(ServerCallImpl.java:319)
	at io.grpc.internal.ServerImpl$JumpToApplicationThreadServerStreamListener$1MessagesAvailable.runInContext(ServerImpl.java:834)
	at io.grpc.internal.ContextRunnable.run(ContextRunnable.java:37)
	at io.grpc.internal.SerializingExecutor.run(SerializingExecutor.java:133)
	at java.base/java.util.concurrent.ThreadPoolExecutor.runWorker(ThreadPoolExecutor.java:1136)
	at java.base/java.util.concurrent.ThreadPoolExecutor$Worker.run(ThreadPoolExecutor.java:635)
	at java.base/java.lang.Thread.run(Thread.java:840)
Caused by: com.google.firebase.rules.runtime.common.EvaluationException: Error: /workspace/firestore.rules line [12], column [14]. Property role is undefined on object.
	at com.google.firebase.rules.runtime.impl.DefaultEvaluator$TransformEvaluationException.apply(DefaultEvaluator.java:275)
	at com.google.firebase.rules.runtime.impl.DefaultEvaluator$TransformEvaluationException.apply(DefaultEvaluator.java:261)
	at com.google.common.util.concurrent.AbstractCatchingFuture$AsyncCatchingFuture.doFallback(AbstractCatchingFuture.java:211)
	at com.google.common.util.concurrent.AbstractCatchingFuture$AsyncCatchingFuture.doFallback(AbstractCatchingFuture.java:198)
	at com.google.common.util.concurrent.AbstractCatchingFuture.run(AbstractCatchingFuture.java:140)
	at com.google.common.util.concurrent.DirectExecutor.execute(DirectExecutor.java:32)
	at com.google.common.util.concurrent.AbstractFuture.executeListener(AbstractFuture.java:1306)
	at com.google.common.util.concurrent.AbstractFuture.addListener(AbstractFuture.java:767)
	at com.google.common.util.concurrent.FluentFuture$TrustedFuture.addListener(FluentFuture.java:122)
	at com.google.common.util.concurrent.AbstractCatchingFuture.createAsync(AbstractCatchingFuture.java:63)
	at com.google.common.util.concurrent.Futures.catchingAsync(Futures.java:413)
	at com.google.firebase.rules.runtime.impl.DefaultEvaluator.evaluate(DefaultEvaluator.java:177)
	at com.google.cloud.datastore.emulator.impl.rules.EmulatorRuleClient$EmulatorRuleEvaluator.evaluate(EmulatorRuleClient.java:88)
	at com.google.cloud.datastore.core.auth.rules.AsyncTwoPhaseRulesAuthorizer.lambda$fullEvaluate$12(AsyncTwoPhaseRulesAuthorizer.java:952)
	at com.google.cloud.datastore.computation.Computation.tryCatch(Computation.java:416)
	at com.google.cloud.datastore.core.auth.rules.AsyncTwoPhaseRulesAuthorizer.fullEvaluate(AsyncTwoPhaseRulesAuthorizer.java:951)
	at com.google.cloud.datastore.core.auth.rules.AsyncTwoPhaseRulesAuthorizer$CommitAuthorizerImpl.lambda$checkWrite$1(AsyncTwoPhaseRulesAuthorizer.java:1192)
	at com.google.cloud.datastore.computation.Computation.lambda$tryClose$27(Computation.java:685)
	at com.google.cloud.datastore.computation.Computation.tryCatch(Computation.java:416)
	at com.google.cloud.datastore.computation.Computation.tryFinally(Computation.java:652)
	at com.google.cloud.datastore.computation.Computation.tryFinally(Computation.java:658)
	at com.google.cloud.datastore.computation.Computation.tryClose(Computation.java:685)
	at com.google.cloud.datastore.core.auth.rules.AsyncTwoPhaseRulesAuthorizer$CommitAuthorizerImpl.checkWrite(AsyncTwoPhaseRulesAuthorizer.java:1161)
	at com.google.cloud.datastore.emulator.impl.rules.DefaultEmulatorRulesAuthorizer.lambda$checkCommit$0(DefaultEmulatorRulesAuthorizer.java:124)
	at com.google.cloud.datastore.emulator.impl.rules.DefaultEmulatorRulesAuthorizer.withVerboseErrors(DefaultEmulatorRulesAuthorizer.java:290)
	... 22 more

 {"metadata":{"emulator":{"name":"firestore"},"message":"Aug 01, 2026 2:44:29 PM com.google.cloud.datastore.emulator.impl.util.WrappedStreamObserver onError\nWARNING: Operation failed: \nProperty role is undefined on object. for 'create' @ L64, Property role is undefined on object. for 'update' @ L65, Property role is undefined on object. for 'create' @ L64\ncom.google.cloud.datastore.core.exception.DatastoreException: \nProperty role is undefined on object. for 'create' @ L64, Property role is undefined on object. for 'update' @ L65, Property role is undefined on object. for 'create' @ L64\n\tat com.google.cloud.datastore.core.exception.DatastoreException$Builder.build(DatastoreException.java:121)\n\tat com.google.cloud.datastore.emulator.impl.rules.DefaultEmulatorRulesAuthorizer.verboseError(DefaultEmulatorRulesAuthorizer.java:318)\n\tat com.google.cloud.datastore.emulator.impl.rules.DefaultEmulatorRulesAuthorizer.withVerboseErrors(DefaultEmulatorRulesAuthorizer.java:295)\n\tat com.google.cloud.datastore.emulator.impl.rules.DefaultEmulatorRulesAuthorizer.checkCommit(DefaultEmulatorRulesAuthorizer.java:114)\n\tat com.google.cloud.datastore.emulator.impl.firestore.FirestoreEmulatorHelper.commitHelper(FirestoreEmulatorHelper.java:360)\n\tat com.google.cloud.datastore.emulator.impl.firestore.FirestoreEmulatorHelper.internalCommit(FirestoreEmulatorHelper.java:314)\n\tat com.google.cloud.datastore.emulator.impl.firestore.CloudFirestoreV1.internalCommit(CloudFirestoreV1.java:1077)\n\tat com.google.cloud.datastore.emulator.impl.firestore.CloudFirestoreV1.write(CloudFirestoreV1.java:1065)\n\tat com.google.cloud.datastore.emulator.impl.firestore.CloudFirestoreV1WriteStream.handleRequest(CloudFirestoreV1WriteStream.java:218)\n\tat com.google.cloud.datastore.emulator.impl.firestore.CloudFirestoreV1WriteStream.write(CloudFirestoreV1WriteStream.java:140)\n\tat com.google.cloud.datastore.emulator.impl.firestore.CloudFirestoreV1WriteStream.onNext(CloudFirestoreV1WriteStream.java:95)\n\tat com.google.cloud.datastore.emulator.impl.firestore.CloudFirestoreV1WriteStream.onNext(CloudFirestoreV1WriteStream.java:27)\n\tat io.grpc.stub.ServerCalls$StreamingServerCallHandler$StreamingServerCallListener.onMessage(ServerCalls.java:262)\n\tat io.grpc.ForwardingServerCallListener.onMessage(ForwardingServerCallListener.java:33)\n\tat io.grpc.Contexts$ContextualizedServerCallListener.onMessage(Contexts.java:76)\n\tat io.grpc.ForwardingServerCallListener.onMessage(ForwardingServerCallListener.java:33)\n\tat io.grpc.Contexts$ContextualizedServerCallListener.onMessage(Contexts.java:76)\n\tat io.grpc.internal.ServerCallImpl$ServerStreamListenerImpl.messagesAvailableInternal(ServerCallImpl.java:334)\n\tat io.grpc.internal.ServerCallImpl$ServerStreamListenerImpl.messagesAvailable(ServerCallImpl.java:319)\n\tat io.grpc.internal.ServerImpl$JumpToApplicationThreadServerStreamListener$1MessagesAvailable.runInContext(ServerImpl.java:834)\n\tat io.grpc.internal.ContextRunnable.run(ContextRunnable.java:37)\n\tat io.grpc.internal.SerializingExecutor.run(SerializingExecutor.java:133)\n\tat java.base/java.util.concurrent.ThreadPoolExecutor.runWorker(ThreadPoolExecutor.java:1136)\n\tat java.base/java.util.concurrent.ThreadPoolExecutor$Worker.run(ThreadPoolExecutor.java:635)\n\tat java.base/java.lang.Thread.run(Thread.java:840)\nCaused by: com.google.firebase.rules.runtime.common.EvaluationException: Error: /workspace/firestore.rules line [12], column [14]. Property role is undefined on object.\n\tat com.google.firebase.rules.runtime.impl.DefaultEvaluator$TransformEvaluationException.apply(DefaultEvaluator.java:275)\n\tat com.google.firebase.rules.runtime.impl.DefaultEvaluator$TransformEvaluationException.apply(DefaultEvaluator.java:261)\n\tat com.google.common.util.concurrent.AbstractCatchingFuture$AsyncCatchingFuture.doFallback(AbstractCatchingFuture.java:211)\n\tat com.google.common.util.concurrent.AbstractCatchingFuture$AsyncCatchingFuture.doFallback(AbstractCatchingFuture.java:198)\n\tat com.google.common.util.concurrent.AbstractCatchingFuture.run(AbstractCatchingFuture.java:140)\n\tat com.google.common.util.concurrent.DirectExecutor.execute(DirectExecutor.java:32)\n\tat com.google.common.util.concurrent.AbstractFuture.executeListener(AbstractFuture.java:1306)\n\tat com.google.common.util.concurrent.AbstractFuture.addListener(AbstractFuture.java:767)\n\tat com.google.common.util.concurrent.FluentFuture$TrustedFuture.addListener(FluentFuture.java:122)\n\tat com.google.common.util.concurrent.AbstractCatchingFuture.createAsync(AbstractCatchingFuture.java:63)\n\tat com.google.common.util.concurrent.Futures.catchingAsync(Futures.java:413)\n\tat com.google.firebase.rules.runtime.impl.DefaultEvaluator.evaluate(DefaultEvaluator.java:177)\n\tat com.google.cloud.datastore.emulator.impl.rules.EmulatorRuleClient$EmulatorRuleEvaluator.evaluate(EmulatorRuleClient.java:88)\n\tat com.google.cloud.datastore.core.auth.rules.AsyncTwoPhaseRulesAuthorizer.lambda$fullEvaluate$12(AsyncTwoPhaseRulesAuthorizer.java:952)\n\tat com.google.cloud.datastore.computation.Computation.tryCatch(Computation.java:416)\n\tat com.google.cloud.datastore.core.auth.rules.AsyncTwoPhaseRulesAuthorizer.fullEvaluate(AsyncTwoPhaseRulesAuthorizer.java:951)\n\tat com.google.cloud.datastore.core.auth.rules.AsyncTwoPhaseRulesAuthorizer$CommitAuthorizerImpl.lambda$checkWrite$1(AsyncTwoPhaseRulesAuthorizer.java:1192)\n\tat com.google.cloud.datastore.computation.Computation.lambda$tryClose$27(Computation.java:685)\n\tat com.google.cloud.datastore.computation.Computation.tryCatch(Computation.java:416)\n\tat com.google.cloud.datastore.computation.Computation.tryFinally(Computation.java:652)\n\tat com.google.cloud.datastore.computation.Computation.tryFinally(Computation.java:658)\n\tat com.google.cloud.datastore.computation.Computation.tryClose(Computation.java:685)\n\tat com.google.cloud.datastore.core.auth.rules.AsyncTwoPhaseRulesAuthorizer$CommitAuthorizerImpl.checkWrite(AsyncTwoPhaseRulesAuthorizer.java:1161)\n\tat com.google.cloud.datastore.emulator.impl.rules.DefaultEmulatorRulesAuthorizer.lambda$checkCommit$0(DefaultEmulatorRulesAuthorizer.java:124)\n\tat com.google.cloud.datastore.emulator.impl.rules.DefaultEmulatorRulesAuthorizer.withVerboseErrors(DefaultEmulatorRulesAuthorizer.java:290)\n\t... 22 more\n\n"}}
[debug] [2026-08-01T14:44:59.751Z] Multiple projectIds are not recommended in single project mode. Requested project ID wildwatch-82abc, but the emulator is configured for demo-wildwatch-local. To opt-out of single project mode add/set the '"singleProjectMode": false' property in the firebase.json emulators config.
 {"metadata":{"emulator":{"name":"firestore"},"message":"Multiple projectIds are not recommended in single project mode. Requested project ID wildwatch-82abc, but the emulator is configured for demo-wildwatch-local. To opt-out of single project mode add/set the '\"singleProjectMode\": false' property in the firebase.json emulators config.\n"}}
[debug] [2026-08-01T14:44:59.807Z] Aug 01, 2026 2:44:59 PM com.google.cloud.datastore.emulator.impl.util.WrappedStreamObserver onError
WARNING: Operation failed: 
Property role is undefined on object. for 'create' @ L64, Property role is undefined on object. for 'update' @ L65, Property role is undefined on object. for 'create' @ L64
com.google.cloud.datastore.core.exception.DatastoreException: 
Property role is undefined on object. for 'create' @ L64, Property role is undefined on object. for 'update' @ L65, Property role is undefined on object. for 'create' @ L64
	at com.google.cloud.datastore.core.exception.DatastoreException$Builder.build(DatastoreException.java:121)
	at com.google.cloud.datastore.emulator.impl.rules.DefaultEmulatorRulesAuthorizer.verboseError(DefaultEmulatorRulesAuthorizer.java:318)
	at com.google.cloud.datastore.emulator.impl.rules.DefaultEmulatorRulesAuthorizer.withVerboseErrors(DefaultEmulatorRulesAuthorizer.java:295)
	at com.google.cloud.datastore.emulator.impl.rules.DefaultEmulatorRulesAuthorizer.checkCommit(DefaultEmulatorRulesAuthorizer.java:114)
	at com.google.cloud.datastore.emulator.impl.firestore.FirestoreEmulatorHelper.commitHelper(FirestoreEmulatorHelper.java:360)
	at com.google.cloud.datastore.emulator.impl.firestore.FirestoreEmulatorHelper.internalCommit(FirestoreEmulatorHelper.java:314)
	at com.google.cloud.datastore.emulator.impl.firestore.CloudFirestoreV1.internalCommit(CloudFirestoreV1.java:1077)
	at com.google.cloud.datastore.emulator.impl.firestore.CloudFirestoreV1.write(CloudFirestoreV1.java:1065)
	at com.google.cloud.datastore.emulator.impl.firestore.CloudFirestoreV1WriteStream.handleRequest(CloudFirestoreV1WriteStream.java:218)
	at com.google.cloud.datastore.emulator.impl.firestore.CloudFirestoreV1WriteStream.write(CloudFirestoreV1WriteStream.java:140)
	at com.google.cloud.datastore.emulator.impl.firestore.CloudFirestoreV1WriteStream.onNext(CloudFirestoreV1WriteStream.java:95)
	at com.google.cloud.datastore.emulator.impl.firestore.CloudFirestoreV1WriteStream.onNext(CloudFirestoreV1WriteStream.java:27)
	at io.grpc.stub.ServerCalls$StreamingServerCallHandler$StreamingServerCallListener.onMessage(ServerCalls.java:262)
	at io.grpc.ForwardingServerCallListener.onMessage(ForwardingServerCallListener.java:33)
	at io.grpc.Contexts$ContextualizedServerCallListener.onMessage(Contexts.java:76)
	at io.grpc.ForwardingServerCallListener.onMessage(ForwardingServerCallListener.java:33)
	at io.grpc.Contexts$ContextualizedServerCallListener.onMessage(Contexts.java:76)
	at io.grpc.internal.ServerCallImpl$ServerStreamListenerImpl.messagesAvailableInternal(ServerCallImpl.java:334)
	at io.grpc.internal.ServerCallImpl$ServerStreamListenerImpl.messagesAvailable(ServerCallImpl.java:319)
	at io.grpc.internal.ServerImpl$JumpToApplicationThreadServerStreamListener$1MessagesAvailable.runInContext(ServerImpl.java:834)
	at io.grpc.internal.ContextRunnable.run(ContextRunnable.java:37)
	at io.grpc.internal.SerializingExecutor.run(SerializingExecutor.java:133)
	at java.base/java.util.concurrent.ThreadPoolExecutor.runWorker(ThreadPoolExecutor.java:1136)
	at java.base/java.util.concurrent.ThreadPoolExecutor$Worker.run(ThreadPoolExecutor.java:635)
	at java.base/java.lang.Thread.run(Thread.java:840)
Caused by: com.google.firebase.rules.runtime.common.EvaluationException: Error: /workspace/firestore.rules line [12], column [14]. Property role is undefined on object.
	at com.google.firebase.rules.runtime.impl.DefaultEvaluator$TransformEvaluationException.apply(DefaultEvaluator.java:275)
	at com.google.firebase.rules.runtime.impl.DefaultEvaluator$TransformEvaluationException.apply(DefaultEvaluator.java:261)
	at com.google.common.util.concurrent.AbstractCatchingFuture$AsyncCatchingFuture.doFallback(AbstractCatchingFuture.java:211)
	at com.google.common.util.concurrent.AbstractCatchingFuture$AsyncCatchingFuture.doFallback(AbstractCatchingFuture.java:198)
	at com.google.common.util.concurrent.AbstractCatchingFuture.run(AbstractCatchingFuture.java:140)
	at com.google.common.util.concurrent.DirectExecutor.execute(DirectExecutor.java:32)
	at com.google.common.util.concurrent.AbstractFuture.executeListener(AbstractFuture.java:1306)
	at com.google.common.util.concurrent.AbstractFuture.addListener(AbstractFuture.java:767)
	at com.google.common.util.concurrent.FluentFuture$TrustedFuture.addListener(FluentFuture.java:122)
	at com.google.common.util.concurrent.AbstractCatchingFuture.createAsync(AbstractCatchingFuture.java:63)
	at com.google.common.util.concurrent.Futures.catchingAsync(Futures.java:413)
	at com.google.firebase.rules.runtime.impl.DefaultEvaluator.evaluate(DefaultEvaluator.java:177)
	at com.google.cloud.datastore.emulator.impl.rules.EmulatorRuleClient$EmulatorRuleEvaluator.evaluate(EmulatorRuleClient.java:88)
	at com.google.cloud.datastore.core.auth.rules.AsyncTwoPhaseRulesAuthorizer.lambda$fullEvaluate$12(AsyncTwoPhaseRulesAuthorizer.java:952)
	at com.google.cloud.datastore.computation.Computation.tryCatch(Computation.java:416)
	at com.google.cloud.datastore.core.auth.rules.AsyncTwoPhaseRulesAuthorizer.fullEvaluate(AsyncTwoPhaseRulesAuthorizer.java:951)
	at com.google.cloud.datastore.core.auth.rules.AsyncTwoPhaseRulesAuthorizer$CommitAuthorizerImpl.lambda$checkWrite$1(AsyncTwoPhaseRulesAuthorizer.java:1192)
	at com.google.cloud.datastore.computation.Computation.lambda$tryClose$27(Computation.java:685)
	at com.google.cloud.datastore.computation.Computation.tryCatch(Computation.java:416)
	at com.google.cloud.datastore.computation.Computation.tryFinally(Computation.java:652)
	at com.google.cloud.datastore.computation.Computation.tryFinally(Computation.java:658)
	at com.google.cloud.datastore.computation.Computation.tryClose(Computation.java:685)
	at com.google.cloud.datastore.core.auth.rules.AsyncTwoPhaseRulesAuthorizer$CommitAuthorizerImpl.checkWrite(AsyncTwoPhaseRulesAuthorizer.java:1161)
	at com.google.cloud.datastore.emulator.impl.rules.DefaultEmulatorRulesAuthorizer.lambda$checkCommit$0(DefaultEmulatorRulesAuthorizer.java:124)
	at com.google.cloud.datastore.emulator.impl.rules.DefaultEmulatorRulesAuthorizer.withVerboseErrors(DefaultEmulatorRulesAuthorizer.java:290)
	... 22 more

 {"metadata":{"emulator":{"name":"firestore"},"message":"Aug 01, 2026 2:44:59 PM com.google.cloud.datastore.emulator.impl.util.WrappedStreamObserver onError\nWARNING: Operation failed: \nProperty role is undefined on object. for 'create' @ L64, Property role is undefined on object. for 'update' @ L65, Property role is undefined on object. for 'create' @ L64\ncom.google.cloud.datastore.core.exception.DatastoreException: \nProperty role is undefined on object. for 'create' @ L64, Property role is undefined on object. for 'update' @ L65, Property role is undefined on object. for 'create' @ L64\n\tat com.google.cloud.datastore.core.exception.DatastoreException$Builder.build(DatastoreException.java:121)\n\tat com.google.cloud.datastore.emulator.impl.rules.DefaultEmulatorRulesAuthorizer.verboseError(DefaultEmulatorRulesAuthorizer.java:318)\n\tat com.google.cloud.datastore.emulator.impl.rules.DefaultEmulatorRulesAuthorizer.withVerboseErrors(DefaultEmulatorRulesAuthorizer.java:295)\n\tat com.google.cloud.datastore.emulator.impl.rules.DefaultEmulatorRulesAuthorizer.checkCommit(DefaultEmulatorRulesAuthorizer.java:114)\n\tat com.google.cloud.datastore.emulator.impl.firestore.FirestoreEmulatorHelper.commitHelper(FirestoreEmulatorHelper.java:360)\n\tat com.google.cloud.datastore.emulator.impl.firestore.FirestoreEmulatorHelper.internalCommit(FirestoreEmulatorHelper.java:314)\n\tat com.google.cloud.datastore.emulator.impl.firestore.CloudFirestoreV1.internalCommit(CloudFirestoreV1.java:1077)\n\tat com.google.cloud.datastore.emulator.impl.firestore.CloudFirestoreV1.write(CloudFirestoreV1.java:1065)\n\tat com.google.cloud.datastore.emulator.impl.firestore.CloudFirestoreV1WriteStream.handleRequest(CloudFirestoreV1WriteStream.java:218)\n\tat com.google.cloud.datastore.emulator.impl.firestore.CloudFirestoreV1WriteStream.write(CloudFirestoreV1WriteStream.java:140)\n\tat com.google.cloud.datastore.emulator.impl.firestore.CloudFirestoreV1WriteStream.onNext(CloudFirestoreV1WriteStream.java:95)\n\tat com.google.cloud.datastore.emulator.impl.firestore.CloudFirestoreV1WriteStream.onNext(CloudFirestoreV1WriteStream.java:27)\n\tat io.grpc.stub.ServerCalls$StreamingServerCallHandler$StreamingServerCallListener.onMessage(ServerCalls.java:262)\n\tat io.grpc.ForwardingServerCallListener.onMessage(ForwardingServerCallListener.java:33)\n\tat io.grpc.Contexts$ContextualizedServerCallListener.onMessage(Contexts.java:76)\n\tat io.grpc.ForwardingServerCallListener.onMessage(ForwardingServerCallListener.java:33)\n\tat io.grpc.Contexts$ContextualizedServerCallListener.onMessage(Contexts.java:76)\n\tat io.grpc.internal.ServerCallImpl$ServerStreamListenerImpl.messagesAvailableInternal(ServerCallImpl.java:334)\n\tat io.grpc.internal.ServerCallImpl$ServerStreamListenerImpl.messagesAvailable(ServerCallImpl.java:319)\n\tat io.grpc.internal.ServerImpl$JumpToApplicationThreadServerStreamListener$1MessagesAvailable.runInContext(ServerImpl.java:834)\n\tat io.grpc.internal.ContextRunnable.run(ContextRunnable.java:37)\n\tat io.grpc.internal.SerializingExecutor.run(SerializingExecutor.java:133)\n\tat java.base/java.util.concurrent.ThreadPoolExecutor.runWorker(ThreadPoolExecutor.java:1136)\n\tat java.base/java.util.concurrent.ThreadPoolExecutor$Worker.run(ThreadPoolExecutor.java:635)\n\tat java.base/java.lang.Thread.run(Thread.java:840)\nCaused by: com.google.firebase.rules.runtime.common.EvaluationException: Error: /workspace/firestore.rules line [12], column [14]. Property role is undefined on object.\n\tat com.google.firebase.rules.runtime.impl.DefaultEvaluator$TransformEvaluationException.apply(DefaultEvaluator.java:275)\n\tat com.google.firebase.rules.runtime.impl.DefaultEvaluator$TransformEvaluationException.apply(DefaultEvaluator.java:261)\n\tat com.google.common.util.concurrent.AbstractCatchingFuture$AsyncCatchingFuture.doFallback(AbstractCatchingFuture.java:211)\n\tat com.google.common.util.concurrent.AbstractCatchingFuture$AsyncCatchingFuture.doFallback(AbstractCatchingFuture.java:198)\n\tat com.google.common.util.concurrent.AbstractCatchingFuture.run(AbstractCatchingFuture.java:140)\n\tat com.google.common.util.concurrent.DirectExecutor.execute(DirectExecutor.java:32)\n\tat com.google.common.util.concurrent.AbstractFuture.executeListener(AbstractFuture.java:1306)\n\tat com.google.common.util.concurrent.AbstractFuture.addListener(AbstractFuture.java:767)\n\tat com.google.common.util.concurrent.FluentFuture$TrustedFuture.addListener(FluentFuture.java:122)\n\tat com.google.common.util.concurrent.AbstractCatchingFuture.createAsync(AbstractCatchingFuture.java:63)\n\tat com.google.common.util.concurrent.Futures.catchingAsync(Futures.java:413)\n\tat com.google.firebase.rules.runtime.impl.DefaultEvaluator.evaluate(DefaultEvaluator.java:177)\n\tat com.google.cloud.datastore.emulator.impl.rules.EmulatorRuleClient$EmulatorRuleEvaluator.evaluate(EmulatorRuleClient.java:88)\n\tat com.google.cloud.datastore.core.auth.rules.AsyncTwoPhaseRulesAuthorizer.lambda$fullEvaluate$12(AsyncTwoPhaseRulesAuthorizer.java:952)\n\tat com.google.cloud.datastore.computation.Computation.tryCatch(Computation.java:416)\n\tat com.google.cloud.datastore.core.auth.rules.AsyncTwoPhaseRulesAuthorizer.fullEvaluate(AsyncTwoPhaseRulesAuthorizer.java:951)\n\tat com.google.cloud.datastore.core.auth.rules.AsyncTwoPhaseRulesAuthorizer$CommitAuthorizerImpl.lambda$checkWrite$1(AsyncTwoPhaseRulesAuthorizer.java:1192)\n\tat com.google.cloud.datastore.computation.Computation.lambda$tryClose$27(Computation.java:685)\n\tat com.google.cloud.datastore.computation.Computation.tryCatch(Computation.java:416)\n\tat com.google.cloud.datastore.computation.Computation.tryFinally(Computation.java:652)\n\tat com.google.cloud.datastore.computation.Computation.tryFinally(Computation.java:658)\n\tat com.google.cloud.datastore.computation.Computation.tryClose(Computation.java:685)\n\tat com.google.cloud.datastore.core.auth.rules.AsyncTwoPhaseRulesAuthorizer$CommitAuthorizerImpl.checkWrite(AsyncTwoPhaseRulesAuthorizer.java:1161)\n\tat com.google.cloud.datastore.emulator.impl.rules.DefaultEmulatorRulesAuthorizer.lambda$checkCommit$0(DefaultEmulatorRulesAuthorizer.java:124)\n\tat com.google.cloud.datastore.emulator.impl.rules.DefaultEmulatorRulesAuthorizer.withVerboseErrors(DefaultEmulatorRulesAuthorizer.java:290)\n\t... 22 more\n\n"}}
[debug] [2026-08-01T14:46:00.109Z] Multiple projectIds are not recommended in single project mode. Requested project ID wildwatch-82abc, but the emulator is configured for demo-wildwatch-local. To opt-out of single project mode add/set the '"singleProjectMode": false' property in the firebase.json emulators config.
 {"metadata":{"emulator":{"name":"firestore"},"message":"Multiple projectIds are not recommended in single project mode. Requested project ID wildwatch-82abc, but the emulator is configured for demo-wildwatch-local. To opt-out of single project mode add/set the '\"singleProjectMode\": false' property in the firebase.json emulators config.\n"}}
[debug] [2026-08-01T14:46:00.407Z] Aug 01, 2026 2:46:00 PM com.google.cloud.datastore.emulator.impl.util.WrappedStreamObserver onError
WARNING: Operation failed: 
Property role is undefined on object. for 'create' @ L64, Property role is undefined on object. for 'update' @ L65, Property role is undefined on object. for 'create' @ L64
com.google.cloud.datastore.core.exception.DatastoreException: 
Property role is undefined on object. for 'create' @ L64, Property role is undefined on object. for 'update' @ L65, Property role is undefined on object. for 'create' @ L64
	at com.google.cloud.datastore.core.exception.DatastoreException$Builder.build(DatastoreException.java:121)
	at com.google.cloud.datastore.emulator.impl.rules.DefaultEmulatorRulesAuthorizer.verboseError(DefaultEmulatorRulesAuthorizer.java:318)
	at com.google.cloud.datastore.emulator.impl.rules.DefaultEmulatorRulesAuthorizer.withVerboseErrors(DefaultEmulatorRulesAuthorizer.java:295)
	at com.google.cloud.datastore.emulator.impl.rules.DefaultEmulatorRulesAuthorizer.checkCommit(DefaultEmulatorRulesAuthorizer.java:114)
	at com.google.cloud.datastore.emulator.impl.firestore.FirestoreEmulatorHelper.commitHelper(FirestoreEmulatorHelper.java:360)
	at com.google.cloud.datastore.emulator.impl.firestore.FirestoreEmulatorHelper.internalCommit(FirestoreEmulatorHelper.java:314)
	at com.google.cloud.datastore.emulator.impl.firestore.CloudFirestoreV1.internalCommit(CloudFirestoreV1.java:1077)
	at com.google.cloud.datastore.emulator.impl.firestore.CloudFirestoreV1.write(CloudFirestoreV1.java:1065)
	at com.google.cloud.datastore.emulator.impl.firestore.CloudFirestoreV1WriteStream.handleRequest(CloudFirestoreV1WriteStream.java:218)
	at com.google.cloud.datastore.emulator.impl.firestore.CloudFirestoreV1WriteStream.write(CloudFirestoreV1WriteStream.java:140)
	at com.google.cloud.datastore.emulator.impl.firestore.CloudFirestoreV1WriteStream.onNext(CloudFirestoreV1WriteStream.java:95)
	at com.google.cloud.datastore.emulator.impl.firestore.CloudFirestoreV1WriteStream.onNext(CloudFirestoreV1WriteStream.java:27)
	at io.grpc.stub.ServerCalls$StreamingServerCallHandler$StreamingServerCallListener.onMessage(ServerCalls.java:262)
	at io.grpc.ForwardingServerCallListener.onMessage(ForwardingServerCallListener.java:33)
	at io.grpc.Contexts$ContextualizedServerCallListener.onMessage(Contexts.java:76)
	at io.grpc.ForwardingServerCallListener.onMessage(ForwardingServerCallListener.java:33)
	at io.grpc.Contexts$ContextualizedServerCallListener.onMessage(Contexts.java:76)
	at io.grpc.internal.ServerCallImpl$ServerStreamListenerImpl.messagesAvailableInternal(ServerCallImpl.java:334)
	at io.grpc.internal.ServerCallImpl$ServerStreamListenerImpl.messagesAvailable(ServerCallImpl.java:319)
	at io.grpc.internal.ServerImpl$JumpToApplicationThreadServerStreamListener$1MessagesAvailable.runInContext(ServerImpl.java:834)
	at io.grpc.internal.ContextRunnable.run(ContextRunnable.java:37)
	at io.grpc.internal.SerializingExecutor.run(SerializingExecutor.java:133)
	at java.base/java.util.concurrent.ThreadPoolExecutor.runWorker(ThreadPoolExecutor.java:1136)
	at java.base/java.util.concurrent.ThreadPoolExecutor$Worker.run(ThreadPoolExecutor.java:635)
	at java.base/java.lang.Thread.run(Thread.java:840)
Caused by: com.google.firebase.rules.runtime.common.EvaluationException: Error: /workspace/firestore.rules line [12], column [14]. Property role is undefined on object.
	at com.google.firebase.rules.runtime.impl.DefaultEvaluator$TransformEvaluationException.apply(DefaultEvaluator.java:275)
	at com.google.firebase.rules.runtime.impl.DefaultEvaluator$TransformEvaluationException.apply(DefaultEvaluator.java:261)
	at com.google.common.util.concurrent.AbstractCatchingFuture$AsyncCatchingFuture.doFallback(AbstractCatchingFuture.java:211)
	at com.google.common.util.concurrent.AbstractCatchingFuture$AsyncCatchingFuture.doFallback(AbstractCatchingFuture.java:198)
	at com.google.common.util.concurrent.AbstractCatchingFuture.run(AbstractCatchingFuture.java:140)
	at com.google.common.util.concurrent.DirectExecutor.execute(DirectExecutor.java:32)
	at com.google.common.util.concurrent.AbstractFuture.executeListener(AbstractFuture.java:1306)
	at com.google.common.util.concurrent.AbstractFuture.addListener(AbstractFuture.java:767)
	at com.google.common.util.concurrent.FluentFuture$TrustedFuture.addListener(FluentFuture.java:122)
	at com.google.common.util.concurrent.AbstractCatchingFuture.createAsync(AbstractCatchingFuture.java:63)
	at com.google.common.util.concurrent.Futures.catchingAsync(Futures.java:413)
	at com.google.firebase.rules.runtime.impl.DefaultEvaluator.evaluate(DefaultEvaluator.java:177)
	at com.google.cloud.datastore.emulator.impl.rules.EmulatorRuleClient$EmulatorRuleEvaluator.evaluate(EmulatorRuleClient.java:88)
	at com.google.cloud.datastore.core.auth.rules.AsyncTwoPhaseRulesAuthorizer.lambda$fullEvaluate$12(AsyncTwoPhaseRulesAuthorizer.java:952)
	at com.google.cloud.datastore.computation.Computation.tryCatch(Computation.java:416)
	at com.google.cloud.datastore.core.auth.rules.AsyncTwoPhaseRulesAuthorizer.fullEvaluate(AsyncTwoPhaseRulesAuthorizer.java:951)
	at com.google.cloud.datastore.core.auth.rules.AsyncTwoPhaseRulesAuthorizer$CommitAuthorizerImpl.lambda$checkWrite$1(AsyncTwoPhaseRulesAuthorizer.java:1192)
	at com.google.cloud.datastore.computation.Computation.lambda$tryClose$27(Computation.java:685)
	at com.google.cloud.datastore.computation.Computation.tryCatch(Computation.java:416)
	at com.google.cloud.datastore.computation.Computation.tryFinally(Computation.java:652)
	at com.google.cloud.datastore.computation.Computation.tryFinally(Computation.java:658)
	at com.google.cloud.datastore.computation.Computation.tryClose(Computation.java:685)
	at com.google.cloud.datastore.core.auth.rules.AsyncTwoPhaseRulesAuthorizer$CommitAuthorizerImpl.checkWrite(AsyncTwoPhaseRulesAuthorizer.java:1161)
	at com.google.cloud.datastore.emulator.impl.rules.DefaultEmulatorRulesAuthorizer.lambda$checkCommit$0(DefaultEmulatorRulesAuthorizer.java:124)
	at com.google.cloud.datastore.emulator.impl.rules.DefaultEmulatorRulesAuthorizer.withVerboseErrors(DefaultEmulatorRulesAuthorizer.java:290)
	... 22 more

 {"metadata":{"emulator":{"name":"firestore"},"message":"Aug 01, 2026 2:46:00 PM com.google.cloud.datastore.emulator.impl.util.WrappedStreamObserver onError\nWARNING: Operation failed: \nProperty role is undefined on object. for 'create' @ L64, Property role is undefined on object. for 'update' @ L65, Property role is undefined on object. for 'create' @ L64\ncom.google.cloud.datastore.core.exception.DatastoreException: \nProperty role is undefined on object. for 'create' @ L64, Property role is undefined on object. for 'update' @ L65, Property role is undefined on object. for 'create' @ L64\n\tat com.google.cloud.datastore.core.exception.DatastoreException$Builder.build(DatastoreException.java:121)\n\tat com.google.cloud.datastore.emulator.impl.rules.DefaultEmulatorRulesAuthorizer.verboseError(DefaultEmulatorRulesAuthorizer.java:318)\n\tat com.google.cloud.datastore.emulator.impl.rules.DefaultEmulatorRulesAuthorizer.withVerboseErrors(DefaultEmulatorRulesAuthorizer.java:295)\n\tat com.google.cloud.datastore.emulator.impl.rules.DefaultEmulatorRulesAuthorizer.checkCommit(DefaultEmulatorRulesAuthorizer.java:114)\n\tat com.google.cloud.datastore.emulator.impl.firestore.FirestoreEmulatorHelper.commitHelper(FirestoreEmulatorHelper.java:360)\n\tat com.google.cloud.datastore.emulator.impl.firestore.FirestoreEmulatorHelper.internalCommit(FirestoreEmulatorHelper.java:314)\n\tat com.google.cloud.datastore.emulator.impl.firestore.CloudFirestoreV1.internalCommit(CloudFirestoreV1.java:1077)\n\tat com.google.cloud.datastore.emulator.impl.firestore.CloudFirestoreV1.write(CloudFirestoreV1.java:1065)\n\tat com.google.cloud.datastore.emulator.impl.firestore.CloudFirestoreV1WriteStream.handleRequest(CloudFirestoreV1WriteStream.java:218)\n\tat com.google.cloud.datastore.emulator.impl.firestore.CloudFirestoreV1WriteStream.write(CloudFirestoreV1WriteStream.java:140)\n\tat com.google.cloud.datastore.emulator.impl.firestore.CloudFirestoreV1WriteStream.onNext(CloudFirestoreV1WriteStream.java:95)\n\tat com.google.cloud.datastore.emulator.impl.firestore.CloudFirestoreV1WriteStream.onNext(CloudFirestoreV1WriteStream.java:27)\n\tat io.grpc.stub.ServerCalls$StreamingServerCallHandler$StreamingServerCallListener.onMessage(ServerCalls.java:262)\n\tat io.grpc.ForwardingServerCallListener.onMessage(ForwardingServerCallListener.java:33)\n\tat io.grpc.Contexts$ContextualizedServerCallListener.onMessage(Contexts.java:76)\n\tat io.grpc.ForwardingServerCallListener.onMessage(ForwardingServerCallListener.java:33)\n\tat io.grpc.Contexts$ContextualizedServerCallListener.onMessage(Contexts.java:76)\n\tat io.grpc.internal.ServerCallImpl$ServerStreamListenerImpl.messagesAvailableInternal(ServerCallImpl.java:334)\n\tat io.grpc.internal.ServerCallImpl$ServerStreamListenerImpl.messagesAvailable(ServerCallImpl.java:319)\n\tat io.grpc.internal.ServerImpl$JumpToApplicationThreadServerStreamListener$1MessagesAvailable.runInContext(ServerImpl.java:834)\n\tat io.grpc.internal.ContextRunnable.run(ContextRunnable.java:37)\n\tat io.grpc.internal.SerializingExecutor.run(SerializingExecutor.java:133)\n\tat java.base/java.util.concurrent.ThreadPoolExecutor.runWorker(ThreadPoolExecutor.java:1136)\n\tat java.base/java.util.concurrent.ThreadPoolExecutor$Worker.run(ThreadPoolExecutor.java:635)\n\tat java.base/java.lang.Thread.run(Thread.java:840)\nCaused by: com.google.firebase.rules.runtime.common.EvaluationException: Error: /workspace/firestore.rules line [12], column [14]. Property role is undefined on object.\n\tat com.google.firebase.rules.runtime.impl.DefaultEvaluator$TransformEvaluationException.apply(DefaultEvaluator.java:275)\n\tat com.google.firebase.rules.runtime.impl.DefaultEvaluator$TransformEvaluationException.apply(DefaultEvaluator.java:261)\n\tat com.google.common.util.concurrent.AbstractCatchingFuture$AsyncCatchingFuture.doFallback(AbstractCatchingFuture.java:211)\n\tat com.google.common.util.concurrent.AbstractCatchingFuture$AsyncCatchingFuture.doFallback(AbstractCatchingFuture.java:198)\n\tat com.google.common.util.concurrent.AbstractCatchingFuture.run(AbstractCatchingFuture.java:140)\n\tat com.google.common.util.concurrent.DirectExecutor.execute(DirectExecutor.java:32)\n\tat com.google.common.util.concurrent.AbstractFuture.executeListener(AbstractFuture.java:1306)\n\tat com.google.common.util.concurrent.AbstractFuture.addListener(AbstractFuture.java:767)\n\tat com.google.common.util.concurrent.FluentFuture$TrustedFuture.addListener(FluentFuture.java:122)\n\tat com.google.common.util.concurrent.AbstractCatchingFuture.createAsync(AbstractCatchingFuture.java:63)\n\tat com.google.common.util.concurrent.Futures.catchingAsync(Futures.java:413)\n\tat com.google.firebase.rules.runtime.impl.DefaultEvaluator.evaluate(DefaultEvaluator.java:177)\n\tat com.google.cloud.datastore.emulator.impl.rules.EmulatorRuleClient$EmulatorRuleEvaluator.evaluate(EmulatorRuleClient.java:88)\n\tat com.google.cloud.datastore.core.auth.rules.AsyncTwoPhaseRulesAuthorizer.lambda$fullEvaluate$12(AsyncTwoPhaseRulesAuthorizer.java:952)\n\tat com.google.cloud.datastore.computation.Computation.tryCatch(Computation.java:416)\n\tat com.google.cloud.datastore.core.auth.rules.AsyncTwoPhaseRulesAuthorizer.fullEvaluate(AsyncTwoPhaseRulesAuthorizer.java:951)\n\tat com.google.cloud.datastore.core.auth.rules.AsyncTwoPhaseRulesAuthorizer$CommitAuthorizerImpl.lambda$checkWrite$1(AsyncTwoPhaseRulesAuthorizer.java:1192)\n\tat com.google.cloud.datastore.computation.Computation.lambda$tryClose$27(Computation.java:685)\n\tat com.google.cloud.datastore.computation.Computation.tryCatch(Computation.java:416)\n\tat com.google.cloud.datastore.computation.Computation.tryFinally(Computation.java:652)\n\tat com.google.cloud.datastore.computation.Computation.tryFinally(Computation.java:658)\n\tat com.google.cloud.datastore.computation.Computation.tryClose(Computation.java:685)\n\tat com.google.cloud.datastore.core.auth.rules.AsyncTwoPhaseRulesAuthorizer$CommitAuthorizerImpl.checkWrite(AsyncTwoPhaseRulesAuthorizer.java:1161)\n\tat com.google.cloud.datastore.emulator.impl.rules.DefaultEmulatorRulesAuthorizer.lambda$checkCommit$0(DefaultEmulatorRulesAuthorizer.java:124)\n\tat com.google.cloud.datastore.emulator.impl.rules.DefaultEmulatorRulesAuthorizer.withVerboseErrors(DefaultEmulatorRulesAuthorizer.java:290)\n\t... 22 more\n\n"}}
[debug] [2026-08-01T14:46:14.878Z] Multiple projectIds are not recommended in single project mode. Requested project ID wildwatch-82abc, but the emulator is configured for demo-wildwatch-local. To opt-out of single project mode add/set the '"singleProjectMode": false' property in the firebase.json emulators config.
 {"metadata":{"emulator":{"name":"firestore"},"message":"Multiple projectIds are not recommended in single project mode. Requested project ID wildwatch-82abc, but the emulator is configured for demo-wildwatch-local. To opt-out of single project mode add/set the '\"singleProjectMode\": false' property in the firebase.json emulators config.\n"}}
[debug] [2026-08-01T14:46:15.061Z] Aug 01, 2026 2:46:15 PM com.google.cloud.datastore.emulator.impl.util.WrappedStreamObserver onError
WARNING: Operation failed: 
Property role is undefined on object. for 'create' @ L64, Property role is undefined on object. for 'update' @ L65, Property role is undefined on object. for 'create' @ L64
com.google.cloud.datastore.core.exception.DatastoreException: 
Property role is undefined on object. for 'create' @ L64, Property role is undefined on object. for 'update' @ L65, Property role is undefined on object. for 'create' @ L64
	at com.google.cloud.datastore.core.exception.DatastoreException$Builder.build(DatastoreException.java:121)
	at com.google.cloud.datastore.emulator.impl.rules.DefaultEmulatorRulesAuthorizer.verboseError(DefaultEmulatorRulesAuthorizer.java:318)
	at com.google.cloud.datastore.emulator.impl.rules.DefaultEmulatorRulesAuthorizer.withVerboseErrors(DefaultEmulatorRulesAuthorizer.java:295)
	at com.google.cloud.datastore.emulator.impl.rules.DefaultEmulatorRulesAuthorizer.checkCommit(DefaultEmulatorRulesAuthorizer.java:114)
	at com.google.cloud.datastore.emulator.impl.firestore.FirestoreEmulatorHelper.commitHelper(FirestoreEmulatorHelper.java:360)
	at com.google.cloud.datastore.emulator.impl.firestore.FirestoreEmulatorHelper.internalCommit(FirestoreEmulatorHelper.java:314)
	at com.google.cloud.datastore.emulator.impl.firestore.CloudFirestoreV1.internalCommit(CloudFirestoreV1.java:1077)
	at com.google.cloud.datastore.emulator.impl.firestore.CloudFirestoreV1.write(CloudFirestoreV1.java:1065)
	at com.google.cloud.datastore.emulator.impl.firestore.CloudFirestoreV1WriteStream.handleRequest(CloudFirestoreV1WriteStream.java:218)
	at com.google.cloud.datastore.emulator.impl.firestore.CloudFirestoreV1WriteStream.write(CloudFirestoreV1WriteStream.java:140)
	at com.google.cloud.datastore.emulator.impl.firestore.CloudFirestoreV1WriteStream.onNext(CloudFirestoreV1WriteStream.java:95)
	at com.google.cloud.datastore.emulator.impl.firestore.CloudFirestoreV1WriteStream.onNext(CloudFirestoreV1WriteStream.java:27)
	at io.grpc.stub.ServerCalls$StreamingServerCallHandler$StreamingServerCallListener.onMessage(ServerCalls.java:262)
	at io.grpc.ForwardingServerCallListener.onMessage(ForwardingServerCallListener.java:33)
	at io.grpc.Contexts$ContextualizedServerCallListener.onMessage(Contexts.java:76)
	at io.grpc.ForwardingServerCallListener.onMessage(ForwardingServerCallListener.java:33)
	at io.grpc.Contexts$ContextualizedServerCallListener.onMessage(Contexts.java:76)
	at io.grpc.internal.ServerCallImpl$ServerStreamListenerImpl.messagesAvailableInternal(ServerCallImpl.java:334)
	at io.grpc.internal.ServerCallImpl$ServerStreamListenerImpl.messagesAvailable(ServerCallImpl.java:319)
	at io.grpc.internal.ServerImpl$JumpToApplicationThreadServerStreamListener$1MessagesAvailable.runInContext(ServerImpl.java:834)
	at io.grpc.internal.ContextRunnable.run(ContextRunnable.java:37)
	at io.grpc.internal.SerializingExecutor.run(SerializingExecutor.java:133)
	at java.base/java.util.concurrent.ThreadPoolExecutor.runWorker(ThreadPoolExecutor.java:1136)
	at java.base/java.util.concurrent.ThreadPoolExecutor$Worker.run(ThreadPoolExecutor.java:635)
	at java.base/java.lang.Thread.run(Thread.java:840)
Caused by: com.google.firebase.rules.runtime.common.EvaluationException: Error: /workspace/firestore.rules line [12], column [14]. Property role is undefined on object.
	at com.google.firebase.rules.runtime.impl.DefaultEvaluator$TransformEvaluationException.apply(DefaultEvaluator.java:275)
	at com.google.firebase.rules.runtime.impl.DefaultEvaluator$TransformEvaluationException.apply(DefaultEvaluator.java:261)
	at com.google.common.util.concurrent.AbstractCatchingFuture$AsyncCatchingFuture.doFallback(AbstractCatchingFuture.java:211)
	at com.google.common.util.concurrent.AbstractCatchingFuture$AsyncCatchingFuture.doFallback(AbstractCatchingFuture.java:198)
	at com.google.common.util.concurrent.AbstractCatchingFuture.run(AbstractCatchingFuture.java:140)
	at com.google.common.util.concurrent.DirectExecutor.execute(DirectExecutor.java:32)
	at com.google.common.util.concurrent.AbstractFuture.executeListener(AbstractFuture.java:1306)
	at com.google.common.util.concurrent.AbstractFuture.addListener(AbstractFuture.java:767)
	at com.google.common.util.concurrent.FluentFuture$TrustedFuture.addListener(FluentFuture.java:122)
	at com.google.common.util.concurrent.AbstractCatchingFuture.createAsync(AbstractCatchingFuture.java:63)
	at com.google.common.util.concurrent.Futures.catchingAsync(Futures.java:413)
	at com.google.firebase.rules.runtime.impl.DefaultEvaluator.evaluate(DefaultEvaluator.java:177)
	at com.google.cloud.datastore.emulator.impl.rules.EmulatorRuleClient$EmulatorRuleEvaluator.evaluate(EmulatorRuleClient.java:88)
	at com.google.cloud.datastore.core.auth.rules.AsyncTwoPhaseRulesAuthorizer.lambda$fullEvaluate$12(AsyncTwoPhaseRulesAuthorizer.java:952)
	at com.google.cloud.datastore.computation.Computation.tryCatch(Computation.java:416)
	at com.google.cloud.datastore.core.auth.rules.AsyncTwoPhaseRulesAuthorizer.fullEvaluate(AsyncTwoPhaseRulesAuthorizer.java:951)
	at com.google.cloud.datastore.core.auth.rules.AsyncTwoPhaseRulesAuthorizer$CommitAuthorizerImpl.lambda$checkWrite$1(AsyncTwoPhaseRulesAuthorizer.java:1192)
	at com.google.cloud.datastore.computation.Computation.lambda$tryClose$27(Computation.java:685)
	at com.google.cloud.datastore.computation.Computation.tryCatch(Computation.java:416)
	at com.google.cloud.datastore.computation.Computation.tryFinally(Computation.java:652)
	at com.google.cloud.datastore.computation.Computation.tryFinally(Computation.java:658)
	at com.google.cloud.datastore.computation.Computation.tryClose(Computation.java:685)
	at com.google.cloud.datastore.core.auth.rules.AsyncTwoPhaseRulesAuthorizer$CommitAuthorizerImpl.checkWrite(AsyncTwoPhaseRulesAuthorizer.java:1161)
	at com.google.cloud.datastore.emulator.impl.rules.DefaultEmulatorRulesAuthorizer.lambda$checkCommit$0(DefaultEmulatorRulesAuthorizer.java:124)
	at com.google.cloud.datastore.emulator.impl.rules.DefaultEmulatorRulesAuthorizer.withVerboseErrors(DefaultEmulatorRulesAuthorizer.java:290)
	... 22 more

 {"metadata":{"emulator":{"name":"firestore"},"message":"Aug 01, 2026 2:46:15 PM com.google.cloud.datastore.emulator.impl.util.WrappedStreamObserver onError\nWARNING: Operation failed: \nProperty role is undefined on object. for 'create' @ L64, Property role is undefined on object. for 'update' @ L65, Property role is undefined on object. for 'create' @ L64\ncom.google.cloud.datastore.core.exception.DatastoreException: \nProperty role is undefined on object. for 'create' @ L64, Property role is undefined on object. for 'update' @ L65, Property role is undefined on object. for 'create' @ L64\n\tat com.google.cloud.datastore.core.exception.DatastoreException$Builder.build(DatastoreException.java:121)\n\tat com.google.cloud.datastore.emulator.impl.rules.DefaultEmulatorRulesAuthorizer.verboseError(DefaultEmulatorRulesAuthorizer.java:318)\n\tat com.google.cloud.datastore.emulator.impl.rules.DefaultEmulatorRulesAuthorizer.withVerboseErrors(DefaultEmulatorRulesAuthorizer.java:295)\n\tat com.google.cloud.datastore.emulator.impl.rules.DefaultEmulatorRulesAuthorizer.checkCommit(DefaultEmulatorRulesAuthorizer.java:114)\n\tat com.google.cloud.datastore.emulator.impl.firestore.FirestoreEmulatorHelper.commitHelper(FirestoreEmulatorHelper.java:360)\n\tat com.google.cloud.datastore.emulator.impl.firestore.FirestoreEmulatorHelper.internalCommit(FirestoreEmulatorHelper.java:314)\n\tat com.google.cloud.datastore.emulator.impl.firestore.CloudFirestoreV1.internalCommit(CloudFirestoreV1.java:1077)\n\tat com.google.cloud.datastore.emulator.impl.firestore.CloudFirestoreV1.write(CloudFirestoreV1.java:1065)\n\tat com.google.cloud.datastore.emulator.impl.firestore.CloudFirestoreV1WriteStream.handleRequest(CloudFirestoreV1WriteStream.java:218)\n\tat com.google.cloud.datastore.emulator.impl.firestore.CloudFirestoreV1WriteStream.write(CloudFirestoreV1WriteStream.java:140)\n\tat com.google.cloud.datastore.emulator.impl.firestore.CloudFirestoreV1WriteStream.onNext(CloudFirestoreV1WriteStream.java:95)\n\tat com.google.cloud.datastore.emulator.impl.firestore.CloudFirestoreV1WriteStream.onNext(CloudFirestoreV1WriteStream.java:27)\n\tat io.grpc.stub.ServerCalls$StreamingServerCallHandler$StreamingServerCallListener.onMessage(ServerCalls.java:262)\n\tat io.grpc.ForwardingServerCallListener.onMessage(ForwardingServerCallListener.java:33)\n\tat io.grpc.Contexts$ContextualizedServerCallListener.onMessage(Contexts.java:76)\n\tat io.grpc.ForwardingServerCallListener.onMessage(ForwardingServerCallListener.java:33)\n\tat io.grpc.Contexts$ContextualizedServerCallListener.onMessage(Contexts.java:76)\n\tat io.grpc.internal.ServerCallImpl$ServerStreamListenerImpl.messagesAvailableInternal(ServerCallImpl.java:334)\n\tat io.grpc.internal.ServerCallImpl$ServerStreamListenerImpl.messagesAvailable(ServerCallImpl.java:319)\n\tat io.grpc.internal.ServerImpl$JumpToApplicationThreadServerStreamListener$1MessagesAvailable.runInContext(ServerImpl.java:834)\n\tat io.grpc.internal.ContextRunnable.run(ContextRunnable.java:37)\n\tat io.grpc.internal.SerializingExecutor.run(SerializingExecutor.java:133)\n\tat java.base/java.util.concurrent.ThreadPoolExecutor.runWorker(ThreadPoolExecutor.java:1136)\n\tat java.base/java.util.concurrent.ThreadPoolExecutor$Worker.run(ThreadPoolExecutor.java:635)\n\tat java.base/java.lang.Thread.run(Thread.java:840)\nCaused by: com.google.firebase.rules.runtime.common.EvaluationException: Error: /workspace/firestore.rules line [12], column [14]. Property role is undefined on object.\n\tat com.google.firebase.rules.runtime.impl.DefaultEvaluator$TransformEvaluationException.apply(DefaultEvaluator.java:275)\n\tat com.google.firebase.rules.runtime.impl.DefaultEvaluator$TransformEvaluationException.apply(DefaultEvaluator.java:261)\n\tat com.google.common.util.concurrent.AbstractCatchingFuture$AsyncCatchingFuture.doFallback(AbstractCatchingFuture.java:211)\n\tat com.google.common.util.concurrent.AbstractCatchingFuture$AsyncCatchingFuture.doFallback(AbstractCatchingFuture.java:198)\n\tat com.google.common.util.concurrent.AbstractCatchingFuture.run(AbstractCatchingFuture.java:140)\n\tat com.google.common.util.concurrent.DirectExecutor.execute(DirectExecutor.java:32)\n\tat com.google.common.util.concurrent.AbstractFuture.executeListener(AbstractFuture.java:1306)\n\tat com.google.common.util.concurrent.AbstractFuture.addListener(AbstractFuture.java:767)\n\tat com.google.common.util.concurrent.FluentFuture$TrustedFuture.addListener(FluentFuture.java:122)\n\tat com.google.common.util.concurrent.AbstractCatchingFuture.createAsync(AbstractCatchingFuture.java:63)\n\tat com.google.common.util.concurrent.Futures.catchingAsync(Futures.java:413)\n\tat com.google.firebase.rules.runtime.impl.DefaultEvaluator.evaluate(DefaultEvaluator.java:177)\n\tat com.google.cloud.datastore.emulator.impl.rules.EmulatorRuleClient$EmulatorRuleEvaluator.evaluate(EmulatorRuleClient.java:88)\n\tat com.google.cloud.datastore.core.auth.rules.AsyncTwoPhaseRulesAuthorizer.lambda$fullEvaluate$12(AsyncTwoPhaseRulesAuthorizer.java:952)\n\tat com.google.cloud.datastore.computation.Computation.tryCatch(Computation.java:416)\n\tat com.google.cloud.datastore.core.auth.rules.AsyncTwoPhaseRulesAuthorizer.fullEvaluate(AsyncTwoPhaseRulesAuthorizer.java:951)\n\tat com.google.cloud.datastore.core.auth.rules.AsyncTwoPhaseRulesAuthorizer$CommitAuthorizerImpl.lambda$checkWrite$1(AsyncTwoPhaseRulesAuthorizer.java:1192)\n\tat com.google.cloud.datastore.computation.Computation.lambda$tryClose$27(Computation.java:685)\n\tat com.google.cloud.datastore.computation.Computation.tryCatch(Computation.java:416)\n\tat com.google.cloud.datastore.computation.Computation.tryFinally(Computation.java:652)\n\tat com.google.cloud.datastore.computation.Computation.tryFinally(Computation.java:658)\n\tat com.google.cloud.datastore.computation.Computation.tryClose(Computation.java:685)\n\tat com.google.cloud.datastore.core.auth.rules.AsyncTwoPhaseRulesAuthorizer$CommitAuthorizerImpl.checkWrite(AsyncTwoPhaseRulesAuthorizer.java:1161)\n\tat com.google.cloud.datastore.emulator.impl.rules.DefaultEmulatorRulesAuthorizer.lambda$checkCommit$0(DefaultEmulatorRulesAuthorizer.java:124)\n\tat com.google.cloud.datastore.emulator.impl.rules.DefaultEmulatorRulesAuthorizer.withVerboseErrors(DefaultEmulatorRulesAuthorizer.java:290)\n\t... 22 more\n\n"}}
[debug] [2026-08-01T14:46:17.762Z] Multiple projectIds are not recommended in single project mode. Requested project ID wildwatch-82abc, but the emulator is configured for demo-wildwatch-local. To opt-out of single project mode add/set the '"singleProjectMode": false' property in the firebase.json emulators config.
 {"metadata":{"emulator":{"name":"firestore"},"message":"Multiple projectIds are not recommended in single project mode. Requested project ID wildwatch-82abc, but the emulator is configured for demo-wildwatch-local. To opt-out of single project mode add/set the '\"singleProjectMode\": false' property in the firebase.json emulators config.\n"}}
[debug] [2026-08-01T14:46:18.061Z] Aug 01, 2026 2:46:18 PM com.google.cloud.datastore.emulator.impl.util.WrappedStreamObserver onError
WARNING: Operation failed: 
Property role is undefined on object. for 'create' @ L64, Property role is undefined on object. for 'update' @ L65, Property role is undefined on object. for 'create' @ L64
com.google.cloud.datastore.core.exception.DatastoreException: 
Property role is undefined on object. for 'create' @ L64, Property role is undefined on object. for 'update' @ L65, Property role is undefined on object. for 'create' @ L64
	at com.google.cloud.datastore.core.exception.DatastoreException$Builder.build(DatastoreException.java:121)
	at com.google.cloud.datastore.emulator.impl.rules.DefaultEmulatorRulesAuthorizer.verboseError(DefaultEmulatorRulesAuthorizer.java:318)
	at com.google.cloud.datastore.emulator.impl.rules.DefaultEmulatorRulesAuthorizer.withVerboseErrors(DefaultEmulatorRulesAuthorizer.java:295)
	at com.google.cloud.datastore.emulator.impl.rules.DefaultEmulatorRulesAuthorizer.checkCommit(DefaultEmulatorRulesAuthorizer.java:114)
	at com.google.cloud.datastore.emulator.impl.firestore.FirestoreEmulatorHelper.commitHelper(FirestoreEmulatorHelper.java:360)
	at com.google.cloud.datastore.emulator.impl.firestore.FirestoreEmulatorHelper.internalCommit(FirestoreEmulatorHelper.java:314)
	at com.google.cloud.datastore.emulator.impl.firestore.CloudFirestoreV1.internalCommit(CloudFirestoreV1.java:1077)
	at com.google.cloud.datastore.emulator.impl.firestore.CloudFirestoreV1.write(CloudFirestoreV1.java:1065)
	at com.google.cloud.datastore.emulator.impl.firestore.CloudFirestoreV1WriteStream.handleRequest(CloudFirestoreV1WriteStream.java:218)
	at com.google.cloud.datastore.emulator.impl.firestore.CloudFirestoreV1WriteStream.write(CloudFirestoreV1WriteStream.java:140)
	at com.google.cloud.datastore.emulator.impl.firestore.CloudFirestoreV1WriteStream.onNext(CloudFirestoreV1WriteStream.java:95)
	at com.google.cloud.datastore.emulator.impl.firestore.CloudFirestoreV1WriteStream.onNext(CloudFirestoreV1WriteStream.java:27)
	at io.grpc.stub.ServerCalls$StreamingServerCallHandler$StreamingServerCallListener.onMessage(ServerCalls.java:262)
	at io.grpc.ForwardingServerCallListener.onMessage(ForwardingServerCallListener.java:33)
	at io.grpc.Contexts$ContextualizedServerCallListener.onMessage(Contexts.java:76)
	at io.grpc.ForwardingServerCallListener.onMessage(ForwardingServerCallListener.java:33)
	at io.grpc.Contexts$ContextualizedServerCallListener.onMessage(Contexts.java:76)
	at io.grpc.internal.ServerCallImpl$ServerStreamListenerImpl.messagesAvailableInternal(ServerCallImpl.java:334)
	at io.grpc.internal.ServerCallImpl$ServerStreamListenerImpl.messagesAvailable(ServerCallImpl.java:319)
	at io.grpc.internal.ServerImpl$JumpToApplicationThreadServerStreamListener$1MessagesAvailable.runInContext(ServerImpl.java:834)
	at io.grpc.internal.ContextRunnable.run(ContextRunnable.java:37)
	at io.grpc.internal.SerializingExecutor.run(SerializingExecutor.java:133)
	at java.base/java.util.concurrent.ThreadPoolExecutor.runWorker(ThreadPoolExecutor.java:1136)
	at java.base/java.util.concurrent.ThreadPoolExecutor$Worker.run(ThreadPoolExecutor.java:635)
	at java.base/java.lang.Thread.run(Thread.java:840)
Caused by: com.google.firebase.rules.runtime.common.EvaluationException: Error: /workspace/firestore.rules line [12], column [14]. Property role is undefined on object.
	at com.google.firebase.rules.runtime.impl.DefaultEvaluator$TransformEvaluationException.apply(DefaultEvaluator.java:275)
	at com.google.firebase.rules.runtime.impl.DefaultEvaluator$TransformEvaluationException.apply(DefaultEvaluator.java:261)
	at com.google.common.util.concurrent.AbstractCatchingFuture$AsyncCatchingFuture.doFallback(AbstractCatchingFuture.java:211)
	at com.google.common.util.concurrent.AbstractCatchingFuture$AsyncCatchingFuture.doFallback(AbstractCatchingFuture.java:198)
	at com.google.common.util.concurrent.AbstractCatchingFuture.run(AbstractCatchingFuture.java:140)
	at com.google.common.util.concurrent.DirectExecutor.execute(DirectExecutor.java:32)
	at com.google.common.util.concurrent.AbstractFuture.executeListener(AbstractFuture.java:1306)
	at com.google.common.util.concurrent.AbstractFuture.addListener(AbstractFuture.java:767)
	at com.google.common.util.concurrent.FluentFuture$TrustedFuture.addListener(FluentFuture.java:122)
	at com.google.common.util.concurrent.AbstractCatchingFuture.createAsync(AbstractCatchingFuture.java:63)
	at com.google.common.util.concurrent.Futures.catchingAsync(Futures.java:413)
	at com.google.firebase.rules.runtime.impl.DefaultEvaluator.evaluate(DefaultEvaluator.java:177)
	at com.google.cloud.datastore.emulator.impl.rules.EmulatorRuleClient$EmulatorRuleEvaluator.evaluate(EmulatorRuleClient.java:88)
	at com.google.cloud.datastore.core.auth.rules.AsyncTwoPhaseRulesAuthorizer.lambda$fullEvaluate$12(AsyncTwoPhaseRulesAuthorizer.java:952)
	at com.google.cloud.datastore.computation.Computation.tryCatch(Computation.java:416)
	at com.google.cloud.datastore.core.auth.rules.AsyncTwoPhaseRulesAuthorizer.fullEvaluate(AsyncTwoPhaseRulesAuthorizer.java:951)
	at com.google.cloud.datastore.core.auth.rules.AsyncTwoPhaseRulesAuthorizer$CommitAuthorizerImpl.lambda$checkWrite$1(AsyncTwoPhaseRulesAuthorizer.java:1192)
	at com.google.cloud.datastore.computation.Computation.lambda$tryClose$27(Computation.java:685)
	at com.google.cloud.datastore.computation.Computation.tryCatch(Computation.java:416)
	at com.google.cloud.datastore.computation.Computation.tryFinally(Computation.java:652)
	at com.google.cloud.datastore.computation.Computation.tryFinally(Computation.java:658)
	at com.google.cloud.datastore.computation.Computation.tryClose(Computation.java:685)
	at com.google.cloud.datastore.core.auth.rules.AsyncTwoPhaseRulesAuthorizer$CommitAuthorizerImpl.checkWrite(AsyncTwoPhaseRulesAuthorizer.java:1161)
	at com.google.cloud.datastore.emulator.impl.rules.DefaultEmulatorRulesAuthorizer.lambda$checkCommit$0(DefaultEmulatorRulesAuthorizer.java:124)
	at com.google.cloud.datastore.emulator.impl.rules.DefaultEmulatorRulesAuthorizer.withVerboseErrors(DefaultEmulatorRulesAuthorizer.java:290)
	... 22 more

 {"metadata":{"emulator":{"name":"firestore"},"message":"Aug 01, 2026 2:46:18 PM com.google.cloud.datastore.emulator.impl.util.WrappedStreamObserver onError\nWARNING: Operation failed: \nProperty role is undefined on object. for 'create' @ L64, Property role is undefined on object. for 'update' @ L65, Property role is undefined on object. for 'create' @ L64\ncom.google.cloud.datastore.core.exception.DatastoreException: \nProperty role is undefined on object. for 'create' @ L64, Property role is undefined on object. for 'update' @ L65, Property role is undefined on object. for 'create' @ L64\n\tat com.google.cloud.datastore.core.exception.DatastoreException$Builder.build(DatastoreException.java:121)\n\tat com.google.cloud.datastore.emulator.impl.rules.DefaultEmulatorRulesAuthorizer.verboseError(DefaultEmulatorRulesAuthorizer.java:318)\n\tat com.google.cloud.datastore.emulator.impl.rules.DefaultEmulatorRulesAuthorizer.withVerboseErrors(DefaultEmulatorRulesAuthorizer.java:295)\n\tat com.google.cloud.datastore.emulator.impl.rules.DefaultEmulatorRulesAuthorizer.checkCommit(DefaultEmulatorRulesAuthorizer.java:114)\n\tat com.google.cloud.datastore.emulator.impl.firestore.FirestoreEmulatorHelper.commitHelper(FirestoreEmulatorHelper.java:360)\n\tat com.google.cloud.datastore.emulator.impl.firestore.FirestoreEmulatorHelper.internalCommit(FirestoreEmulatorHelper.java:314)\n\tat com.google.cloud.datastore.emulator.impl.firestore.CloudFirestoreV1.internalCommit(CloudFirestoreV1.java:1077)\n\tat com.google.cloud.datastore.emulator.impl.firestore.CloudFirestoreV1.write(CloudFirestoreV1.java:1065)\n\tat com.google.cloud.datastore.emulator.impl.firestore.CloudFirestoreV1WriteStream.handleRequest(CloudFirestoreV1WriteStream.java:218)\n\tat com.google.cloud.datastore.emulator.impl.firestore.CloudFirestoreV1WriteStream.write(CloudFirestoreV1WriteStream.java:140)\n\tat com.google.cloud.datastore.emulator.impl.firestore.CloudFirestoreV1WriteStream.onNext(CloudFirestoreV1WriteStream.java:95)\n\tat com.google.cloud.datastore.emulator.impl.firestore.CloudFirestoreV1WriteStream.onNext(CloudFirestoreV1WriteStream.java:27)\n\tat io.grpc.stub.ServerCalls$StreamingServerCallHandler$StreamingServerCallListener.onMessage(ServerCalls.java:262)\n\tat io.grpc.ForwardingServerCallListener.onMessage(ForwardingServerCallListener.java:33)\n\tat io.grpc.Contexts$ContextualizedServerCallListener.onMessage(Contexts.java:76)\n\tat io.grpc.ForwardingServerCallListener.onMessage(ForwardingServerCallListener.java:33)\n\tat io.grpc.Contexts$ContextualizedServerCallListener.onMessage(Contexts.java:76)\n\tat io.grpc.internal.ServerCallImpl$ServerStreamListenerImpl.messagesAvailableInternal(ServerCallImpl.java:334)\n\tat io.grpc.internal.ServerCallImpl$ServerStreamListenerImpl.messagesAvailable(ServerCallImpl.java:319)\n\tat io.grpc.internal.ServerImpl$JumpToApplicationThreadServerStreamListener$1MessagesAvailable.runInContext(ServerImpl.java:834)\n\tat io.grpc.internal.ContextRunnable.run(ContextRunnable.java:37)\n\tat io.grpc.internal.SerializingExecutor.run(SerializingExecutor.java:133)\n\tat java.base/java.util.concurrent.ThreadPoolExecutor.runWorker(ThreadPoolExecutor.java:1136)\n\tat java.base/java.util.concurrent.ThreadPoolExecutor$Worker.run(ThreadPoolExecutor.java:635)\n\tat java.base/java.lang.Thread.run(Thread.java:840)\nCaused by: com.google.firebase.rules.runtime.common.EvaluationException: Error: /workspace/firestore.rules line [12], column [14]. Property role is undefined on object.\n\tat com.google.firebase.rules.runtime.impl.DefaultEvaluator$TransformEvaluationException.apply(DefaultEvaluator.java:275)\n\tat com.google.firebase.rules.runtime.impl.DefaultEvaluator$TransformEvaluationException.apply(DefaultEvaluator.java:261)\n\tat com.google.common.util.concurrent.AbstractCatchingFuture$AsyncCatchingFuture.doFallback(AbstractCatchingFuture.java:211)\n\tat com.google.common.util.concurrent.AbstractCatchingFuture$AsyncCatchingFuture.doFallback(AbstractCatchingFuture.java:198)\n\tat com.google.common.util.concurrent.AbstractCatchingFuture.run(AbstractCatchingFuture.java:140)\n\tat com.google.common.util.concurrent.DirectExecutor.execute(DirectExecutor.java:32)\n\tat com.google.common.util.concurrent.AbstractFuture.executeListener(AbstractFuture.java:1306)\n\tat com.google.common.util.concurrent.AbstractFuture.addListener(AbstractFuture.java:767)\n\tat com.google.common.util.concurrent.FluentFuture$TrustedFuture.addListener(FluentFuture.java:122)\n\tat com.google.common.util.concurrent.AbstractCatchingFuture.createAsync(AbstractCatchingFuture.java:63)\n\tat com.google.common.util.concurrent.Futures.catchingAsync(Futures.java:413)\n\tat com.google.firebase.rules.runtime.impl.DefaultEvaluator.evaluate(DefaultEvaluator.java:177)\n\tat com.google.cloud.datastore.emulator.impl.rules.EmulatorRuleClient$EmulatorRuleEvaluator.evaluate(EmulatorRuleClient.java:88)\n\tat com.google.cloud.datastore.core.auth.rules.AsyncTwoPhaseRulesAuthorizer.lambda$fullEvaluate$12(AsyncTwoPhaseRulesAuthorizer.java:952)\n\tat com.google.cloud.datastore.computation.Computation.tryCatch(Computation.java:416)\n\tat com.google.cloud.datastore.core.auth.rules.AsyncTwoPhaseRulesAuthorizer.fullEvaluate(AsyncTwoPhaseRulesAuthorizer.java:951)\n\tat com.google.cloud.datastore.core.auth.rules.AsyncTwoPhaseRulesAuthorizer$CommitAuthorizerImpl.lambda$checkWrite$1(AsyncTwoPhaseRulesAuthorizer.java:1192)\n\tat com.google.cloud.datastore.computation.Computation.lambda$tryClose$27(Computation.java:685)\n\tat com.google.cloud.datastore.computation.Computation.tryCatch(Computation.java:416)\n\tat com.google.cloud.datastore.computation.Computation.tryFinally(Computation.java:652)\n\tat com.google.cloud.datastore.computation.Computation.tryFinally(Computation.java:658)\n\tat com.google.cloud.datastore.computation.Computation.tryClose(Computation.java:685)\n\tat com.google.cloud.datastore.core.auth.rules.AsyncTwoPhaseRulesAuthorizer$CommitAuthorizerImpl.checkWrite(AsyncTwoPhaseRulesAuthorizer.java:1161)\n\tat com.google.cloud.datastore.emulator.impl.rules.DefaultEmulatorRulesAuthorizer.lambda$checkCommit$0(DefaultEmulatorRulesAuthorizer.java:124)\n\tat com.google.cloud.datastore.emulator.impl.rules.DefaultEmulatorRulesAuthorizer.withVerboseErrors(DefaultEmulatorRulesAuthorizer.java:290)\n\t... 22 more\n\n"}}
[debug] [2026-08-01T14:48:00.651Z] Multiple projectIds are not recommended in single project mode. Requested project ID wildwatch-82abc, but the emulator is configured for demo-wildwatch-local. To opt-out of single project mode add/set the '"singleProjectMode": false' property in the firebase.json emulators config.
 {"metadata":{"emulator":{"name":"firestore"},"message":"Multiple projectIds are not recommended in single project mode. Requested project ID wildwatch-82abc, but the emulator is configured for demo-wildwatch-local. To opt-out of single project mode add/set the '\"singleProjectMode\": false' property in the firebase.json emulators config.\n"}}
[debug] [2026-08-01T14:48:01.069Z] Aug 01, 2026 2:48:01 PM com.google.cloud.datastore.emulator.impl.util.WrappedStreamObserver onError
WARNING: Operation failed: 
Property role is undefined on object. for 'create' @ L64, Property role is undefined on object. for 'update' @ L65, Property role is undefined on object. for 'create' @ L64
com.google.cloud.datastore.core.exception.DatastoreException: 
Property role is undefined on object. for 'create' @ L64, Property role is undefined on object. for 'update' @ L65, Property role is undefined on object. for 'create' @ L64
	at com.google.cloud.datastore.core.exception.DatastoreException$Builder.build(DatastoreException.java:121)
	at com.google.cloud.datastore.emulator.impl.rules.DefaultEmulatorRulesAuthorizer.verboseError(DefaultEmulatorRulesAuthorizer.java:318)
	at com.google.cloud.datastore.emulator.impl.rules.DefaultEmulatorRulesAuthorizer.withVerboseErrors(DefaultEmulatorRulesAuthorizer.java:295)
	at com.google.cloud.datastore.emulator.impl.rules.DefaultEmulatorRulesAuthorizer.checkCommit(DefaultEmulatorRulesAuthorizer.java:114)
	at com.google.cloud.datastore.emulator.impl.firestore.FirestoreEmulatorHelper.commitHelper(FirestoreEmulatorHelper.java:360)
	at com.google.cloud.datastore.emulator.impl.firestore.FirestoreEmulatorHelper.internalCommit(FirestoreEmulatorHelper.java:314)
	at com.google.cloud.datastore.emulator.impl.firestore.CloudFirestoreV1.internalCommit(CloudFirestoreV1.java:1077)
	at com.google.cloud.datastore.emulator.impl.firestore.CloudFirestoreV1.write(CloudFirestoreV1.java:1065)
	at com.google.cloud.datastore.emulator.impl.firestore.CloudFirestoreV1WriteStream.handleRequest(CloudFirestoreV1WriteStream.java:218)
	at com.google.cloud.datastore.emulator.impl.firestore.CloudFirestoreV1WriteStream.write(CloudFirestoreV1WriteStream.java:140)
	at com.google.cloud.datastore.emulator.impl.firestore.CloudFirestoreV1WriteStream.onNext(CloudFirestoreV1WriteStream.java:95)
	at com.google.cloud.datastore.emulator.impl.firestore.CloudFirestoreV1WriteStream.onNext(CloudFirestoreV1WriteStream.java:27)
	at io.grpc.stub.ServerCalls$StreamingServerCallHandler$StreamingServerCallListener.onMessage(ServerCalls.java:262)
	at io.grpc.ForwardingServerCallListener.onMessage(ForwardingServerCallListener.java:33)
	at io.grpc.Contexts$ContextualizedServerCallListener.onMessage(Contexts.java:76)
	at io.grpc.ForwardingServerCallListener.onMessage(ForwardingServerCallListener.java:33)
	at io.grpc.Contexts$ContextualizedServerCallListener.onMessage(Contexts.java:76)
	at io.grpc.internal.ServerCallImpl$ServerStreamListenerImpl.messagesAvailableInternal(ServerCallImpl.java:334)
	at io.grpc.internal.ServerCallImpl$ServerStreamListenerImpl.messagesAvailable(ServerCallImpl.java:319)
	at io.grpc.internal.ServerImpl$JumpToApplicationThreadServerStreamListener$1MessagesAvailable.runInContext(ServerImpl.java:834)
	at io.grpc.internal.ContextRunnable.run(ContextRunnable.java:37)
	at io.grpc.internal.SerializingExecutor.run(SerializingExecutor.java:133)
	at java.base/java.util.concurrent.ThreadPoolExecutor.runWorker(ThreadPoolExecutor.java:1136)
	at java.base/java.util.concurrent.ThreadPoolExecutor$Worker.run(ThreadPoolExecutor.java:635)
	at java.base/java.lang.Thread.run(Thread.java:840)
Caused by: com.google.firebase.rules.runtime.common.EvaluationException: Error: /workspace/firestore.rules line [12], column [14]. Property role is undefined on object.
	at com.google.firebase.rules.runtime.impl.DefaultEvaluator$TransformEvaluationException.apply(DefaultEvaluator.java:275)
	at com.google.firebase.rules.runtime.impl.DefaultEvaluator$TransformEvaluationException.apply(DefaultEvaluator.java:261)
	at com.google.common.util.concurrent.AbstractCatchingFuture$AsyncCatchingFuture.doFallback(AbstractCatchingFuture.java:211)
	at com.google.common.util.concurrent.AbstractCatchingFuture$AsyncCatchingFuture.doFallback(AbstractCatchingFuture.java:198)
	at com.google.common.util.concurrent.AbstractCatchingFuture.run(AbstractCatchingFuture.java:140)
	at com.google.common.util.concurrent.DirectExecutor.execute(DirectExecutor.java:32)
	at com.google.common.util.concurrent.AbstractFuture.executeListener(AbstractFuture.java:1306)
	at com.google.common.util.concurrent.AbstractFuture.addListener(AbstractFuture.java:767)
	at com.google.common.util.concurrent.FluentFuture$TrustedFuture.addListener(FluentFuture.java:122)
	at com.google.common.util.concurrent.AbstractCatchingFuture.createAsync(AbstractCatchingFuture.java:63)
	at com.google.common.util.concurrent.Futures.catchingAsync(Futures.java:413)
	at com.google.firebase.rules.runtime.impl.DefaultEvaluator.evaluate(DefaultEvaluator.java:177)
	at com.google.cloud.datastore.emulator.impl.rules.EmulatorRuleClient$EmulatorRuleEvaluator.evaluate(EmulatorRuleClient.java:88)
	at com.google.cloud.datastore.core.auth.rules.AsyncTwoPhaseRulesAuthorizer.lambda$fullEvaluate$12(AsyncTwoPhaseRulesAuthorizer.java:952)
	at com.google.cloud.datastore.computation.Computation.tryCatch(Computation.java:416)
	at com.google.cloud.datastore.core.auth.rules.AsyncTwoPhaseRulesAuthorizer.fullEvaluate(AsyncTwoPhaseRulesAuthorizer.java:951)
	at com.google.cloud.datastore.core.auth.rules.AsyncTwoPhaseRulesAuthorizer$CommitAuthorizerImpl.lambda$checkWrite$1(AsyncTwoPhaseRulesAuthorizer.java:1192)
	at com.google.cloud.datastore.computation.Computation.lambda$tryClose$27(Computation.java:685)
	at com.google.cloud.datastore.computation.Computation.tryCatch(Computation.java:416)
	at com.google.cloud.datastore.computation.Computation.tryFinally(Computation.java:652)
	at com.google.cloud.datastore.computation.Computation.tryFinally(Computation.java:658)
	at com.google.cloud.datastore.computation.Computation.tryClose(Computation.java:685)
	at com.google.cloud.datastore.core.auth.rules.AsyncTwoPhaseRulesAuthorizer$CommitAuthorizerImpl.checkWrite(AsyncTwoPhaseRulesAuthorizer.java:1161)
	at com.google.cloud.datastore.emulator.impl.rules.DefaultEmulatorRulesAuthorizer.lambda$checkCommit$0(DefaultEmulatorRulesAuthorizer.java:124)
	at com.google.cloud.datastore.emulator.impl.rules.DefaultEmulatorRulesAuthorizer.withVerboseErrors(DefaultEmulatorRulesAuthorizer.java:290)
	... 22 more

 {"metadata":{"emulator":{"name":"firestore"},"message":"Aug 01, 2026 2:48:01 PM com.google.cloud.datastore.emulator.impl.util.WrappedStreamObserver onError\nWARNING: Operation failed: \nProperty role is undefined on object. for 'create' @ L64, Property role is undefined on object. for 'update' @ L65, Property role is undefined on object. for 'create' @ L64\ncom.google.cloud.datastore.core.exception.DatastoreException: \nProperty role is undefined on object. for 'create' @ L64, Property role is undefined on object. for 'update' @ L65, Property role is undefined on object. for 'create' @ L64\n\tat com.google.cloud.datastore.core.exception.DatastoreException$Builder.build(DatastoreException.java:121)\n\tat com.google.cloud.datastore.emulator.impl.rules.DefaultEmulatorRulesAuthorizer.verboseError(DefaultEmulatorRulesAuthorizer.java:318)\n\tat com.google.cloud.datastore.emulator.impl.rules.DefaultEmulatorRulesAuthorizer.withVerboseErrors(DefaultEmulatorRulesAuthorizer.java:295)\n\tat com.google.cloud.datastore.emulator.impl.rules.DefaultEmulatorRulesAuthorizer.checkCommit(DefaultEmulatorRulesAuthorizer.java:114)\n\tat com.google.cloud.datastore.emulator.impl.firestore.FirestoreEmulatorHelper.commitHelper(FirestoreEmulatorHelper.java:360)\n\tat com.google.cloud.datastore.emulator.impl.firestore.FirestoreEmulatorHelper.internalCommit(FirestoreEmulatorHelper.java:314)\n\tat com.google.cloud.datastore.emulator.impl.firestore.CloudFirestoreV1.internalCommit(CloudFirestoreV1.java:1077)\n\tat com.google.cloud.datastore.emulator.impl.firestore.CloudFirestoreV1.write(CloudFirestoreV1.java:1065)\n\tat com.google.cloud.datastore.emulator.impl.firestore.CloudFirestoreV1WriteStream.handleRequest(CloudFirestoreV1WriteStream.java:218)\n\tat com.google.cloud.datastore.emulator.impl.firestore.CloudFirestoreV1WriteStream.write(CloudFirestoreV1WriteStream.java:140)\n\tat com.google.cloud.datastore.emulator.impl.firestore.CloudFirestoreV1WriteStream.onNext(CloudFirestoreV1WriteStream.java:95)\n\tat com.google.cloud.datastore.emulator.impl.firestore.CloudFirestoreV1WriteStream.onNext(CloudFirestoreV1WriteStream.java:27)\n\tat io.grpc.stub.ServerCalls$StreamingServerCallHandler$StreamingServerCallListener.onMessage(ServerCalls.java:262)\n\tat io.grpc.ForwardingServerCallListener.onMessage(ForwardingServerCallListener.java:33)\n\tat io.grpc.Contexts$ContextualizedServerCallListener.onMessage(Contexts.java:76)\n\tat io.grpc.ForwardingServerCallListener.onMessage(ForwardingServerCallListener.java:33)\n\tat io.grpc.Contexts$ContextualizedServerCallListener.onMessage(Contexts.java:76)\n\tat io.grpc.internal.ServerCallImpl$ServerStreamListenerImpl.messagesAvailableInternal(ServerCallImpl.java:334)\n\tat io.grpc.internal.ServerCallImpl$ServerStreamListenerImpl.messagesAvailable(ServerCallImpl.java:319)\n\tat io.grpc.internal.ServerImpl$JumpToApplicationThreadServerStreamListener$1MessagesAvailable.runInContext(ServerImpl.java:834)\n\tat io.grpc.internal.ContextRunnable.run(ContextRunnable.java:37)\n\tat io.grpc.internal.SerializingExecutor.run(SerializingExecutor.java:133)\n\tat java.base/java.util.concurrent.ThreadPoolExecutor.runWorker(ThreadPoolExecutor.java:1136)\n\tat java.base/java.util.concurrent.ThreadPoolExecutor$Worker.run(ThreadPoolExecutor.java:635)\n\tat java.base/java.lang.Thread.run(Thread.java:840)\nCaused by: com.google.firebase.rules.runtime.common.EvaluationException: Error: /workspace/firestore.rules line [12], column [14]. Property role is undefined on object.\n\tat com.google.firebase.rules.runtime.impl.DefaultEvaluator$TransformEvaluationException.apply(DefaultEvaluator.java:275)\n\tat com.google.firebase.rules.runtime.impl.DefaultEvaluator$TransformEvaluationException.apply(DefaultEvaluator.java:261)\n\tat com.google.common.util.concurrent.AbstractCatchingFuture$AsyncCatchingFuture.doFallback(AbstractCatchingFuture.java:211)\n\tat com.google.common.util.concurrent.AbstractCatchingFuture$AsyncCatchingFuture.doFallback(AbstractCatchingFuture.java:198)\n\tat com.google.common.util.concurrent.AbstractCatchingFuture.run(AbstractCatchingFuture.java:140)\n\tat com.google.common.util.concurrent.DirectExecutor.execute(DirectExecutor.java:32)\n\tat com.google.common.util.concurrent.AbstractFuture.executeListener(AbstractFuture.java:1306)\n\tat com.google.common.util.concurrent.AbstractFuture.addListener(AbstractFuture.java:767)\n\tat com.google.common.util.concurrent.FluentFuture$TrustedFuture.addListener(FluentFuture.java:122)\n\tat com.google.common.util.concurrent.AbstractCatchingFuture.createAsync(AbstractCatchingFuture.java:63)\n\tat com.google.common.util.concurrent.Futures.catchingAsync(Futures.java:413)\n\tat com.google.firebase.rules.runtime.impl.DefaultEvaluator.evaluate(DefaultEvaluator.java:177)\n\tat com.google.cloud.datastore.emulator.impl.rules.EmulatorRuleClient$EmulatorRuleEvaluator.evaluate(EmulatorRuleClient.java:88)\n\tat com.google.cloud.datastore.core.auth.rules.AsyncTwoPhaseRulesAuthorizer.lambda$fullEvaluate$12(AsyncTwoPhaseRulesAuthorizer.java:952)\n\tat com.google.cloud.datastore.computation.Computation.tryCatch(Computation.java:416)\n\tat com.google.cloud.datastore.core.auth.rules.AsyncTwoPhaseRulesAuthorizer.fullEvaluate(AsyncTwoPhaseRulesAuthorizer.java:951)\n\tat com.google.cloud.datastore.core.auth.rules.AsyncTwoPhaseRulesAuthorizer$CommitAuthorizerImpl.lambda$checkWrite$1(AsyncTwoPhaseRulesAuthorizer.java:1192)\n\tat com.google.cloud.datastore.computation.Computation.lambda$tryClose$27(Computation.java:685)\n\tat com.google.cloud.datastore.computation.Computation.tryCatch(Computation.java:416)\n\tat com.google.cloud.datastore.computation.Computation.tryFinally(Computation.java:652)\n\tat com.google.cloud.datastore.computation.Computation.tryFinally(Computation.java:658)\n\tat com.google.cloud.datastore.computation.Computation.tryClose(Computation.java:685)\n\tat com.google.cloud.datastore.core.auth.rules.AsyncTwoPhaseRulesAuthorizer$CommitAuthorizerImpl.checkWrite(AsyncTwoPhaseRulesAuthorizer.java:1161)\n\tat com.google.cloud.datastore.emulator.impl.rules.DefaultEmulatorRulesAuthorizer.lambda$checkCommit$0(DefaultEmulatorRulesAuthorizer.java:124)\n\tat com.google.cloud.datastore.emulator.impl.rules.DefaultEmulatorRulesAuthorizer.withVerboseErrors(DefaultEmulatorRulesAuthorizer.java:290)\n\t... 22 more\n\n"}}
[debug] [2026-08-01T14:48:59.111Z] Multiple projectIds are not recommended in single project mode. Requested project ID wildwatch-82abc, but the emulator is configured for demo-wildwatch-local. To opt-out of single project mode add/set the '"singleProjectMode": false' property in the firebase.json emulators config.
 {"metadata":{"emulator":{"name":"firestore"},"message":"Multiple projectIds are not recommended in single project mode. Requested project ID wildwatch-82abc, but the emulator is configured for demo-wildwatch-local. To opt-out of single project mode add/set the '\"singleProjectMode\": false' property in the firebase.json emulators config.\n"}}
[debug] [2026-08-01T14:48:59.456Z] Aug 01, 2026 2:48:59 PM com.google.cloud.datastore.emulator.impl.util.WrappedStreamObserver onError
WARNING: Operation failed: 
Property role is undefined on object. for 'create' @ L64, Property role is undefined on object. for 'update' @ L65, Property role is undefined on object. for 'create' @ L64
com.google.cloud.datastore.core.exception.DatastoreException: 
Property role is undefined on object. for 'create' @ L64, Property role is undefined on object. for 'update' @ L65, Property role is undefined on object. for 'create' @ L64
	at com.google.cloud.datastore.core.exception.DatastoreException$Builder.build(DatastoreException.java:121)
	at com.google.cloud.datastore.emulator.impl.rules.DefaultEmulatorRulesAuthorizer.verboseError(DefaultEmulatorRulesAuthorizer.java:318)
	at com.google.cloud.datastore.emulator.impl.rules.DefaultEmulatorRulesAuthorizer.withVerboseErrors(DefaultEmulatorRulesAuthorizer.java:295)
	at com.google.cloud.datastore.emulator.impl.rules.DefaultEmulatorRulesAuthorizer.checkCommit(DefaultEmulatorRulesAuthorizer.java:114)
	at com.google.cloud.datastore.emulator.impl.firestore.FirestoreEmulatorHelper.commitHelper(FirestoreEmulatorHelper.java:360)
	at com.google.cloud.datastore.emulator.impl.firestore.FirestoreEmulatorHelper.internalCommit(FirestoreEmulatorHelper.java:314)
	at com.google.cloud.datastore.emulator.impl.firestore.CloudFirestoreV1.internalCommit(CloudFirestoreV1.java:1077)
	at com.google.cloud.datastore.emulator.impl.firestore.CloudFirestoreV1.write(CloudFirestoreV1.java:1065)
	at com.google.cloud.datastore.emulator.impl.firestore.CloudFirestoreV1WriteStream.handleRequest(CloudFirestoreV1WriteStream.java:218)
	at com.google.cloud.datastore.emulator.impl.firestore.CloudFirestoreV1WriteStream.write(CloudFirestoreV1WriteStream.java:140)
	at com.google.cloud.datastore.emulator.impl.firestore.CloudFirestoreV1WriteStream.onNext(CloudFirestoreV1WriteStream.java:95)
	at com.google.cloud.datastore.emulator.impl.firestore.CloudFirestoreV1WriteStream.onNext(CloudFirestoreV1WriteStream.java:27)
	at io.grpc.stub.ServerCalls$StreamingServerCallHandler$StreamingServerCallListener.onMessage(ServerCalls.java:262)
	at io.grpc.ForwardingServerCallListener.onMessage(ForwardingServerCallListener.java:33)
	at io.grpc.Contexts$ContextualizedServerCallListener.onMessage(Contexts.java:76)
	at io.grpc.ForwardingServerCallListener.onMessage(ForwardingServerCallListener.java:33)
	at io.grpc.Contexts$ContextualizedServerCallListener.onMessage(Contexts.java:76)
	at io.grpc.internal.ServerCallImpl$ServerStreamListenerImpl.messagesAvailableInternal(ServerCallImpl.java:334)
	at io.grpc.internal.ServerCallImpl$ServerStreamListenerImpl.messagesAvailable(ServerCallImpl.java:319)
	at io.grpc.internal.ServerImpl$JumpToApplicationThreadServerStreamListener$1MessagesAvailable.runInContext(ServerImpl.java:834)
	at io.grpc.internal.ContextRunnable.run(ContextRunnable.java:37)
	at io.grpc.internal.SerializingExecutor.run(SerializingExecutor.java:133)
	at java.base/java.util.concurrent.ThreadPoolExecutor.runWorker(ThreadPoolExecutor.java:1136)
	at java.base/java.util.concurrent.ThreadPoolExecutor$Worker.run(ThreadPoolExecutor.java:635)
	at java.base/java.lang.Thread.run(Thread.java:840)
Caused by: com.google.firebase.rules.runtime.common.EvaluationException: Error: /workspace/firestore.rules line [12], column [14]. Property role is undefined on object.
	at com.google.firebase.rules.runtime.impl.DefaultEvaluator$TransformEvaluationException.apply(DefaultEvaluator.java:275)
	at com.google.firebase.rules.runtime.impl.DefaultEvaluator$TransformEvaluationException.apply(DefaultEvaluator.java:261)
	at com.google.common.util.concurrent.AbstractCatchingFuture$AsyncCatchingFuture.doFallback(AbstractCatchingFuture.java:211)
	at com.google.common.util.concurrent.AbstractCatchingFuture$AsyncCatchingFuture.doFallback(AbstractCatchingFuture.java:198)
	at com.google.common.util.concurrent.AbstractCatchingFuture.run(AbstractCatchingFuture.java:140)
	at com.google.common.util.concurrent.DirectExecutor.execute(DirectExecutor.java:32)
	at com.google.common.util.concurrent.AbstractFuture.executeListener(AbstractFuture.java:1306)
	at com.google.common.util.concurrent.AbstractFuture.addListener(AbstractFuture.java:767)
	at com.google.common.util.concurrent.FluentFuture$TrustedFuture.addListener(FluentFuture.java:122)
	at com.google.common.util.concurrent.AbstractCatchingFuture.createAsync(AbstractCatchingFuture.java:63)
	at com.google.common.util.concurrent.Futures.catchingAsync(Futures.java:413)
	at com.google.firebase.rules.runtime.impl.DefaultEvaluator.evaluate(DefaultEvaluator.java:177)
	at com.google.cloud.datastore.emulator.impl.rules.EmulatorRuleClient$EmulatorRuleEvaluator.evaluate(EmulatorRuleClient.java:88)
	at com.google.cloud.datastore.core.auth.rules.AsyncTwoPhaseRulesAuthorizer.lambda$fullEvaluate$12(AsyncTwoPhaseRulesAuthorizer.java:952)
	at com.google.cloud.datastore.computation.Computation.tryCatch(Computation.java:416)
	at com.google.cloud.datastore.core.auth.rules.AsyncTwoPhaseRulesAuthorizer.fullEvaluate(AsyncTwoPhaseRulesAuthorizer.java:951)
	at com.google.cloud.datastore.core.auth.rules.AsyncTwoPhaseRulesAuthorizer$CommitAuthorizerImpl.lambda$checkWrite$1(AsyncTwoPhaseRulesAuthorizer.java:1192)
	at com.google.cloud.datastore.computation.Computation.lambda$tryClose$27(Computation.java:685)
	at com.google.cloud.datastore.computation.Computation.tryCatch(Computation.java:416)
	at com.google.cloud.datastore.computation.Computation.tryFinally(Computation.java:652)
	at com.google.cloud.datastore.computation.Computation.tryFinally(Computation.java:658)
	at com.google.cloud.datastore.computation.Computation.tryClose(Computation.java:685)
	at com.google.cloud.datastore.core.auth.rules.AsyncTwoPhaseRulesAuthorizer$CommitAuthorizerImpl.checkWrite(AsyncTwoPhaseRulesAuthorizer.java:1161)
	at com.google.cloud.datastore.emulator.impl.rules.DefaultEmulatorRulesAuthorizer.lambda$checkCommit$0(DefaultEmulatorRulesAuthorizer.java:124)
	at com.google.cloud.datastore.emulator.impl.rules.DefaultEmulatorRulesAuthorizer.withVerboseErrors(DefaultEmulatorRulesAuthorizer.java:290)
	... 22 more

 {"metadata":{"emulator":{"name":"firestore"},"message":"Aug 01, 2026 2:48:59 PM com.google.cloud.datastore.emulator.impl.util.WrappedStreamObserver onError\nWARNING: Operation failed: \nProperty role is undefined on object. for 'create' @ L64, Property role is undefined on object. for 'update' @ L65, Property role is undefined on object. for 'create' @ L64\ncom.google.cloud.datastore.core.exception.DatastoreException: \nProperty role is undefined on object. for 'create' @ L64, Property role is undefined on object. for 'update' @ L65, Property role is undefined on object. for 'create' @ L64\n\tat com.google.cloud.datastore.core.exception.DatastoreException$Builder.build(DatastoreException.java:121)\n\tat com.google.cloud.datastore.emulator.impl.rules.DefaultEmulatorRulesAuthorizer.verboseError(DefaultEmulatorRulesAuthorizer.java:318)\n\tat com.google.cloud.datastore.emulator.impl.rules.DefaultEmulatorRulesAuthorizer.withVerboseErrors(DefaultEmulatorRulesAuthorizer.java:295)\n\tat com.google.cloud.datastore.emulator.impl.rules.DefaultEmulatorRulesAuthorizer.checkCommit(DefaultEmulatorRulesAuthorizer.java:114)\n\tat com.google.cloud.datastore.emulator.impl.firestore.FirestoreEmulatorHelper.commitHelper(FirestoreEmulatorHelper.java:360)\n\tat com.google.cloud.datastore.emulator.impl.firestore.FirestoreEmulatorHelper.internalCommit(FirestoreEmulatorHelper.java:314)\n\tat com.google.cloud.datastore.emulator.impl.firestore.CloudFirestoreV1.internalCommit(CloudFirestoreV1.java:1077)\n\tat com.google.cloud.datastore.emulator.impl.firestore.CloudFirestoreV1.write(CloudFirestoreV1.java:1065)\n\tat com.google.cloud.datastore.emulator.impl.firestore.CloudFirestoreV1WriteStream.handleRequest(CloudFirestoreV1WriteStream.java:218)\n\tat com.google.cloud.datastore.emulator.impl.firestore.CloudFirestoreV1WriteStream.write(CloudFirestoreV1WriteStream.java:140)\n\tat com.google.cloud.datastore.emulator.impl.firestore.CloudFirestoreV1WriteStream.onNext(CloudFirestoreV1WriteStream.java:95)\n\tat com.google.cloud.datastore.emulator.impl.firestore.CloudFirestoreV1WriteStream.onNext(CloudFirestoreV1WriteStream.java:27)\n\tat io.grpc.stub.ServerCalls$StreamingServerCallHandler$StreamingServerCallListener.onMessage(ServerCalls.java:262)\n\tat io.grpc.ForwardingServerCallListener.onMessage(ForwardingServerCallListener.java:33)\n\tat io.grpc.Contexts$ContextualizedServerCallListener.onMessage(Contexts.java:76)\n\tat io.grpc.ForwardingServerCallListener.onMessage(ForwardingServerCallListener.java:33)\n\tat io.grpc.Contexts$ContextualizedServerCallListener.onMessage(Contexts.java:76)\n\tat io.grpc.internal.ServerCallImpl$ServerStreamListenerImpl.messagesAvailableInternal(ServerCallImpl.java:334)\n\tat io.grpc.internal.ServerCallImpl$ServerStreamListenerImpl.messagesAvailable(ServerCallImpl.java:319)\n\tat io.grpc.internal.ServerImpl$JumpToApplicationThreadServerStreamListener$1MessagesAvailable.runInContext(ServerImpl.java:834)\n\tat io.grpc.internal.ContextRunnable.run(ContextRunnable.java:37)\n\tat io.grpc.internal.SerializingExecutor.run(SerializingExecutor.java:133)\n\tat java.base/java.util.concurrent.ThreadPoolExecutor.runWorker(ThreadPoolExecutor.java:1136)\n\tat java.base/java.util.concurrent.ThreadPoolExecutor$Worker.run(ThreadPoolExecutor.java:635)\n\tat java.base/java.lang.Thread.run(Thread.java:840)\nCaused by: com.google.firebase.rules.runtime.common.EvaluationException: Error: /workspace/firestore.rules line [12], column [14]. Property role is undefined on object.\n\tat com.google.firebase.rules.runtime.impl.DefaultEvaluator$TransformEvaluationException.apply(DefaultEvaluator.java:275)\n\tat com.google.firebase.rules.runtime.impl.DefaultEvaluator$TransformEvaluationException.apply(DefaultEvaluator.java:261)\n\tat com.google.common.util.concurrent.AbstractCatchingFuture$AsyncCatchingFuture.doFallback(AbstractCatchingFuture.java:211)\n\tat com.google.common.util.concurrent.AbstractCatchingFuture$AsyncCatchingFuture.doFallback(AbstractCatchingFuture.java:198)\n\tat com.google.common.util.concurrent.AbstractCatchingFuture.run(AbstractCatchingFuture.java:140)\n\tat com.google.common.util.concurrent.DirectExecutor.execute(DirectExecutor.java:32)\n\tat com.google.common.util.concurrent.AbstractFuture.executeListener(AbstractFuture.java:1306)\n\tat com.google.common.util.concurrent.AbstractFuture.addListener(AbstractFuture.java:767)\n\tat com.google.common.util.concurrent.FluentFuture$TrustedFuture.addListener(FluentFuture.java:122)\n\tat com.google.common.util.concurrent.AbstractCatchingFuture.createAsync(AbstractCatchingFuture.java:63)\n\tat com.google.common.util.concurrent.Futures.catchingAsync(Futures.java:413)\n\tat com.google.firebase.rules.runtime.impl.DefaultEvaluator.evaluate(DefaultEvaluator.java:177)\n\tat com.google.cloud.datastore.emulator.impl.rules.EmulatorRuleClient$EmulatorRuleEvaluator.evaluate(EmulatorRuleClient.java:88)\n\tat com.google.cloud.datastore.core.auth.rules.AsyncTwoPhaseRulesAuthorizer.lambda$fullEvaluate$12(AsyncTwoPhaseRulesAuthorizer.java:952)\n\tat com.google.cloud.datastore.computation.Computation.tryCatch(Computation.java:416)\n\tat com.google.cloud.datastore.core.auth.rules.AsyncTwoPhaseRulesAuthorizer.fullEvaluate(AsyncTwoPhaseRulesAuthorizer.java:951)\n\tat com.google.cloud.datastore.core.auth.rules.AsyncTwoPhaseRulesAuthorizer$CommitAuthorizerImpl.lambda$checkWrite$1(AsyncTwoPhaseRulesAuthorizer.java:1192)\n\tat com.google.cloud.datastore.computation.Computation.lambda$tryClose$27(Computation.java:685)\n\tat com.google.cloud.datastore.computation.Computation.tryCatch(Computation.java:416)\n\tat com.google.cloud.datastore.computation.Computation.tryFinally(Computation.java:652)\n\tat com.google.cloud.datastore.computation.Computation.tryFinally(Computation.java:658)\n\tat com.google.cloud.datastore.computation.Computation.tryClose(Computation.java:685)\n\tat com.google.cloud.datastore.core.auth.rules.AsyncTwoPhaseRulesAuthorizer$CommitAuthorizerImpl.checkWrite(AsyncTwoPhaseRulesAuthorizer.java:1161)\n\tat com.google.cloud.datastore.emulator.impl.rules.DefaultEmulatorRulesAuthorizer.lambda$checkCommit$0(DefaultEmulatorRulesAuthorizer.java:124)\n\tat com.google.cloud.datastore.emulator.impl.rules.DefaultEmulatorRulesAuthorizer.withVerboseErrors(DefaultEmulatorRulesAuthorizer.java:290)\n\t... 22 more\n\n"}}
[debug] [2026-08-01T14:48:59.764Z] Multiple projectIds are not recommended in single project mode. Requested project ID wildwatch-82abc, but the emulator is configured for demo-wildwatch-local. To opt-out of single project mode add/set the '"singleProjectMode": false' property in the firebase.json emulators config.
 {"metadata":{"emulator":{"name":"firestore"},"message":"Multiple projectIds are not recommended in single project mode. Requested project ID wildwatch-82abc, but the emulator is configured for demo-wildwatch-local. To opt-out of single project mode add/set the '\"singleProjectMode\": false' property in the firebase.json emulators config.\n"}}
[debug] [2026-08-01T14:48:59.970Z] Aug 01, 2026 2:48:59 PM com.google.cloud.datastore.emulator.impl.util.WrappedStreamObserver onError
WARNING: Operation failed: 
Property role is undefined on object. for 'create' @ L64, Property role is undefined on object. for 'update' @ L65, Property role is undefined on object. for 'create' @ L64
com.google.cloud.datastore.core.exception.DatastoreException: 
Property role is undefined on object. for 'create' @ L64, Property role is undefined on object. for 'update' @ L65, Property role is undefined on object. for 'create' @ L64
	at com.google.cloud.datastore.core.exception.DatastoreException$Builder.build(DatastoreException.java:121)
	at com.google.cloud.datastore.emulator.impl.rules.DefaultEmulatorRulesAuthorizer.verboseError(DefaultEmulatorRulesAuthorizer.java:318)
	at com.google.cloud.datastore.emulator.impl.rules.DefaultEmulatorRulesAuthorizer.withVerboseErrors(DefaultEmulatorRulesAuthorizer.java:295)
	at com.google.cloud.datastore.emulator.impl.rules.DefaultEmulatorRulesAuthorizer.checkCommit(DefaultEmulatorRulesAuthorizer.java:114)
	at com.google.cloud.datastore.emulator.impl.firestore.FirestoreEmulatorHelper.commitHelper(FirestoreEmulatorHelper.java:360)
	at com.google.cloud.datastore.emulator.impl.firestore.FirestoreEmulatorHelper.internalCommit(FirestoreEmulatorHelper.java:314)
	at com.google.cloud.datastore.emulator.impl.firestore.CloudFirestoreV1.internalCommit(CloudFirestoreV1.java:1077)
	at com.google.cloud.datastore.emulator.impl.firestore.CloudFirestoreV1.write(CloudFirestoreV1.java:1065)
	at com.google.cloud.datastore.emulator.impl.firestore.CloudFirestoreV1WriteStream.handleRequest(CloudFirestoreV1WriteStream.java:218)
	at com.google.cloud.datastore.emulator.impl.firestore.CloudFirestoreV1WriteStream.write(CloudFirestoreV1WriteStream.java:140)
	at com.google.cloud.datastore.emulator.impl.firestore.CloudFirestoreV1WriteStream.onNext(CloudFirestoreV1WriteStream.java:95)
	at com.google.cloud.datastore.emulator.impl.firestore.CloudFirestoreV1WriteStream.onNext(CloudFirestoreV1WriteStream.java:27)
	at io.grpc.stub.ServerCalls$StreamingServerCallHandler$StreamingServerCallListener.onMessage(ServerCalls.java:262)
	at io.grpc.ForwardingServerCallListener.onMessage(ForwardingServerCallListener.java:33)
	at io.grpc.Contexts$ContextualizedServerCallListener.onMessage(Contexts.java:76)
	at io.grpc.ForwardingServerCallListener.onMessage(ForwardingServerCallListener.java:33)
	at io.grpc.Contexts$ContextualizedServerCallListener.onMessage(Contexts.java:76)
	at io.grpc.internal.ServerCallImpl$ServerStreamListenerImpl.messagesAvailableInternal(ServerCallImpl.java:334)
	at io.grpc.internal.ServerCallImpl$ServerStreamListenerImpl.messagesAvailable(ServerCallImpl.java:319)
	at io.grpc.internal.ServerImpl$JumpToApplicationThreadServerStreamListener$1MessagesAvailable.runInContext(ServerImpl.java:834)
	at io.grpc.internal.ContextRunnable.run(ContextRunnable.java:37)
	at io.grpc.internal.SerializingExecutor.run(SerializingExecutor.java:133)
	at java.base/java.util.concurrent.ThreadPoolExecutor.runWorker(ThreadPoolExecutor.java:1136)
	at java.base/java.util.concurrent.ThreadPoolExecutor$Worker.run(ThreadPoolExecutor.java:635)
	at java.base/java.lang.Thread.run(Thread.java:840)
Caused by: com.google.firebase.rules.runtime.common.EvaluationException: Error: /workspace/firestore.rules line [12], column [14]. Property role is undefined on object.
	at com.google.firebase.rules.runtime.impl.DefaultEvaluator$TransformEvaluationException.apply(DefaultEvaluator.java:275)
	at com.google.firebase.rules.runtime.impl.DefaultEvaluator$TransformEvaluationException.apply(DefaultEvaluator.java:261)
	at com.google.common.util.concurrent.AbstractCatchingFuture$AsyncCatchingFuture.doFallback(AbstractCatchingFuture.java:211)
	at com.google.common.util.concurrent.AbstractCatchingFuture$AsyncCatchingFuture.doFallback(AbstractCatchingFuture.java:198)
	at com.google.common.util.concurrent.AbstractCatchingFuture.run(AbstractCatchingFuture.java:140)
	at com.google.common.util.concurrent.DirectExecutor.execute(DirectExecutor.java:32)
	at com.google.common.util.concurrent.AbstractFuture.executeListener(AbstractFuture.java:1306)
	at com.google.common.util.concurrent.AbstractFuture.addListener(AbstractFuture.java:767)
	at com.google.common.util.concurrent.FluentFuture$TrustedFuture.addListener(FluentFuture.java:122)
	at com.google.common.util.concurrent.AbstractCatchingFuture.createAsync(AbstractCatchingFuture.java:63)
	at com.google.common.util.concurrent.Futures.catchingAsync(Futures.java:413)
	at com.google.firebase.rules.runtime.impl.DefaultEvaluator.evaluate(DefaultEvaluator.java:177)
	at com.google.cloud.datastore.emulator.impl.rules.EmulatorRuleClient$EmulatorRuleEvaluator.evaluate(EmulatorRuleClient.java:88)
	at com.google.cloud.datastore.core.auth.rules.AsyncTwoPhaseRulesAuthorizer.lambda$fullEvaluate$12(AsyncTwoPhaseRulesAuthorizer.java:952)
	at com.google.cloud.datastore.computation.Computation.tryCatch(Computation.java:416)
	at com.google.cloud.datastore.core.auth.rules.AsyncTwoPhaseRulesAuthorizer.fullEvaluate(AsyncTwoPhaseRulesAuthorizer.java:951)
	at com.google.cloud.datastore.core.auth.rules.AsyncTwoPhaseRulesAuthorizer$CommitAuthorizerImpl.lambda$checkWrite$1(AsyncTwoPhaseRulesAuthorizer.java:1192)
	at com.google.cloud.datastore.computation.Computation.lambda$tryClose$27(Computation.java:685)
	at com.google.cloud.datastore.computation.Computation.tryCatch(Computation.java:416)
	at com.google.cloud.datastore.computation.Computation.tryFinally(Computation.java:652)
	at com.google.cloud.datastore.computation.Computation.tryFinally(Computation.java:658)
	at com.google.cloud.datastore.computation.Computation.tryClose(Computation.java:685)
	at com.google.cloud.datastore.core.auth.rules.AsyncTwoPhaseRulesAuthorizer$CommitAuthorizerImpl.checkWrite(AsyncTwoPhaseRulesAuthorizer.java:1161)
	at com.google.cloud.datastore.emulator.impl.rules.DefaultEmulatorRulesAuthorizer.lambda$checkCommit$0(DefaultEmulatorRulesAuthorizer.java:124)
	at com.google.cloud.datastore.emulator.impl.rules.DefaultEmulatorRulesAuthorizer.withVerboseErrors(DefaultEmulatorRulesAuthorizer.java:290)
	... 22 more

 {"metadata":{"emulator":{"name":"firestore"},"message":"Aug 01, 2026 2:48:59 PM com.google.cloud.datastore.emulator.impl.util.WrappedStreamObserver onError\nWARNING: Operation failed: \nProperty role is undefined on object. for 'create' @ L64, Property role is undefined on object. for 'update' @ L65, Property role is undefined on object. for 'create' @ L64\ncom.google.cloud.datastore.core.exception.DatastoreException: \nProperty role is undefined on object. for 'create' @ L64, Property role is undefined on object. for 'update' @ L65, Property role is undefined on object. for 'create' @ L64\n\tat com.google.cloud.datastore.core.exception.DatastoreException$Builder.build(DatastoreException.java:121)\n\tat com.google.cloud.datastore.emulator.impl.rules.DefaultEmulatorRulesAuthorizer.verboseError(DefaultEmulatorRulesAuthorizer.java:318)\n\tat com.google.cloud.datastore.emulator.impl.rules.DefaultEmulatorRulesAuthorizer.withVerboseErrors(DefaultEmulatorRulesAuthorizer.java:295)\n\tat com.google.cloud.datastore.emulator.impl.rules.DefaultEmulatorRulesAuthorizer.checkCommit(DefaultEmulatorRulesAuthorizer.java:114)\n\tat com.google.cloud.datastore.emulator.impl.firestore.FirestoreEmulatorHelper.commitHelper(FirestoreEmulatorHelper.java:360)\n\tat com.google.cloud.datastore.emulator.impl.firestore.FirestoreEmulatorHelper.internalCommit(FirestoreEmulatorHelper.java:314)\n\tat com.google.cloud.datastore.emulator.impl.firestore.CloudFirestoreV1.internalCommit(CloudFirestoreV1.java:1077)\n\tat com.google.cloud.datastore.emulator.impl.firestore.CloudFirestoreV1.write(CloudFirestoreV1.java:1065)\n\tat com.google.cloud.datastore.emulator.impl.firestore.CloudFirestoreV1WriteStream.handleRequest(CloudFirestoreV1WriteStream.java:218)\n\tat com.google.cloud.datastore.emulator.impl.firestore.CloudFirestoreV1WriteStream.write(CloudFirestoreV1WriteStream.java:140)\n\tat com.google.cloud.datastore.emulator.impl.firestore.CloudFirestoreV1WriteStream.onNext(CloudFirestoreV1WriteStream.java:95)\n\tat com.google.cloud.datastore.emulator.impl.firestore.CloudFirestoreV1WriteStream.onNext(CloudFirestoreV1WriteStream.java:27)\n\tat io.grpc.stub.ServerCalls$StreamingServerCallHandler$StreamingServerCallListener.onMessage(ServerCalls.java:262)\n\tat io.grpc.ForwardingServerCallListener.onMessage(ForwardingServerCallListener.java:33)\n\tat io.grpc.Contexts$ContextualizedServerCallListener.onMessage(Contexts.java:76)\n\tat io.grpc.ForwardingServerCallListener.onMessage(ForwardingServerCallListener.java:33)\n\tat io.grpc.Contexts$ContextualizedServerCallListener.onMessage(Contexts.java:76)\n\tat io.grpc.internal.ServerCallImpl$ServerStreamListenerImpl.messagesAvailableInternal(ServerCallImpl.java:334)\n\tat io.grpc.internal.ServerCallImpl$ServerStreamListenerImpl.messagesAvailable(ServerCallImpl.java:319)\n\tat io.grpc.internal.ServerImpl$JumpToApplicationThreadServerStreamListener$1MessagesAvailable.runInContext(ServerImpl.java:834)\n\tat io.grpc.internal.ContextRunnable.run(ContextRunnable.java:37)\n\tat io.grpc.internal.SerializingExecutor.run(SerializingExecutor.java:133)\n\tat java.base/java.util.concurrent.ThreadPoolExecutor.runWorker(ThreadPoolExecutor.java:1136)\n\tat java.base/java.util.concurrent.ThreadPoolExecutor$Worker.run(ThreadPoolExecutor.java:635)\n\tat java.base/java.lang.Thread.run(Thread.java:840)\nCaused by: com.google.firebase.rules.runtime.common.EvaluationException: Error: /workspace/firestore.rules line [12], column [14]. Property role is undefined on object.\n\tat com.google.firebase.rules.runtime.impl.DefaultEvaluator$TransformEvaluationException.apply(DefaultEvaluator.java:275)\n\tat com.google.firebase.rules.runtime.impl.DefaultEvaluator$TransformEvaluationException.apply(DefaultEvaluator.java:261)\n\tat com.google.common.util.concurrent.AbstractCatchingFuture$AsyncCatchingFuture.doFallback(AbstractCatchingFuture.java:211)\n\tat com.google.common.util.concurrent.AbstractCatchingFuture$AsyncCatchingFuture.doFallback(AbstractCatchingFuture.java:198)\n\tat com.google.common.util.concurrent.AbstractCatchingFuture.run(AbstractCatchingFuture.java:140)\n\tat com.google.common.util.concurrent.DirectExecutor.execute(DirectExecutor.java:32)\n\tat com.google.common.util.concurrent.AbstractFuture.executeListener(AbstractFuture.java:1306)\n\tat com.google.common.util.concurrent.AbstractFuture.addListener(AbstractFuture.java:767)\n\tat com.google.common.util.concurrent.FluentFuture$TrustedFuture.addListener(FluentFuture.java:122)\n\tat com.google.common.util.concurrent.AbstractCatchingFuture.createAsync(AbstractCatchingFuture.java:63)\n\tat com.google.common.util.concurrent.Futures.catchingAsync(Futures.java:413)\n\tat com.google.firebase.rules.runtime.impl.DefaultEvaluator.evaluate(DefaultEvaluator.java:177)\n\tat com.google.cloud.datastore.emulator.impl.rules.EmulatorRuleClient$EmulatorRuleEvaluator.evaluate(EmulatorRuleClient.java:88)\n\tat com.google.cloud.datastore.core.auth.rules.AsyncTwoPhaseRulesAuthorizer.lambda$fullEvaluate$12(AsyncTwoPhaseRulesAuthorizer.java:952)\n\tat com.google.cloud.datastore.computation.Computation.tryCatch(Computation.java:416)\n\tat com.google.cloud.datastore.core.auth.rules.AsyncTwoPhaseRulesAuthorizer.fullEvaluate(AsyncTwoPhaseRulesAuthorizer.java:951)\n\tat com.google.cloud.datastore.core.auth.rules.AsyncTwoPhaseRulesAuthorizer$CommitAuthorizerImpl.lambda$checkWrite$1(AsyncTwoPhaseRulesAuthorizer.java:1192)\n\tat com.google.cloud.datastore.computation.Computation.lambda$tryClose$27(Computation.java:685)\n\tat com.google.cloud.datastore.computation.Computation.tryCatch(Computation.java:416)\n\tat com.google.cloud.datastore.computation.Computation.tryFinally(Computation.java:652)\n\tat com.google.cloud.datastore.computation.Computation.tryFinally(Computation.java:658)\n\tat com.google.cloud.datastore.computation.Computation.tryClose(Computation.java:685)\n\tat com.google.cloud.datastore.core.auth.rules.AsyncTwoPhaseRulesAuthorizer$CommitAuthorizerImpl.checkWrite(AsyncTwoPhaseRulesAuthorizer.java:1161)\n\tat com.google.cloud.datastore.emulator.impl.rules.DefaultEmulatorRulesAuthorizer.lambda$checkCommit$0(DefaultEmulatorRulesAuthorizer.java:124)\n\tat com.google.cloud.datastore.emulator.impl.rules.DefaultEmulatorRulesAuthorizer.withVerboseErrors(DefaultEmulatorRulesAuthorizer.java:290)\n\t... 22 more\n\n"}}
[debug] [2026-08-01T14:49:00.625Z] Multiple projectIds are not recommended in single project mode. Requested project ID wildwatch-82abc, but the emulator is configured for demo-wildwatch-local. To opt-out of single project mode add/set the '"singleProjectMode": false' property in the firebase.json emulators config.
 {"metadata":{"emulator":{"name":"firestore"},"message":"Multiple projectIds are not recommended in single project mode. Requested project ID wildwatch-82abc, but the emulator is configured for demo-wildwatch-local. To opt-out of single project mode add/set the '\"singleProjectMode\": false' property in the firebase.json emulators config.\n"}}
[debug] [2026-08-01T14:49:00.821Z] Aug 01, 2026 2:49:00 PM com.google.cloud.datastore.emulator.impl.util.WrappedStreamObserver onError
WARNING: Operation failed: 
Property role is undefined on object. for 'create' @ L64, Property role is undefined on object. for 'update' @ L65, Property role is undefined on object. for 'create' @ L64
com.google.cloud.datastore.core.exception.DatastoreException: 
Property role is undefined on object. for 'create' @ L64, Property role is undefined on object. for 'update' @ L65, Property role is undefined on object. for 'create' @ L64
	at com.google.cloud.datastore.core.exception.DatastoreException$Builder.build(DatastoreException.java:121)
	at com.google.cloud.datastore.emulator.impl.rules.DefaultEmulatorRulesAuthorizer.verboseError(DefaultEmulatorRulesAuthorizer.java:318)
	at com.google.cloud.datastore.emulator.impl.rules.DefaultEmulatorRulesAuthorizer.withVerboseErrors(DefaultEmulatorRulesAuthorizer.java:295)
	at com.google.cloud.datastore.emulator.impl.rules.DefaultEmulatorRulesAuthorizer.checkCommit(DefaultEmulatorRulesAuthorizer.java:114)
	at com.google.cloud.datastore.emulator.impl.firestore.FirestoreEmulatorHelper.commitHelper(FirestoreEmulatorHelper.java:360)
	at com.google.cloud.datastore.emulator.impl.firestore.FirestoreEmulatorHelper.internalCommit(FirestoreEmulatorHelper.java:314)
	at com.google.cloud.datastore.emulator.impl.firestore.CloudFirestoreV1.internalCommit(CloudFirestoreV1.java:1077)
	at com.google.cloud.datastore.emulator.impl.firestore.CloudFirestoreV1.write(CloudFirestoreV1.java:1065)
	at com.google.cloud.datastore.emulator.impl.firestore.CloudFirestoreV1WriteStream.handleRequest(CloudFirestoreV1WriteStream.java:218)
	at com.google.cloud.datastore.emulator.impl.firestore.CloudFirestoreV1WriteStream.write(CloudFirestoreV1WriteStream.java:140)
	at com.google.cloud.datastore.emulator.impl.firestore.CloudFirestoreV1WriteStream.onNext(CloudFirestoreV1WriteStream.java:95)
	at com.google.cloud.datastore.emulator.impl.firestore.CloudFirestoreV1WriteStream.onNext(CloudFirestoreV1WriteStream.java:27)
	at io.grpc.stub.ServerCalls$StreamingServerCallHandler$StreamingServerCallListener.onMessage(ServerCalls.java:262)
	at io.grpc.ForwardingServerCallListener.onMessage(ForwardingServerCallListener.java:33)
	at io.grpc.Contexts$ContextualizedServerCallListener.onMessage(Contexts.java:76)
	at io.grpc.ForwardingServerCallListener.onMessage(ForwardingServerCallListener.java:33)
	at io.grpc.Contexts$ContextualizedServerCallListener.onMessage(Contexts.java:76)
	at io.grpc.internal.ServerCallImpl$ServerStreamListenerImpl.messagesAvailableInternal(ServerCallImpl.java:334)
	at io.grpc.internal.ServerCallImpl$ServerStreamListenerImpl.messagesAvailable(ServerCallImpl.java:319)
	at io.grpc.internal.ServerImpl$JumpToApplicationThreadServerStreamListener$1MessagesAvailable.runInContext(ServerImpl.java:834)
	at io.grpc.internal.ContextRunnable.run(ContextRunnable.java:37)
	at io.grpc.internal.SerializingExecutor.run(SerializingExecutor.java:133)
	at java.base/java.util.concurrent.ThreadPoolExecutor.runWorker(ThreadPoolExecutor.java:1136)
	at java.base/java.util.concurrent.ThreadPoolExecutor$Worker.run(ThreadPoolExecutor.java:635)
	at java.base/java.lang.Thread.run(Thread.java:840)
Caused by: com.google.firebase.rules.runtime.common.EvaluationException: Error: /workspace/firestore.rules line [12], column [14]. Property role is undefined on object.
	at com.google.firebase.rules.runtime.impl.DefaultEvaluator$TransformEvaluationException.apply(DefaultEvaluator.java:275)
	at com.google.firebase.rules.runtime.impl.DefaultEvaluator$TransformEvaluationException.apply(DefaultEvaluator.java:261)
	at com.google.common.util.concurrent.AbstractCatchingFuture$AsyncCatchingFuture.doFallback(AbstractCatchingFuture.java:211)
	at com.google.common.util.concurrent.AbstractCatchingFuture$AsyncCatchingFuture.doFallback(AbstractCatchingFuture.java:198)
	at com.google.common.util.concurrent.AbstractCatchingFuture.run(AbstractCatchingFuture.java:140)
	at com.google.common.util.concurrent.DirectExecutor.execute(DirectExecutor.java:32)
	at com.google.common.util.concurrent.AbstractFuture.executeListener(AbstractFuture.java:1306)
	at com.google.common.util.concurrent.AbstractFuture.addListener(AbstractFuture.java:767)
	at com.google.common.util.concurrent.FluentFuture$TrustedFuture.addListener(FluentFuture.java:122)
	at com.google.common.util.concurrent.AbstractCatchingFuture.createAsync(AbstractCatchingFuture.java:63)
	at com.google.common.util.concurrent.Futures.catchingAsync(Futures.java:413)
	at com.google.firebase.rules.runtime.impl.DefaultEvaluator.evaluate(DefaultEvaluator.java:177)
	at com.google.cloud.datastore.emulator.impl.rules.EmulatorRuleClient$EmulatorRuleEvaluator.evaluate(EmulatorRuleClient.java:88)
	at com.google.cloud.datastore.core.auth.rules.AsyncTwoPhaseRulesAuthorizer.lambda$fullEvaluate$12(AsyncTwoPhaseRulesAuthorizer.java:952)
	at com.google.cloud.datastore.computation.Computation.tryCatch(Computation.java:416)
	at com.google.cloud.datastore.core.auth.rules.AsyncTwoPhaseRulesAuthorizer.fullEvaluate(AsyncTwoPhaseRulesAuthorizer.java:951)
	at com.google.cloud.datastore.core.auth.rules.AsyncTwoPhaseRulesAuthorizer$CommitAuthorizerImpl.lambda$checkWrite$1(AsyncTwoPhaseRulesAuthorizer.java:1192)
	at com.google.cloud.datastore.computation.Computation.lambda$tryClose$27(Computation.java:685)
	at com.google.cloud.datastore.computation.Computation.tryCatch(Computation.java:416)
	at com.google.cloud.datastore.computation.Computation.tryFinally(Computation.java:652)
	at com.google.cloud.datastore.computation.Computation.tryFinally(Computation.java:658)
	at com.google.cloud.datastore.computation.Computation.tryClose(Computation.java:685)
	at com.google.cloud.datastore.core.auth.rules.AsyncTwoPhaseRulesAuthorizer$CommitAuthorizerImpl.checkWrite(AsyncTwoPhaseRulesAuthorizer.java:1161)
	at com.google.cloud.datastore.emulator.impl.rules.DefaultEmulatorRulesAuthorizer.lambda$checkCommit$0(DefaultEmulatorRulesAuthorizer.java:124)
	at com.google.cloud.datastore.emulator.impl.rules.DefaultEmulatorRulesAuthorizer.withVerboseErrors(DefaultEmulatorRulesAuthorizer.java:290)
	... 22 more

 {"metadata":{"emulator":{"name":"firestore"},"message":"Aug 01, 2026 2:49:00 PM com.google.cloud.datastore.emulator.impl.util.WrappedStreamObserver onError\nWARNING: Operation failed: \nProperty role is undefined on object. for 'create' @ L64, Property role is undefined on object. for 'update' @ L65, Property role is undefined on object. for 'create' @ L64\ncom.google.cloud.datastore.core.exception.DatastoreException: \nProperty role is undefined on object. for 'create' @ L64, Property role is undefined on object. for 'update' @ L65, Property role is undefined on object. for 'create' @ L64\n\tat com.google.cloud.datastore.core.exception.DatastoreException$Builder.build(DatastoreException.java:121)\n\tat com.google.cloud.datastore.emulator.impl.rules.DefaultEmulatorRulesAuthorizer.verboseError(DefaultEmulatorRulesAuthorizer.java:318)\n\tat com.google.cloud.datastore.emulator.impl.rules.DefaultEmulatorRulesAuthorizer.withVerboseErrors(DefaultEmulatorRulesAuthorizer.java:295)\n\tat com.google.cloud.datastore.emulator.impl.rules.DefaultEmulatorRulesAuthorizer.checkCommit(DefaultEmulatorRulesAuthorizer.java:114)\n\tat com.google.cloud.datastore.emulator.impl.firestore.FirestoreEmulatorHelper.commitHelper(FirestoreEmulatorHelper.java:360)\n\tat com.google.cloud.datastore.emulator.impl.firestore.FirestoreEmulatorHelper.internalCommit(FirestoreEmulatorHelper.java:314)\n\tat com.google.cloud.datastore.emulator.impl.firestore.CloudFirestoreV1.internalCommit(CloudFirestoreV1.java:1077)\n\tat com.google.cloud.datastore.emulator.impl.firestore.CloudFirestoreV1.write(CloudFirestoreV1.java:1065)\n\tat com.google.cloud.datastore.emulator.impl.firestore.CloudFirestoreV1WriteStream.handleRequest(CloudFirestoreV1WriteStream.java:218)\n\tat com.google.cloud.datastore.emulator.impl.firestore.CloudFirestoreV1WriteStream.write(CloudFirestoreV1WriteStream.java:140)\n\tat com.google.cloud.datastore.emulator.impl.firestore.CloudFirestoreV1WriteStream.onNext(CloudFirestoreV1WriteStream.java:95)\n\tat com.google.cloud.datastore.emulator.impl.firestore.CloudFirestoreV1WriteStream.onNext(CloudFirestoreV1WriteStream.java:27)\n\tat io.grpc.stub.ServerCalls$StreamingServerCallHandler$StreamingServerCallListener.onMessage(ServerCalls.java:262)\n\tat io.grpc.ForwardingServerCallListener.onMessage(ForwardingServerCallListener.java:33)\n\tat io.grpc.Contexts$ContextualizedServerCallListener.onMessage(Contexts.java:76)\n\tat io.grpc.ForwardingServerCallListener.onMessage(ForwardingServerCallListener.java:33)\n\tat io.grpc.Contexts$ContextualizedServerCallListener.onMessage(Contexts.java:76)\n\tat io.grpc.internal.ServerCallImpl$ServerStreamListenerImpl.messagesAvailableInternal(ServerCallImpl.java:334)\n\tat io.grpc.internal.ServerCallImpl$ServerStreamListenerImpl.messagesAvailable(ServerCallImpl.java:319)\n\tat io.grpc.internal.ServerImpl$JumpToApplicationThreadServerStreamListener$1MessagesAvailable.runInContext(ServerImpl.java:834)\n\tat io.grpc.internal.ContextRunnable.run(ContextRunnable.java:37)\n\tat io.grpc.internal.SerializingExecutor.run(SerializingExecutor.java:133)\n\tat java.base/java.util.concurrent.ThreadPoolExecutor.runWorker(ThreadPoolExecutor.java:1136)\n\tat java.base/java.util.concurrent.ThreadPoolExecutor$Worker.run(ThreadPoolExecutor.java:635)\n\tat java.base/java.lang.Thread.run(Thread.java:840)\nCaused by: com.google.firebase.rules.runtime.common.EvaluationException: Error: /workspace/firestore.rules line [12], column [14]. Property role is undefined on object.\n\tat com.google.firebase.rules.runtime.impl.DefaultEvaluator$TransformEvaluationException.apply(DefaultEvaluator.java:275)\n\tat com.google.firebase.rules.runtime.impl.DefaultEvaluator$TransformEvaluationException.apply(DefaultEvaluator.java:261)\n\tat com.google.common.util.concurrent.AbstractCatchingFuture$AsyncCatchingFuture.doFallback(AbstractCatchingFuture.java:211)\n\tat com.google.common.util.concurrent.AbstractCatchingFuture$AsyncCatchingFuture.doFallback(AbstractCatchingFuture.java:198)\n\tat com.google.common.util.concurrent.AbstractCatchingFuture.run(AbstractCatchingFuture.java:140)\n\tat com.google.common.util.concurrent.DirectExecutor.execute(DirectExecutor.java:32)\n\tat com.google.common.util.concurrent.AbstractFuture.executeListener(AbstractFuture.java:1306)\n\tat com.google.common.util.concurrent.AbstractFuture.addListener(AbstractFuture.java:767)\n\tat com.google.common.util.concurrent.FluentFuture$TrustedFuture.addListener(FluentFuture.java:122)\n\tat com.google.common.util.concurrent.AbstractCatchingFuture.createAsync(AbstractCatchingFuture.java:63)\n\tat com.google.common.util.concurrent.Futures.catchingAsync(Futures.java:413)\n\tat com.google.firebase.rules.runtime.impl.DefaultEvaluator.evaluate(DefaultEvaluator.java:177)\n\tat com.google.cloud.datastore.emulator.impl.rules.EmulatorRuleClient$EmulatorRuleEvaluator.evaluate(EmulatorRuleClient.java:88)\n\tat com.google.cloud.datastore.core.auth.rules.AsyncTwoPhaseRulesAuthorizer.lambda$fullEvaluate$12(AsyncTwoPhaseRulesAuthorizer.java:952)\n\tat com.google.cloud.datastore.computation.Computation.tryCatch(Computation.java:416)\n\tat com.google.cloud.datastore.core.auth.rules.AsyncTwoPhaseRulesAuthorizer.fullEvaluate(AsyncTwoPhaseRulesAuthorizer.java:951)\n\tat com.google.cloud.datastore.core.auth.rules.AsyncTwoPhaseRulesAuthorizer$CommitAuthorizerImpl.lambda$checkWrite$1(AsyncTwoPhaseRulesAuthorizer.java:1192)\n\tat com.google.cloud.datastore.computation.Computation.lambda$tryClose$27(Computation.java:685)\n\tat com.google.cloud.datastore.computation.Computation.tryCatch(Computation.java:416)\n\tat com.google.cloud.datastore.computation.Computation.tryFinally(Computation.java:652)\n\tat com.google.cloud.datastore.computation.Computation.tryFinally(Computation.java:658)\n\tat com.google.cloud.datastore.computation.Computation.tryClose(Computation.java:685)\n\tat com.google.cloud.datastore.core.auth.rules.AsyncTwoPhaseRulesAuthorizer$CommitAuthorizerImpl.checkWrite(AsyncTwoPhaseRulesAuthorizer.java:1161)\n\tat com.google.cloud.datastore.emulator.impl.rules.DefaultEmulatorRulesAuthorizer.lambda$checkCommit$0(DefaultEmulatorRulesAuthorizer.java:124)\n\tat com.google.cloud.datastore.emulator.impl.rules.DefaultEmulatorRulesAuthorizer.withVerboseErrors(DefaultEmulatorRulesAuthorizer.java:290)\n\t... 22 more\n\n"}}
[debug] [2026-08-01T14:49:00.951Z] Multiple projectIds are not recommended in single project mode. Requested project ID wildwatch-82abc, but the emulator is configured for demo-wildwatch-local. To opt-out of single project mode add/set the '"singleProjectMode": false' property in the firebase.json emulators config.
 {"metadata":{"emulator":{"name":"firestore"},"message":"Multiple projectIds are not recommended in single project mode. Requested project ID wildwatch-82abc, but the emulator is configured for demo-wildwatch-local. To opt-out of single project mode add/set the '\"singleProjectMode\": false' property in the firebase.json emulators config.\n"}}
[debug] [2026-08-01T14:49:01.139Z] Aug 01, 2026 2:49:01 PM com.google.cloud.datastore.emulator.impl.util.WrappedStreamObserver onError
WARNING: Operation failed: 
Property role is undefined on object. for 'create' @ L64, Property role is undefined on object. for 'update' @ L65, Property role is undefined on object. for 'create' @ L64
com.google.cloud.datastore.core.exception.DatastoreException: 
Property role is undefined on object. for 'create' @ L64, Property role is undefined on object. for 'update' @ L65, Property role is undefined on object. for 'create' @ L64
	at com.google.cloud.datastore.core.exception.DatastoreException$Builder.build(DatastoreException.java:121)
	at com.google.cloud.datastore.emulator.impl.rules.DefaultEmulatorRulesAuthorizer.verboseError(DefaultEmulatorRulesAuthorizer.java:318)
	at com.google.cloud.datastore.emulator.impl.rules.DefaultEmulatorRulesAuthorizer.withVerboseErrors(DefaultEmulatorRulesAuthorizer.java:295)
	at com.google.cloud.datastore.emulator.impl.rules.DefaultEmulatorRulesAuthorizer.checkCommit(DefaultEmulatorRulesAuthorizer.java:114)
	at com.google.cloud.datastore.emulator.impl.firestore.FirestoreEmulatorHelper.commitHelper(FirestoreEmulatorHelper.java:360)
	at com.google.cloud.datastore.emulator.impl.firestore.FirestoreEmulatorHelper.internalCommit(FirestoreEmulatorHelper.java:314)
	at com.google.cloud.datastore.emulator.impl.firestore.CloudFirestoreV1.internalCommit(CloudFirestoreV1.java:1077)
	at com.google.cloud.datastore.emulator.impl.firestore.CloudFirestoreV1.write(CloudFirestoreV1.java:1065)
	at com.google.cloud.datastore.emulator.impl.firestore.CloudFirestoreV1WriteStream.handleRequest(CloudFirestoreV1WriteStream.java:218)
	at com.google.cloud.datastore.emulator.impl.firestore.CloudFirestoreV1WriteStream.write(CloudFirestoreV1WriteStream.java:140)
	at com.google.cloud.datastore.emulator.impl.firestore.CloudFirestoreV1WriteStream.onNext(CloudFirestoreV1WriteStream.java:95)
	at com.google.cloud.datastore.emulator.impl.firestore.CloudFirestoreV1WriteStream.onNext(CloudFirestoreV1WriteStream.java:27)
	at io.grpc.stub.ServerCalls$StreamingServerCallHandler$StreamingServerCallListener.onMessage(ServerCalls.java:262)
	at io.grpc.ForwardingServerCallListener.onMessage(ForwardingServerCallListener.java:33)
	at io.grpc.Contexts$ContextualizedServerCallListener.onMessage(Contexts.java:76)
	at io.grpc.ForwardingServerCallListener.onMessage(ForwardingServerCallListener.java:33)
	at io.grpc.Contexts$ContextualizedServerCallListener.onMessage(Contexts.java:76)
	at io.grpc.internal.ServerCallImpl$ServerStreamListenerImpl.messagesAvailableInternal(ServerCallImpl.java:334)
	at io.grpc.internal.ServerCallImpl$ServerStreamListenerImpl.messagesAvailable(ServerCallImpl.java:319)
	at io.grpc.internal.ServerImpl$JumpToApplicationThreadServerStreamListener$1MessagesAvailable.runInContext(ServerImpl.java:834)
	at io.grpc.internal.ContextRunnable.run(ContextRunnable.java:37)
	at io.grpc.internal.SerializingExecutor.run(SerializingExecutor.java:133)
	at java.base/java.util.concurrent.ThreadPoolExecutor.runWorker(ThreadPoolExecutor.java:1136)
	at java.base/java.util.concurrent.ThreadPoolExecutor$Worker.run(ThreadPoolExecutor.java:635)
	at java.base/java.lang.Thread.run(Thread.java:840)
Caused by: com.google.firebase.rules.runtime.common.EvaluationException: Error: /workspace/firestore.rules line [12], column [14]. Property role is undefined on object.
	at com.google.firebase.rules.runtime.impl.DefaultEvaluator$TransformEvaluationException.apply(DefaultEvaluator.java:275)
	at com.google.firebase.rules.runtime.impl.DefaultEvaluator$TransformEvaluationException.apply(DefaultEvaluator.java:261)
	at com.google.common.util.concurrent.AbstractCatchingFuture$AsyncCatchingFuture.doFallback(AbstractCatchingFuture.java:211)
	at com.google.common.util.concurrent.AbstractCatchingFuture$AsyncCatchingFuture.doFallback(AbstractCatchingFuture.java:198)
	at com.google.common.util.concurrent.AbstractCatchingFuture.run(AbstractCatchingFuture.java:140)
	at com.google.common.util.concurrent.DirectExecutor.execute(DirectExecutor.java:32)
	at com.google.common.util.concurrent.AbstractFuture.executeListener(AbstractFuture.java:1306)
	at com.google.common.util.concurrent.AbstractFuture.addListener(AbstractFuture.java:767)
	at com.google.common.util.concurrent.FluentFuture$TrustedFuture.addListener(FluentFuture.java:122)
	at com.google.common.util.concurrent.AbstractCatchingFuture.createAsync(AbstractCatchingFuture.java:63)
	at com.google.common.util.concurrent.Futures.catchingAsync(Futures.java:413)
	at com.google.firebase.rules.runtime.impl.DefaultEvaluator.evaluate(DefaultEvaluator.java:177)
	at com.google.cloud.datastore.emulator.impl.rules.EmulatorRuleClient$EmulatorRuleEvaluator.evaluate(EmulatorRuleClient.java:88)
	at com.google.cloud.datastore.core.auth.rules.AsyncTwoPhaseRulesAuthorizer.lambda$fullEvaluate$12(AsyncTwoPhaseRulesAuthorizer.java:952)
	at com.google.cloud.datastore.computation.Computation.tryCatch(Computation.java:416)
	at com.google.cloud.datastore.core.auth.rules.AsyncTwoPhaseRulesAuthorizer.fullEvaluate(AsyncTwoPhaseRulesAuthorizer.java:951)
	at com.google.cloud.datastore.core.auth.rules.AsyncTwoPhaseRulesAuthorizer$CommitAuthorizerImpl.lambda$checkWrite$1(AsyncTwoPhaseRulesAuthorizer.java:1192)
	at com.google.cloud.datastore.computation.Computation.lambda$tryClose$27(Computation.java:685)
	at com.google.cloud.datastore.computation.Computation.tryCatch(Computation.java:416)
	at com.google.cloud.datastore.computation.Computation.tryFinally(Computation.java:652)
	at com.google.cloud.datastore.computation.Computation.tryFinally(Computation.java:658)
	at com.google.cloud.datastore.computation.Computation.tryClose(Computation.java:685)
	at com.google.cloud.datastore.core.auth.rules.AsyncTwoPhaseRulesAuthorizer$CommitAuthorizerImpl.checkWrite(AsyncTwoPhaseRulesAuthorizer.java:1161)
	at com.google.cloud.datastore.emulator.impl.rules.DefaultEmulatorRulesAuthorizer.lambda$checkCommit$0(DefaultEmulatorRulesAuthorizer.java:124)
	at com.google.cloud.datastore.emulator.impl.rules.DefaultEmulatorRulesAuthorizer.withVerboseErrors(DefaultEmulatorRulesAuthorizer.java:290)
	... 22 more

 {"metadata":{"emulator":{"name":"firestore"},"message":"Aug 01, 2026 2:49:01 PM com.google.cloud.datastore.emulator.impl.util.WrappedStreamObserver onError\nWARNING: Operation failed: \nProperty role is undefined on object. for 'create' @ L64, Property role is undefined on object. for 'update' @ L65, Property role is undefined on object. for 'create' @ L64\ncom.google.cloud.datastore.core.exception.DatastoreException: \nProperty role is undefined on object. for 'create' @ L64, Property role is undefined on object. for 'update' @ L65, Property role is undefined on object. for 'create' @ L64\n\tat com.google.cloud.datastore.core.exception.DatastoreException$Builder.build(DatastoreException.java:121)\n\tat com.google.cloud.datastore.emulator.impl.rules.DefaultEmulatorRulesAuthorizer.verboseError(DefaultEmulatorRulesAuthorizer.java:318)\n\tat com.google.cloud.datastore.emulator.impl.rules.DefaultEmulatorRulesAuthorizer.withVerboseErrors(DefaultEmulatorRulesAuthorizer.java:295)\n\tat com.google.cloud.datastore.emulator.impl.rules.DefaultEmulatorRulesAuthorizer.checkCommit(DefaultEmulatorRulesAuthorizer.java:114)\n\tat com.google.cloud.datastore.emulator.impl.firestore.FirestoreEmulatorHelper.commitHelper(FirestoreEmulatorHelper.java:360)\n\tat com.google.cloud.datastore.emulator.impl.firestore.FirestoreEmulatorHelper.internalCommit(FirestoreEmulatorHelper.java:314)\n\tat com.google.cloud.datastore.emulator.impl.firestore.CloudFirestoreV1.internalCommit(CloudFirestoreV1.java:1077)\n\tat com.google.cloud.datastore.emulator.impl.firestore.CloudFirestoreV1.write(CloudFirestoreV1.java:1065)\n\tat com.google.cloud.datastore.emulator.impl.firestore.CloudFirestoreV1WriteStream.handleRequest(CloudFirestoreV1WriteStream.java:218)\n\tat com.google.cloud.datastore.emulator.impl.firestore.CloudFirestoreV1WriteStream.write(CloudFirestoreV1WriteStream.java:140)\n\tat com.google.cloud.datastore.emulator.impl.firestore.CloudFirestoreV1WriteStream.onNext(CloudFirestoreV1WriteStream.java:95)\n\tat com.google.cloud.datastore.emulator.impl.firestore.CloudFirestoreV1WriteStream.onNext(CloudFirestoreV1WriteStream.java:27)\n\tat io.grpc.stub.ServerCalls$StreamingServerCallHandler$StreamingServerCallListener.onMessage(ServerCalls.java:262)\n\tat io.grpc.ForwardingServerCallListener.onMessage(ForwardingServerCallListener.java:33)\n\tat io.grpc.Contexts$ContextualizedServerCallListener.onMessage(Contexts.java:76)\n\tat io.grpc.ForwardingServerCallListener.onMessage(ForwardingServerCallListener.java:33)\n\tat io.grpc.Contexts$ContextualizedServerCallListener.onMessage(Contexts.java:76)\n\tat io.grpc.internal.ServerCallImpl$ServerStreamListenerImpl.messagesAvailableInternal(ServerCallImpl.java:334)\n\tat io.grpc.internal.ServerCallImpl$ServerStreamListenerImpl.messagesAvailable(ServerCallImpl.java:319)\n\tat io.grpc.internal.ServerImpl$JumpToApplicationThreadServerStreamListener$1MessagesAvailable.runInContext(ServerImpl.java:834)\n\tat io.grpc.internal.ContextRunnable.run(ContextRunnable.java:37)\n\tat io.grpc.internal.SerializingExecutor.run(SerializingExecutor.java:133)\n\tat java.base/java.util.concurrent.ThreadPoolExecutor.runWorker(ThreadPoolExecutor.java:1136)\n\tat java.base/java.util.concurrent.ThreadPoolExecutor$Worker.run(ThreadPoolExecutor.java:635)\n\tat java.base/java.lang.Thread.run(Thread.java:840)\nCaused by: com.google.firebase.rules.runtime.common.EvaluationException: Error: /workspace/firestore.rules line [12], column [14]. Property role is undefined on object.\n\tat com.google.firebase.rules.runtime.impl.DefaultEvaluator$TransformEvaluationException.apply(DefaultEvaluator.java:275)\n\tat com.google.firebase.rules.runtime.impl.DefaultEvaluator$TransformEvaluationException.apply(DefaultEvaluator.java:261)\n\tat com.google.common.util.concurrent.AbstractCatchingFuture$AsyncCatchingFuture.doFallback(AbstractCatchingFuture.java:211)\n\tat com.google.common.util.concurrent.AbstractCatchingFuture$AsyncCatchingFuture.doFallback(AbstractCatchingFuture.java:198)\n\tat com.google.common.util.concurrent.AbstractCatchingFuture.run(AbstractCatchingFuture.java:140)\n\tat com.google.common.util.concurrent.DirectExecutor.execute(DirectExecutor.java:32)\n\tat com.google.common.util.concurrent.AbstractFuture.executeListener(AbstractFuture.java:1306)\n\tat com.google.common.util.concurrent.AbstractFuture.addListener(AbstractFuture.java:767)\n\tat com.google.common.util.concurrent.FluentFuture$TrustedFuture.addListener(FluentFuture.java:122)\n\tat com.google.common.util.concurrent.AbstractCatchingFuture.createAsync(AbstractCatchingFuture.java:63)\n\tat com.google.common.util.concurrent.Futures.catchingAsync(Futures.java:413)\n\tat com.google.firebase.rules.runtime.impl.DefaultEvaluator.evaluate(DefaultEvaluator.java:177)\n\tat com.google.cloud.datastore.emulator.impl.rules.EmulatorRuleClient$EmulatorRuleEvaluator.evaluate(EmulatorRuleClient.java:88)\n\tat com.google.cloud.datastore.core.auth.rules.AsyncTwoPhaseRulesAuthorizer.lambda$fullEvaluate$12(AsyncTwoPhaseRulesAuthorizer.java:952)\n\tat com.google.cloud.datastore.computation.Computation.tryCatch(Computation.java:416)\n\tat com.google.cloud.datastore.core.auth.rules.AsyncTwoPhaseRulesAuthorizer.fullEvaluate(AsyncTwoPhaseRulesAuthorizer.java:951)\n\tat com.google.cloud.datastore.core.auth.rules.AsyncTwoPhaseRulesAuthorizer$CommitAuthorizerImpl.lambda$checkWrite$1(AsyncTwoPhaseRulesAuthorizer.java:1192)\n\tat com.google.cloud.datastore.computation.Computation.lambda$tryClose$27(Computation.java:685)\n\tat com.google.cloud.datastore.computation.Computation.tryCatch(Computation.java:416)\n\tat com.google.cloud.datastore.computation.Computation.tryFinally(Computation.java:652)\n\tat com.google.cloud.datastore.computation.Computation.tryFinally(Computation.java:658)\n\tat com.google.cloud.datastore.computation.Computation.tryClose(Computation.java:685)\n\tat com.google.cloud.datastore.core.auth.rules.AsyncTwoPhaseRulesAuthorizer$CommitAuthorizerImpl.checkWrite(AsyncTwoPhaseRulesAuthorizer.java:1161)\n\tat com.google.cloud.datastore.emulator.impl.rules.DefaultEmulatorRulesAuthorizer.lambda$checkCommit$0(DefaultEmulatorRulesAuthorizer.java:124)\n\tat com.google.cloud.datastore.emulator.impl.rules.DefaultEmulatorRulesAuthorizer.withVerboseErrors(DefaultEmulatorRulesAuthorizer.java:290)\n\t... 22 more\n\n"}}
[debug] [2026-08-01T14:49:01.346Z] Multiple projectIds are not recommended in single project mode. Requested project ID wildwatch-82abc, but the emulator is configured for demo-wildwatch-local. To opt-out of single project mode add/set the '"singleProjectMode": false' property in the firebase.json emulators config.
 {"metadata":{"emulator":{"name":"firestore"},"message":"Multiple projectIds are not recommended in single project mode. Requested project ID wildwatch-82abc, but the emulator is configured for demo-wildwatch-local. To opt-out of single project mode add/set the '\"singleProjectMode\": false' property in the firebase.json emulators config.\n"}}
[debug] [2026-08-01T14:49:01.543Z] Aug 01, 2026 2:49:01 PM com.google.cloud.datastore.emulator.impl.util.WrappedStreamObserver onError
WARNING: Operation failed: 
Property role is undefined on object. for 'create' @ L64, Property role is undefined on object. for 'update' @ L65, Property role is undefined on object. for 'create' @ L64
com.google.cloud.datastore.core.exception.DatastoreException: 
Property role is undefined on object. for 'create' @ L64, Property role is undefined on object. for 'update' @ L65, Property role is undefined on object. for 'create' @ L64
	at com.google.cloud.datastore.core.exception.DatastoreException$Builder.build(DatastoreException.java:121)
	at com.google.cloud.datastore.emulator.impl.rules.DefaultEmulatorRulesAuthorizer.verboseError(DefaultEmulatorRulesAuthorizer.java:318)
	at com.google.cloud.datastore.emulator.impl.rules.DefaultEmulatorRulesAuthorizer.withVerboseErrors(DefaultEmulatorRulesAuthorizer.java:295)
	at com.google.cloud.datastore.emulator.impl.rules.DefaultEmulatorRulesAuthorizer.checkCommit(DefaultEmulatorRulesAuthorizer.java:114)
	at com.google.cloud.datastore.emulator.impl.firestore.FirestoreEmulatorHelper.commitHelper(FirestoreEmulatorHelper.java:360)
	at com.google.cloud.datastore.emulator.impl.firestore.FirestoreEmulatorHelper.internalCommit(FirestoreEmulatorHelper.java:314)
	at com.google.cloud.datastore.emulator.impl.firestore.CloudFirestoreV1.internalCommit(CloudFirestoreV1.java:1077)
	at com.google.cloud.datastore.emulator.impl.firestore.CloudFirestoreV1.write(CloudFirestoreV1.java:1065)
	at com.google.cloud.datastore.emulator.impl.firestore.CloudFirestoreV1WriteStream.handleRequest(CloudFirestoreV1WriteStream.java:218)
	at com.google.cloud.datastore.emulator.impl.firestore.CloudFirestoreV1WriteStream.write(CloudFirestoreV1WriteStream.java:140)
	at com.google.cloud.datastore.emulator.impl.firestore.CloudFirestoreV1WriteStream.onNext(CloudFirestoreV1WriteStream.java:95)
	at com.google.cloud.datastore.emulator.impl.firestore.CloudFirestoreV1WriteStream.onNext(CloudFirestoreV1WriteStream.java:27)
	at io.grpc.stub.ServerCalls$StreamingServerCallHandler$StreamingServerCallListener.onMessage(ServerCalls.java:262)
	at io.grpc.ForwardingServerCallListener.onMessage(ForwardingServerCallListener.java:33)
	at io.grpc.Contexts$ContextualizedServerCallListener.onMessage(Contexts.java:76)
	at io.grpc.ForwardingServerCallListener.onMessage(ForwardingServerCallListener.java:33)
	at io.grpc.Contexts$ContextualizedServerCallListener.onMessage(Contexts.java:76)
	at io.grpc.internal.ServerCallImpl$ServerStreamListenerImpl.messagesAvailableInternal(ServerCallImpl.java:334)
	at io.grpc.internal.ServerCallImpl$ServerStreamListenerImpl.messagesAvailable(ServerCallImpl.java:319)
	at io.grpc.internal.ServerImpl$JumpToApplicationThreadServerStreamListener$1MessagesAvailable.runInContext(ServerImpl.java:834)
	at io.grpc.internal.ContextRunnable.run(ContextRunnable.java:37)
	at io.grpc.internal.SerializingExecutor.run(SerializingExecutor.java:133)
	at java.base/java.util.concurrent.ThreadPoolExecutor.runWorker(ThreadPoolExecutor.java:1136)
	at java.base/java.util.concurrent.ThreadPoolExecutor$Worker.run(ThreadPoolExecutor.java:635)
	at java.base/java.lang.Thread.run(Thread.java:840)
Caused by: com.google.firebase.rules.runtime.common.EvaluationException: Error: /workspace/firestore.rules line [12], column [14]. Property role is undefined on object.
	at com.google.firebase.rules.runtime.impl.DefaultEvaluator$TransformEvaluationException.apply(DefaultEvaluator.java:275)
	at com.google.firebase.rules.runtime.impl.DefaultEvaluator$TransformEvaluationException.apply(DefaultEvaluator.java:261)
	at com.google.common.util.concurrent.AbstractCatchingFuture$AsyncCatchingFuture.doFallback(AbstractCatchingFuture.java:211)
	at com.google.common.util.concurrent.AbstractCatchingFuture$AsyncCatchingFuture.doFallback(AbstractCatchingFuture.java:198)
	at com.google.common.util.concurrent.AbstractCatchingFuture.run(AbstractCatchingFuture.java:140)
	at com.google.common.util.concurrent.DirectExecutor.execute(DirectExecutor.java:32)
	at com.google.common.util.concurrent.AbstractFuture.executeListener(AbstractFuture.java:1306)
	at com.google.common.util.concurrent.AbstractFuture.addListener(AbstractFuture.java:767)
	at com.google.common.util.concurrent.FluentFuture$TrustedFuture.addListener(FluentFuture.java:122)
	at com.google.common.util.concurrent.AbstractCatchingFuture.createAsync(AbstractCatchingFuture.java:63)
	at com.google.common.util.concurrent.Futures.catchingAsync(Futures.java:413)
	at com.google.firebase.rules.runtime.impl.DefaultEvaluator.evaluate(DefaultEvaluator.java:177)
	at com.google.cloud.datastore.emulator.impl.rules.EmulatorRuleClient$EmulatorRuleEvaluator.evaluate(EmulatorRuleClient.java:88)
	at com.google.cloud.datastore.core.auth.rules.AsyncTwoPhaseRulesAuthorizer.lambda$fullEvaluate$12(AsyncTwoPhaseRulesAuthorizer.java:952)
	at com.google.cloud.datastore.computation.Computation.tryCatch(Computation.java:416)
	at com.google.cloud.datastore.core.auth.rules.AsyncTwoPhaseRulesAuthorizer.fullEvaluate(AsyncTwoPhaseRulesAuthorizer.java:951)
	at com.google.cloud.datastore.core.auth.rules.AsyncTwoPhaseRulesAuthorizer$CommitAuthorizerImpl.lambda$checkWrite$1(AsyncTwoPhaseRulesAuthorizer.java:1192)
	at com.google.cloud.datastore.computation.Computation.lambda$tryClose$27(Computation.java:685)
	at com.google.cloud.datastore.computation.Computation.tryCatch(Computation.java:416)
	at com.google.cloud.datastore.computation.Computation.tryFinally(Computation.java:652)
	at com.google.cloud.datastore.computation.Computation.tryFinally(Computation.java:658)
	at com.google.cloud.datastore.computation.Computation.tryClose(Computation.java:685)
	at com.google.cloud.datastore.core.auth.rules.AsyncTwoPhaseRulesAuthorizer$CommitAuthorizerImpl.checkWrite(AsyncTwoPhaseRulesAuthorizer.java:1161)
	at com.google.cloud.datastore.emulator.impl.rules.DefaultEmulatorRulesAuthorizer.lambda$checkCommit$0(DefaultEmulatorRulesAuthorizer.java:124)
	at com.google.cloud.datastore.emulator.impl.rules.DefaultEmulatorRulesAuthorizer.withVerboseErrors(DefaultEmulatorRulesAuthorizer.java:290)
	... 22 more

 {"metadata":{"emulator":{"name":"firestore"},"message":"Aug 01, 2026 2:49:01 PM com.google.cloud.datastore.emulator.impl.util.WrappedStreamObserver onError\nWARNING: Operation failed: \nProperty role is undefined on object. for 'create' @ L64, Property role is undefined on object. for 'update' @ L65, Property role is undefined on object. for 'create' @ L64\ncom.google.cloud.datastore.core.exception.DatastoreException: \nProperty role is undefined on object. for 'create' @ L64, Property role is undefined on object. for 'update' @ L65, Property role is undefined on object. for 'create' @ L64\n\tat com.google.cloud.datastore.core.exception.DatastoreException$Builder.build(DatastoreException.java:121)\n\tat com.google.cloud.datastore.emulator.impl.rules.DefaultEmulatorRulesAuthorizer.verboseError(DefaultEmulatorRulesAuthorizer.java:318)\n\tat com.google.cloud.datastore.emulator.impl.rules.DefaultEmulatorRulesAuthorizer.withVerboseErrors(DefaultEmulatorRulesAuthorizer.java:295)\n\tat com.google.cloud.datastore.emulator.impl.rules.DefaultEmulatorRulesAuthorizer.checkCommit(DefaultEmulatorRulesAuthorizer.java:114)\n\tat com.google.cloud.datastore.emulator.impl.firestore.FirestoreEmulatorHelper.commitHelper(FirestoreEmulatorHelper.java:360)\n\tat com.google.cloud.datastore.emulator.impl.firestore.FirestoreEmulatorHelper.internalCommit(FirestoreEmulatorHelper.java:314)\n\tat com.google.cloud.datastore.emulator.impl.firestore.CloudFirestoreV1.internalCommit(CloudFirestoreV1.java:1077)\n\tat com.google.cloud.datastore.emulator.impl.firestore.CloudFirestoreV1.write(CloudFirestoreV1.java:1065)\n\tat com.google.cloud.datastore.emulator.impl.firestore.CloudFirestoreV1WriteStream.handleRequest(CloudFirestoreV1WriteStream.java:218)\n\tat com.google.cloud.datastore.emulator.impl.firestore.CloudFirestoreV1WriteStream.write(CloudFirestoreV1WriteStream.java:140)\n\tat com.google.cloud.datastore.emulator.impl.firestore.CloudFirestoreV1WriteStream.onNext(CloudFirestoreV1WriteStream.java:95)\n\tat com.google.cloud.datastore.emulator.impl.firestore.CloudFirestoreV1WriteStream.onNext(CloudFirestoreV1WriteStream.java:27)\n\tat io.grpc.stub.ServerCalls$StreamingServerCallHandler$StreamingServerCallListener.onMessage(ServerCalls.java:262)\n\tat io.grpc.ForwardingServerCallListener.onMessage(ForwardingServerCallListener.java:33)\n\tat io.grpc.Contexts$ContextualizedServerCallListener.onMessage(Contexts.java:76)\n\tat io.grpc.ForwardingServerCallListener.onMessage(ForwardingServerCallListener.java:33)\n\tat io.grpc.Contexts$ContextualizedServerCallListener.onMessage(Contexts.java:76)\n\tat io.grpc.internal.ServerCallImpl$ServerStreamListenerImpl.messagesAvailableInternal(ServerCallImpl.java:334)\n\tat io.grpc.internal.ServerCallImpl$ServerStreamListenerImpl.messagesAvailable(ServerCallImpl.java:319)\n\tat io.grpc.internal.ServerImpl$JumpToApplicationThreadServerStreamListener$1MessagesAvailable.runInContext(ServerImpl.java:834)\n\tat io.grpc.internal.ContextRunnable.run(ContextRunnable.java:37)\n\tat io.grpc.internal.SerializingExecutor.run(SerializingExecutor.java:133)\n\tat java.base/java.util.concurrent.ThreadPoolExecutor.runWorker(ThreadPoolExecutor.java:1136)\n\tat java.base/java.util.concurrent.ThreadPoolExecutor$Worker.run(ThreadPoolExecutor.java:635)\n\tat java.base/java.lang.Thread.run(Thread.java:840)\nCaused by: com.google.firebase.rules.runtime.common.EvaluationException: Error: /workspace/firestore.rules line [12], column [14]. Property role is undefined on object.\n\tat com.google.firebase.rules.runtime.impl.DefaultEvaluator$TransformEvaluationException.apply(DefaultEvaluator.java:275)\n\tat com.google.firebase.rules.runtime.impl.DefaultEvaluator$TransformEvaluationException.apply(DefaultEvaluator.java:261)\n\tat com.google.common.util.concurrent.AbstractCatchingFuture$AsyncCatchingFuture.doFallback(AbstractCatchingFuture.java:211)\n\tat com.google.common.util.concurrent.AbstractCatchingFuture$AsyncCatchingFuture.doFallback(AbstractCatchingFuture.java:198)\n\tat com.google.common.util.concurrent.AbstractCatchingFuture.run(AbstractCatchingFuture.java:140)\n\tat com.google.common.util.concurrent.DirectExecutor.execute(DirectExecutor.java:32)\n\tat com.google.common.util.concurrent.AbstractFuture.executeListener(AbstractFuture.java:1306)\n\tat com.google.common.util.concurrent.AbstractFuture.addListener(AbstractFuture.java:767)\n\tat com.google.common.util.concurrent.FluentFuture$TrustedFuture.addListener(FluentFuture.java:122)\n\tat com.google.common.util.concurrent.AbstractCatchingFuture.createAsync(AbstractCatchingFuture.java:63)\n\tat com.google.common.util.concurrent.Futures.catchingAsync(Futures.java:413)\n\tat com.google.firebase.rules.runtime.impl.DefaultEvaluator.evaluate(DefaultEvaluator.java:177)\n\tat com.google.cloud.datastore.emulator.impl.rules.EmulatorRuleClient$EmulatorRuleEvaluator.evaluate(EmulatorRuleClient.java:88)\n\tat com.google.cloud.datastore.core.auth.rules.AsyncTwoPhaseRulesAuthorizer.lambda$fullEvaluate$12(AsyncTwoPhaseRulesAuthorizer.java:952)\n\tat com.google.cloud.datastore.computation.Computation.tryCatch(Computation.java:416)\n\tat com.google.cloud.datastore.core.auth.rules.AsyncTwoPhaseRulesAuthorizer.fullEvaluate(AsyncTwoPhaseRulesAuthorizer.java:951)\n\tat com.google.cloud.datastore.core.auth.rules.AsyncTwoPhaseRulesAuthorizer$CommitAuthorizerImpl.lambda$checkWrite$1(AsyncTwoPhaseRulesAuthorizer.java:1192)\n\tat com.google.cloud.datastore.computation.Computation.lambda$tryClose$27(Computation.java:685)\n\tat com.google.cloud.datastore.computation.Computation.tryCatch(Computation.java:416)\n\tat com.google.cloud.datastore.computation.Computation.tryFinally(Computation.java:652)\n\tat com.google.cloud.datastore.computation.Computation.tryFinally(Computation.java:658)\n\tat com.google.cloud.datastore.computation.Computation.tryClose(Computation.java:685)\n\tat com.google.cloud.datastore.core.auth.rules.AsyncTwoPhaseRulesAuthorizer$CommitAuthorizerImpl.checkWrite(AsyncTwoPhaseRulesAuthorizer.java:1161)\n\tat com.google.cloud.datastore.emulator.impl.rules.DefaultEmulatorRulesAuthorizer.lambda$checkCommit$0(DefaultEmulatorRulesAuthorizer.java:124)\n\tat com.google.cloud.datastore.emulator.impl.rules.DefaultEmulatorRulesAuthorizer.withVerboseErrors(DefaultEmulatorRulesAuthorizer.java:290)\n\t... 22 more\n\n"}}
[debug] [2026-08-01T14:49:01.674Z] Multiple projectIds are not recommended in single project mode. Requested project ID wildwatch-82abc, but the emulator is configured for demo-wildwatch-local. To opt-out of single project mode add/set the '"singleProjectMode": false' property in the firebase.json emulators config.
 {"metadata":{"emulator":{"name":"firestore"},"message":"Multiple projectIds are not recommended in single project mode. Requested project ID wildwatch-82abc, but the emulator is configured for demo-wildwatch-local. To opt-out of single project mode add/set the '\"singleProjectMode\": false' property in the firebase.json emulators config.\n"}}
[debug] [2026-08-01T14:49:01.870Z] Aug 01, 2026 2:49:01 PM com.google.cloud.datastore.emulator.impl.util.WrappedStreamObserver onError
WARNING: Operation failed: 
Property role is undefined on object. for 'create' @ L64, Property role is undefined on object. for 'update' @ L65, Property role is undefined on object. for 'create' @ L64
com.google.cloud.datastore.core.exception.DatastoreException: 
Property role is undefined on object. for 'create' @ L64, Property role is undefined on object. for 'update' @ L65, Property role is undefined on object. for 'create' @ L64
	at com.google.cloud.datastore.core.exception.DatastoreException$Builder.build(DatastoreException.java:121)
	at com.google.cloud.datastore.emulator.impl.rules.DefaultEmulatorRulesAuthorizer.verboseError(DefaultEmulatorRulesAuthorizer.java:318)
	at com.google.cloud.datastore.emulator.impl.rules.DefaultEmulatorRulesAuthorizer.withVerboseErrors(DefaultEmulatorRulesAuthorizer.java:295)
	at com.google.cloud.datastore.emulator.impl.rules.DefaultEmulatorRulesAuthorizer.checkCommit(DefaultEmulatorRulesAuthorizer.java:114)
	at com.google.cloud.datastore.emulator.impl.firestore.FirestoreEmulatorHelper.commitHelper(FirestoreEmulatorHelper.java:360)
	at com.google.cloud.datastore.emulator.impl.firestore.FirestoreEmulatorHelper.internalCommit(FirestoreEmulatorHelper.java:314)
	at com.google.cloud.datastore.emulator.impl.firestore.CloudFirestoreV1.internalCommit(CloudFirestoreV1.java:1077)
	at com.google.cloud.datastore.emulator.impl.firestore.CloudFirestoreV1.write(CloudFirestoreV1.java:1065)
	at com.google.cloud.datastore.emulator.impl.firestore.CloudFirestoreV1WriteStream.handleRequest(CloudFirestoreV1WriteStream.java:218)
	at com.google.cloud.datastore.emulator.impl.firestore.CloudFirestoreV1WriteStream.write(CloudFirestoreV1WriteStream.java:140)
	at com.google.cloud.datastore.emulator.impl.firestore.CloudFirestoreV1WriteStream.onNext(CloudFirestoreV1WriteStream.java:95)
	at com.google.cloud.datastore.emulator.impl.firestore.CloudFirestoreV1WriteStream.onNext(CloudFirestoreV1WriteStream.java:27)
	at io.grpc.stub.ServerCalls$StreamingServerCallHandler$StreamingServerCallListener.onMessage(ServerCalls.java:262)
	at io.grpc.ForwardingServerCallListener.onMessage(ForwardingServerCallListener.java:33)
	at io.grpc.Contexts$ContextualizedServerCallListener.onMessage(Contexts.java:76)
	at io.grpc.ForwardingServerCallListener.onMessage(ForwardingServerCallListener.java:33)
	at io.grpc.Contexts$ContextualizedServerCallListener.onMessage(Contexts.java:76)
	at io.grpc.internal.ServerCallImpl$ServerStreamListenerImpl.messagesAvailableInternal(ServerCallImpl.java:334)
	at io.grpc.internal.ServerCallImpl$ServerStreamListenerImpl.messagesAvailable(ServerCallImpl.java:319)
	at io.grpc.internal.ServerImpl$JumpToApplicationThreadServerStreamListener$1MessagesAvailable.runInContext(ServerImpl.java:834)
	at io.grpc.internal.ContextRunnable.run(ContextRunnable.java:37)
	at io.grpc.internal.SerializingExecutor.run(SerializingExecutor.java:133)
	at java.base/java.util.concurrent.ThreadPoolExecutor.runWorker(ThreadPoolExecutor.java:1136)
	at java.base/java.util.concurrent.ThreadPoolExecutor$Worker.run(ThreadPoolExecutor.java:635)
	at java.base/java.lang.Thread.run(Thread.java:840)
Caused by: com.google.firebase.rules.runtime.common.EvaluationException: Error: /workspace/firestore.rules line [12], column [14]. Property role is undefined on object.
	at com.google.firebase.rules.runtime.impl.DefaultEvaluator$TransformEvaluationException.apply(DefaultEvaluator.java:275)
	at com.google.firebase.rules.runtime.impl.DefaultEvaluator$TransformEvaluationException.apply(DefaultEvaluator.java:261)
	at com.google.common.util.concurrent.AbstractCatchingFuture$AsyncCatchingFuture.doFallback(AbstractCatchingFuture.java:211)
	at com.google.common.util.concurrent.AbstractCatchingFuture$AsyncCatchingFuture.doFallback(AbstractCatchingFuture.java:198)
	at com.google.common.util.concurrent.AbstractCatchingFuture.run(AbstractCatchingFuture.java:140)
	at com.google.common.util.concurrent.DirectExecutor.execute(DirectExecutor.java:32)
	at com.google.common.util.concurrent.AbstractFuture.executeListener(AbstractFuture.java:1306)
	at com.google.common.util.concurrent.AbstractFuture.addListener(AbstractFuture.java:767)
	at com.google.common.util.concurrent.FluentFuture$TrustedFuture.addListener(FluentFuture.java:122)
	at com.google.common.util.concurrent.AbstractCatchingFuture.createAsync(AbstractCatchingFuture.java:63)
	at com.google.common.util.concurrent.Futures.catchingAsync(Futures.java:413)
	at com.google.firebase.rules.runtime.impl.DefaultEvaluator.evaluate(DefaultEvaluator.java:177)
	at com.google.cloud.datastore.emulator.impl.rules.EmulatorRuleClient$EmulatorRuleEvaluator.evaluate(EmulatorRuleClient.java:88)
	at com.google.cloud.datastore.core.auth.rules.AsyncTwoPhaseRulesAuthorizer.lambda$fullEvaluate$12(AsyncTwoPhaseRulesAuthorizer.java:952)
	at com.google.cloud.datastore.computation.Computation.tryCatch(Computation.java:416)
	at com.google.cloud.datastore.core.auth.rules.AsyncTwoPhaseRulesAuthorizer.fullEvaluate(AsyncTwoPhaseRulesAuthorizer.java:951)
	at com.google.cloud.datastore.core.auth.rules.AsyncTwoPhaseRulesAuthorizer$CommitAuthorizerImpl.lambda$checkWrite$1(AsyncTwoPhaseRulesAuthorizer.java:1192)
	at com.google.cloud.datastore.computation.Computation.lambda$tryClose$27(Computation.java:685)
	at com.google.cloud.datastore.computation.Computation.tryCatch(Computation.java:416)
	at com.google.cloud.datastore.computation.Computation.tryFinally(Computation.java:652)
	at com.google.cloud.datastore.computation.Computation.tryFinally(Computation.java:658)
	at com.google.cloud.datastore.computation.Computation.tryClose(Computation.java:685)
	at com.google.cloud.datastore.core.auth.rules.AsyncTwoPhaseRulesAuthorizer$CommitAuthorizerImpl.checkWrite(AsyncTwoPhaseRulesAuthorizer.java:1161)
	at com.google.cloud.datastore.emulator.impl.rules.DefaultEmulatorRulesAuthorizer.lambda$checkCommit$0(DefaultEmulatorRulesAuthorizer.java:124)
	at com.google.cloud.datastore.emulator.impl.rules.DefaultEmulatorRulesAuthorizer.withVerboseErrors(DefaultEmulatorRulesAuthorizer.java:290)
	... 22 more

 {"metadata":{"emulator":{"name":"firestore"},"message":"Aug 01, 2026 2:49:01 PM com.google.cloud.datastore.emulator.impl.util.WrappedStreamObserver onError\nWARNING: Operation failed: \nProperty role is undefined on object. for 'create' @ L64, Property role is undefined on object. for 'update' @ L65, Property role is undefined on object. for 'create' @ L64\ncom.google.cloud.datastore.core.exception.DatastoreException: \nProperty role is undefined on object. for 'create' @ L64, Property role is undefined on object. for 'update' @ L65, Property role is undefined on object. for 'create' @ L64\n\tat com.google.cloud.datastore.core.exception.DatastoreException$Builder.build(DatastoreException.java:121)\n\tat com.google.cloud.datastore.emulator.impl.rules.DefaultEmulatorRulesAuthorizer.verboseError(DefaultEmulatorRulesAuthorizer.java:318)\n\tat com.google.cloud.datastore.emulator.impl.rules.DefaultEmulatorRulesAuthorizer.withVerboseErrors(DefaultEmulatorRulesAuthorizer.java:295)\n\tat com.google.cloud.datastore.emulator.impl.rules.DefaultEmulatorRulesAuthorizer.checkCommit(DefaultEmulatorRulesAuthorizer.java:114)\n\tat com.google.cloud.datastore.emulator.impl.firestore.FirestoreEmulatorHelper.commitHelper(FirestoreEmulatorHelper.java:360)\n\tat com.google.cloud.datastore.emulator.impl.firestore.FirestoreEmulatorHelper.internalCommit(FirestoreEmulatorHelper.java:314)\n\tat com.google.cloud.datastore.emulator.impl.firestore.CloudFirestoreV1.internalCommit(CloudFirestoreV1.java:1077)\n\tat com.google.cloud.datastore.emulator.impl.firestore.CloudFirestoreV1.write(CloudFirestoreV1.java:1065)\n\tat com.google.cloud.datastore.emulator.impl.firestore.CloudFirestoreV1WriteStream.handleRequest(CloudFirestoreV1WriteStream.java:218)\n\tat com.google.cloud.datastore.emulator.impl.firestore.CloudFirestoreV1WriteStream.write(CloudFirestoreV1WriteStream.java:140)\n\tat com.google.cloud.datastore.emulator.impl.firestore.CloudFirestoreV1WriteStream.onNext(CloudFirestoreV1WriteStream.java:95)\n\tat com.google.cloud.datastore.emulator.impl.firestore.CloudFirestoreV1WriteStream.onNext(CloudFirestoreV1WriteStream.java:27)\n\tat io.grpc.stub.ServerCalls$StreamingServerCallHandler$StreamingServerCallListener.onMessage(ServerCalls.java:262)\n\tat io.grpc.ForwardingServerCallListener.onMessage(ForwardingServerCallListener.java:33)\n\tat io.grpc.Contexts$ContextualizedServerCallListener.onMessage(Contexts.java:76)\n\tat io.grpc.ForwardingServerCallListener.onMessage(ForwardingServerCallListener.java:33)\n\tat io.grpc.Contexts$ContextualizedServerCallListener.onMessage(Contexts.java:76)\n\tat io.grpc.internal.ServerCallImpl$ServerStreamListenerImpl.messagesAvailableInternal(ServerCallImpl.java:334)\n\tat io.grpc.internal.ServerCallImpl$ServerStreamListenerImpl.messagesAvailable(ServerCallImpl.java:319)\n\tat io.grpc.internal.ServerImpl$JumpToApplicationThreadServerStreamListener$1MessagesAvailable.runInContext(ServerImpl.java:834)\n\tat io.grpc.internal.ContextRunnable.run(ContextRunnable.java:37)\n\tat io.grpc.internal.SerializingExecutor.run(SerializingExecutor.java:133)\n\tat java.base/java.util.concurrent.ThreadPoolExecutor.runWorker(ThreadPoolExecutor.java:1136)\n\tat java.base/java.util.concurrent.ThreadPoolExecutor$Worker.run(ThreadPoolExecutor.java:635)\n\tat java.base/java.lang.Thread.run(Thread.java:840)\nCaused by: com.google.firebase.rules.runtime.common.EvaluationException: Error: /workspace/firestore.rules line [12], column [14]. Property role is undefined on object.\n\tat com.google.firebase.rules.runtime.impl.DefaultEvaluator$TransformEvaluationException.apply(DefaultEvaluator.java:275)\n\tat com.google.firebase.rules.runtime.impl.DefaultEvaluator$TransformEvaluationException.apply(DefaultEvaluator.java:261)\n\tat com.google.common.util.concurrent.AbstractCatchingFuture$AsyncCatchingFuture.doFallback(AbstractCatchingFuture.java:211)\n\tat com.google.common.util.concurrent.AbstractCatchingFuture$AsyncCatchingFuture.doFallback(AbstractCatchingFuture.java:198)\n\tat com.google.common.util.concurrent.AbstractCatchingFuture.run(AbstractCatchingFuture.java:140)\n\tat com.google.common.util.concurrent.DirectExecutor.execute(DirectExecutor.java:32)\n\tat com.google.common.util.concurrent.AbstractFuture.executeListener(AbstractFuture.java:1306)\n\tat com.google.common.util.concurrent.AbstractFuture.addListener(AbstractFuture.java:767)\n\tat com.google.common.util.concurrent.FluentFuture$TrustedFuture.addListener(FluentFuture.java:122)\n\tat com.google.common.util.concurrent.AbstractCatchingFuture.createAsync(AbstractCatchingFuture.java:63)\n\tat com.google.common.util.concurrent.Futures.catchingAsync(Futures.java:413)\n\tat com.google.firebase.rules.runtime.impl.DefaultEvaluator.evaluate(DefaultEvaluator.java:177)\n\tat com.google.cloud.datastore.emulator.impl.rules.EmulatorRuleClient$EmulatorRuleEvaluator.evaluate(EmulatorRuleClient.java:88)\n\tat com.google.cloud.datastore.core.auth.rules.AsyncTwoPhaseRulesAuthorizer.lambda$fullEvaluate$12(AsyncTwoPhaseRulesAuthorizer.java:952)\n\tat com.google.cloud.datastore.computation.Computation.tryCatch(Computation.java:416)\n\tat com.google.cloud.datastore.core.auth.rules.AsyncTwoPhaseRulesAuthorizer.fullEvaluate(AsyncTwoPhaseRulesAuthorizer.java:951)\n\tat com.google.cloud.datastore.core.auth.rules.AsyncTwoPhaseRulesAuthorizer$CommitAuthorizerImpl.lambda$checkWrite$1(AsyncTwoPhaseRulesAuthorizer.java:1192)\n\tat com.google.cloud.datastore.computation.Computation.lambda$tryClose$27(Computation.java:685)\n\tat com.google.cloud.datastore.computation.Computation.tryCatch(Computation.java:416)\n\tat com.google.cloud.datastore.computation.Computation.tryFinally(Computation.java:652)\n\tat com.google.cloud.datastore.computation.Computation.tryFinally(Computation.java:658)\n\tat com.google.cloud.datastore.computation.Computation.tryClose(Computation.java:685)\n\tat com.google.cloud.datastore.core.auth.rules.AsyncTwoPhaseRulesAuthorizer$CommitAuthorizerImpl.checkWrite(AsyncTwoPhaseRulesAuthorizer.java:1161)\n\tat com.google.cloud.datastore.emulator.impl.rules.DefaultEmulatorRulesAuthorizer.lambda$checkCommit$0(DefaultEmulatorRulesAuthorizer.java:124)\n\tat com.google.cloud.datastore.emulator.impl.rules.DefaultEmulatorRulesAuthorizer.withVerboseErrors(DefaultEmulatorRulesAuthorizer.java:290)\n\t... 22 more\n\n"}}
[debug] [2026-08-01T14:49:04.963Z] Multiple projectIds are not recommended in single project mode. Requested project ID wildwatch-82abc, but the emulator is configured for demo-wildwatch-local. To opt-out of single project mode add/set the '"singleProjectMode": false' property in the firebase.json emulators config.
 {"metadata":{"emulator":{"name":"firestore"},"message":"Multiple projectIds are not recommended in single project mode. Requested project ID wildwatch-82abc, but the emulator is configured for demo-wildwatch-local. To opt-out of single project mode add/set the '\"singleProjectMode\": false' property in the firebase.json emulators config.\n"}}
[debug] [2026-08-01T14:49:05.069Z] Aug 01, 2026 2:49:05 PM com.google.cloud.datastore.emulator.impl.util.WrappedStreamObserver onError
WARNING: Operation failed: 
Property role is undefined on object. for 'create' @ L64, Property role is undefined on object. for 'update' @ L65, Property role is undefined on object. for 'create' @ L64
com.google.cloud.datastore.core.exception.DatastoreException: 
Property role is undefined on object. for 'create' @ L64, Property role is undefined on object. for 'update' @ L65, Property role is undefined on object. for 'create' @ L64
	at com.google.cloud.datastore.core.exception.DatastoreException$Builder.build(DatastoreException.java:121)
	at com.google.cloud.datastore.emulator.impl.rules.DefaultEmulatorRulesAuthorizer.verboseError(DefaultEmulatorRulesAuthorizer.java:318)
	at com.google.cloud.datastore.emulator.impl.rules.DefaultEmulatorRulesAuthorizer.withVerboseErrors(DefaultEmulatorRulesAuthorizer.java:295)
	at com.google.cloud.datastore.emulator.impl.rules.DefaultEmulatorRulesAuthorizer.checkCommit(DefaultEmulatorRulesAuthorizer.java:114)
	at com.google.cloud.datastore.emulator.impl.firestore.FirestoreEmulatorHelper.commitHelper(FirestoreEmulatorHelper.java:360)
	at com.google.cloud.datastore.emulator.impl.firestore.FirestoreEmulatorHelper.internalCommit(FirestoreEmulatorHelper.java:314)
	at com.google.cloud.datastore.emulator.impl.firestore.CloudFirestoreV1.internalCommit(CloudFirestoreV1.java:1077)
	at com.google.cloud.datastore.emulator.impl.firestore.CloudFirestoreV1.write(CloudFirestoreV1.java:1065)
	at com.google.cloud.datastore.emulator.impl.firestore.CloudFirestoreV1WriteStream.handleRequest(CloudFirestoreV1WriteStream.java:218)
	at com.google.cloud.datastore.emulator.impl.firestore.CloudFirestoreV1WriteStream.write(CloudFirestoreV1WriteStream.java:140)
	at com.google.cloud.datastore.emulator.impl.firestore.CloudFirestoreV1WriteStream.onNext(CloudFirestoreV1WriteStream.java:95)
	at com.google.cloud.datastore.emulator.impl.firestore.CloudFirestoreV1WriteStream.onNext(CloudFirestoreV1WriteStream.java:27)
	at io.grpc.stub.ServerCalls$StreamingServerCallHandler$StreamingServerCallListener.onMessage(ServerCalls.java:262)
	at io.grpc.ForwardingServerCallListener.onMessage(ForwardingServerCallListener.java:33)
	at io.grpc.Contexts$ContextualizedServerCallListener.onMessage(Contexts.java:76)
	at io.grpc.ForwardingServerCallListener.onMessage(ForwardingServerCallListener.java:33)
	at io.grpc.Contexts$ContextualizedServerCallListener.onMessage(Contexts.java:76)
	at io.grpc.internal.ServerCallImpl$ServerStreamListenerImpl.messagesAvailableInternal(ServerCallImpl.java:334)
	at io.grpc.internal.ServerCallImpl$ServerStreamListenerImpl.messagesAvailable(ServerCallImpl.java:319)
	at io.grpc.internal.ServerImpl$JumpToApplicationThreadServerStreamListener$1MessagesAvailable.runInContext(ServerImpl.java:834)
	at io.grpc.internal.ContextRunnable.run(ContextRunnable.java:37)
	at io.grpc.internal.SerializingExecutor.run(SerializingExecutor.java:133)
	at java.base/java.util.concurrent.ThreadPoolExecutor.runWorker(ThreadPoolExecutor.java:1136)
	at java.base/java.util.concurrent.ThreadPoolExecutor$Worker.run(ThreadPoolExecutor.java:635)
	at java.base/java.lang.Thread.run(Thread.java:840)
Caused by: com.google.firebase.rules.runtime.common.EvaluationException: Error: /workspace/firestore.rules line [12], column [14]. Property role is undefined on object.
	at com.google.firebase.rules.runtime.impl.DefaultEvaluator$TransformEvaluationException.apply(DefaultEvaluator.java:275)
	at com.google.firebase.rules.runtime.impl.DefaultEvaluator$TransformEvaluationException.apply(DefaultEvaluator.java:261)
	at com.google.common.util.concurrent.AbstractCatchingFuture$AsyncCatchingFuture.doFallback(AbstractCatchingFuture.java:211)
	at com.google.common.util.concurrent.AbstractCatchingFuture$AsyncCatchingFuture.doFallback(AbstractCatchingFuture.java:198)
	at com.google.common.util.concurrent.AbstractCatchingFuture.run(AbstractCatchingFuture.java:140)
	at com.google.common.util.concurrent.DirectExecutor.execute(DirectExecutor.java:32)
	at com.google.common.util.concurrent.AbstractFuture.executeListener(AbstractFuture.java:1306)
	at com.google.common.util.concurrent.AbstractFuture.addListener(AbstractFuture.java:767)
	at com.google.common.util.concurrent.FluentFuture$TrustedFuture.addListener(FluentFuture.java:122)
	at com.google.common.util.concurrent.AbstractCatchingFuture.createAsync(AbstractCatchingFuture.java:63)
	at com.google.common.util.concurrent.Futures.catchingAsync(Futures.java:413)
	at com.google.firebase.rules.runtime.impl.DefaultEvaluator.evaluate(DefaultEvaluator.java:177)
	at com.google.cloud.datastore.emulator.impl.rules.EmulatorRuleClient$EmulatorRuleEvaluator.evaluate(EmulatorRuleClient.java:88)
	at com.google.cloud.datastore.core.auth.rules.AsyncTwoPhaseRulesAuthorizer.lambda$fullEvaluate$12(AsyncTwoPhaseRulesAuthorizer.java:952)
	at com.google.cloud.datastore.computation.Computation.tryCatch(Computation.java:416)
	at com.google.cloud.datastore.core.auth.rules.AsyncTwoPhaseRulesAuthorizer.fullEvaluate(AsyncTwoPhaseRulesAuthorizer.java:951)
	at com.google.cloud.datastore.core.auth.rules.AsyncTwoPhaseRulesAuthorizer$CommitAuthorizerImpl.lambda$checkWrite$1(AsyncTwoPhaseRulesAuthorizer.java:1192)
	at com.google.cloud.datastore.computation.Computation.lambda$tryClose$27(Computation.java:685)
	at com.google.cloud.datastore.computation.Computation.tryCatch(Computation.java:416)
	at com.google.cloud.datastore.computation.Computation.tryFinally(Computation.java:652)
	at com.google.cloud.datastore.computation.Computation.tryFinally(Computation.java:658)
	at com.google.cloud.datastore.computation.Computation.tryClose(Computation.java:685)
	at com.google.cloud.datastore.core.auth.rules.AsyncTwoPhaseRulesAuthorizer$CommitAuthorizerImpl.checkWrite(AsyncTwoPhaseRulesAuthorizer.java:1161)
	at com.google.cloud.datastore.emulator.impl.rules.DefaultEmulatorRulesAuthorizer.lambda$checkCommit$0(DefaultEmulatorRulesAuthorizer.java:124)
	at com.google.cloud.datastore.emulator.impl.rules.DefaultEmulatorRulesAuthorizer.withVerboseErrors(DefaultEmulatorRulesAuthorizer.java:290)
	... 22 more

 {"metadata":{"emulator":{"name":"firestore"},"message":"Aug 01, 2026 2:49:05 PM com.google.cloud.datastore.emulator.impl.util.WrappedStreamObserver onError\nWARNING: Operation failed: \nProperty role is undefined on object. for 'create' @ L64, Property role is undefined on object. for 'update' @ L65, Property role is undefined on object. for 'create' @ L64\ncom.google.cloud.datastore.core.exception.DatastoreException: \nProperty role is undefined on object. for 'create' @ L64, Property role is undefined on object. for 'update' @ L65, Property role is undefined on object. for 'create' @ L64\n\tat com.google.cloud.datastore.core.exception.DatastoreException$Builder.build(DatastoreException.java:121)\n\tat com.google.cloud.datastore.emulator.impl.rules.DefaultEmulatorRulesAuthorizer.verboseError(DefaultEmulatorRulesAuthorizer.java:318)\n\tat com.google.cloud.datastore.emulator.impl.rules.DefaultEmulatorRulesAuthorizer.withVerboseErrors(DefaultEmulatorRulesAuthorizer.java:295)\n\tat com.google.cloud.datastore.emulator.impl.rules.DefaultEmulatorRulesAuthorizer.checkCommit(DefaultEmulatorRulesAuthorizer.java:114)\n\tat com.google.cloud.datastore.emulator.impl.firestore.FirestoreEmulatorHelper.commitHelper(FirestoreEmulatorHelper.java:360)\n\tat com.google.cloud.datastore.emulator.impl.firestore.FirestoreEmulatorHelper.internalCommit(FirestoreEmulatorHelper.java:314)\n\tat com.google.cloud.datastore.emulator.impl.firestore.CloudFirestoreV1.internalCommit(CloudFirestoreV1.java:1077)\n\tat com.google.cloud.datastore.emulator.impl.firestore.CloudFirestoreV1.write(CloudFirestoreV1.java:1065)\n\tat com.google.cloud.datastore.emulator.impl.firestore.CloudFirestoreV1WriteStream.handleRequest(CloudFirestoreV1WriteStream.java:218)\n\tat com.google.cloud.datastore.emulator.impl.firestore.CloudFirestoreV1WriteStream.write(CloudFirestoreV1WriteStream.java:140)\n\tat com.google.cloud.datastore.emulator.impl.firestore.CloudFirestoreV1WriteStream.onNext(CloudFirestoreV1WriteStream.java:95)\n\tat com.google.cloud.datastore.emulator.impl.firestore.CloudFirestoreV1WriteStream.onNext(CloudFirestoreV1WriteStream.java:27)\n\tat io.grpc.stub.ServerCalls$StreamingServerCallHandler$StreamingServerCallListener.onMessage(ServerCalls.java:262)\n\tat io.grpc.ForwardingServerCallListener.onMessage(ForwardingServerCallListener.java:33)\n\tat io.grpc.Contexts$ContextualizedServerCallListener.onMessage(Contexts.java:76)\n\tat io.grpc.ForwardingServerCallListener.onMessage(ForwardingServerCallListener.java:33)\n\tat io.grpc.Contexts$ContextualizedServerCallListener.onMessage(Contexts.java:76)\n\tat io.grpc.internal.ServerCallImpl$ServerStreamListenerImpl.messagesAvailableInternal(ServerCallImpl.java:334)\n\tat io.grpc.internal.ServerCallImpl$ServerStreamListenerImpl.messagesAvailable(ServerCallImpl.java:319)\n\tat io.grpc.internal.ServerImpl$JumpToApplicationThreadServerStreamListener$1MessagesAvailable.runInContext(ServerImpl.java:834)\n\tat io.grpc.internal.ContextRunnable.run(ContextRunnable.java:37)\n\tat io.grpc.internal.SerializingExecutor.run(SerializingExecutor.java:133)\n\tat java.base/java.util.concurrent.ThreadPoolExecutor.runWorker(ThreadPoolExecutor.java:1136)\n\tat java.base/java.util.concurrent.ThreadPoolExecutor$Worker.run(ThreadPoolExecutor.java:635)\n\tat java.base/java.lang.Thread.run(Thread.java:840)\nCaused by: com.google.firebase.rules.runtime.common.EvaluationException: Error: /workspace/firestore.rules line [12], column [14]. Property role is undefined on object.\n\tat com.google.firebase.rules.runtime.impl.DefaultEvaluator$TransformEvaluationException.apply(DefaultEvaluator.java:275)\n\tat com.google.firebase.rules.runtime.impl.DefaultEvaluator$TransformEvaluationException.apply(DefaultEvaluator.java:261)\n\tat com.google.common.util.concurrent.AbstractCatchingFuture$AsyncCatchingFuture.doFallback(AbstractCatchingFuture.java:211)\n\tat com.google.common.util.concurrent.AbstractCatchingFuture$AsyncCatchingFuture.doFallback(AbstractCatchingFuture.java:198)\n\tat com.google.common.util.concurrent.AbstractCatchingFuture.run(AbstractCatchingFuture.java:140)\n\tat com.google.common.util.concurrent.DirectExecutor.execute(DirectExecutor.java:32)\n\tat com.google.common.util.concurrent.AbstractFuture.executeListener(AbstractFuture.java:1306)\n\tat com.google.common.util.concurrent.AbstractFuture.addListener(AbstractFuture.java:767)\n\tat com.google.common.util.concurrent.FluentFuture$TrustedFuture.addListener(FluentFuture.java:122)\n\tat com.google.common.util.concurrent.AbstractCatchingFuture.createAsync(AbstractCatchingFuture.java:63)\n\tat com.google.common.util.concurrent.Futures.catchingAsync(Futures.java:413)\n\tat com.google.firebase.rules.runtime.impl.DefaultEvaluator.evaluate(DefaultEvaluator.java:177)\n\tat com.google.cloud.datastore.emulator.impl.rules.EmulatorRuleClient$EmulatorRuleEvaluator.evaluate(EmulatorRuleClient.java:88)\n\tat com.google.cloud.datastore.core.auth.rules.AsyncTwoPhaseRulesAuthorizer.lambda$fullEvaluate$12(AsyncTwoPhaseRulesAuthorizer.java:952)\n\tat com.google.cloud.datastore.computation.Computation.tryCatch(Computation.java:416)\n\tat com.google.cloud.datastore.core.auth.rules.AsyncTwoPhaseRulesAuthorizer.fullEvaluate(AsyncTwoPhaseRulesAuthorizer.java:951)\n\tat com.google.cloud.datastore.core.auth.rules.AsyncTwoPhaseRulesAuthorizer$CommitAuthorizerImpl.lambda$checkWrite$1(AsyncTwoPhaseRulesAuthorizer.java:1192)\n\tat com.google.cloud.datastore.computation.Computation.lambda$tryClose$27(Computation.java:685)\n\tat com.google.cloud.datastore.computation.Computation.tryCatch(Computation.java:416)\n\tat com.google.cloud.datastore.computation.Computation.tryFinally(Computation.java:652)\n\tat com.google.cloud.datastore.computation.Computation.tryFinally(Computation.java:658)\n\tat com.google.cloud.datastore.computation.Computation.tryClose(Computation.java:685)\n\tat com.google.cloud.datastore.core.auth.rules.AsyncTwoPhaseRulesAuthorizer$CommitAuthorizerImpl.checkWrite(AsyncTwoPhaseRulesAuthorizer.java:1161)\n\tat com.google.cloud.datastore.emulator.impl.rules.DefaultEmulatorRulesAuthorizer.lambda$checkCommit$0(DefaultEmulatorRulesAuthorizer.java:124)\n\tat com.google.cloud.datastore.emulator.impl.rules.DefaultEmulatorRulesAuthorizer.withVerboseErrors(DefaultEmulatorRulesAuthorizer.java:290)\n\t... 22 more\n\n"}}
[debug] [2026-08-01T14:49:06.792Z] Multiple projectIds are not recommended in single project mode. Requested project ID wildwatch-82abc, but the emulator is configured for demo-wildwatch-local. To opt-out of single project mode add/set the '"singleProjectMode": false' property in the firebase.json emulators config.
 {"metadata":{"emulator":{"name":"firestore"},"message":"Multiple projectIds are not recommended in single project mode. Requested project ID wildwatch-82abc, but the emulator is configured for demo-wildwatch-local. To opt-out of single project mode add/set the '\"singleProjectMode\": false' property in the firebase.json emulators config.\n"}}
[debug] [2026-08-01T14:49:06.965Z] Aug 01, 2026 2:49:06 PM com.google.cloud.datastore.emulator.impl.util.WrappedStreamObserver onError
WARNING: Operation failed: 
Property role is undefined on object. for 'create' @ L64, Property role is undefined on object. for 'update' @ L65, Property role is undefined on object. for 'create' @ L64
com.google.cloud.datastore.core.exception.DatastoreException: 
Property role is undefined on object. for 'create' @ L64, Property role is undefined on object. for 'update' @ L65, Property role is undefined on object. for 'create' @ L64
	at com.google.cloud.datastore.core.exception.DatastoreException$Builder.build(DatastoreException.java:121)
	at com.google.cloud.datastore.emulator.impl.rules.DefaultEmulatorRulesAuthorizer.verboseError(DefaultEmulatorRulesAuthorizer.java:318)
	at com.google.cloud.datastore.emulator.impl.rules.DefaultEmulatorRulesAuthorizer.withVerboseErrors(DefaultEmulatorRulesAuthorizer.java:295)
	at com.google.cloud.datastore.emulator.impl.rules.DefaultEmulatorRulesAuthorizer.checkCommit(DefaultEmulatorRulesAuthorizer.java:114)
	at com.google.cloud.datastore.emulator.impl.firestore.FirestoreEmulatorHelper.commitHelper(FirestoreEmulatorHelper.java:360)
	at com.google.cloud.datastore.emulator.impl.firestore.FirestoreEmulatorHelper.internalCommit(FirestoreEmulatorHelper.java:314)
	at com.google.cloud.datastore.emulator.impl.firestore.CloudFirestoreV1.internalCommit(CloudFirestoreV1.java:1077)
	at com.google.cloud.datastore.emulator.impl.firestore.CloudFirestoreV1.write(CloudFirestoreV1.java:1065)
	at com.google.cloud.datastore.emulator.impl.firestore.CloudFirestoreV1WriteStream.handleRequest(CloudFirestoreV1WriteStream.java:218)
	at com.google.cloud.datastore.emulator.impl.firestore.CloudFirestoreV1WriteStream.write(CloudFirestoreV1WriteStream.java:140)
	at com.google.cloud.datastore.emulator.impl.firestore.CloudFirestoreV1WriteStream.onNext(CloudFirestoreV1WriteStream.java:95)
	at com.google.cloud.datastore.emulator.impl.firestore.CloudFirestoreV1WriteStream.onNext(CloudFirestoreV1WriteStream.java:27)
	at io.grpc.stub.ServerCalls$StreamingServerCallHandler$StreamingServerCallListener.onMessage(ServerCalls.java:262)
	at io.grpc.ForwardingServerCallListener.onMessage(ForwardingServerCallListener.java:33)
	at io.grpc.Contexts$ContextualizedServerCallListener.onMessage(Contexts.java:76)
	at io.grpc.ForwardingServerCallListener.onMessage(ForwardingServerCallListener.java:33)
	at io.grpc.Contexts$ContextualizedServerCallListener.onMessage(Contexts.java:76)
	at io.grpc.internal.ServerCallImpl$ServerStreamListenerImpl.messagesAvailableInternal(ServerCallImpl.java:334)
	at io.grpc.internal.ServerCallImpl$ServerStreamListenerImpl.messagesAvailable(ServerCallImpl.java:319)
	at io.grpc.internal.ServerImpl$JumpToApplicationThreadServerStreamListener$1MessagesAvailable.runInContext(ServerImpl.java:834)
	at io.grpc.internal.ContextRunnable.run(ContextRunnable.java:37)
	at io.grpc.internal.SerializingExecutor.run(SerializingExecutor.java:133)
	at java.base/java.util.concurrent.ThreadPoolExecutor.runWorker(ThreadPoolExecutor.java:1136)
	at java.base/java.util.concurrent.ThreadPoolExecutor$Worker.run(ThreadPoolExecutor.java:635)
	at java.base/java.lang.Thread.run(Thread.java:840)
Caused by: com.google.firebase.rules.runtime.common.EvaluationException: Error: /workspace/firestore.rules line [12], column [14]. Property role is undefined on object.
	at com.google.firebase.rules.runtime.impl.DefaultEvaluator$TransformEvaluationException.apply(DefaultEvaluator.java:275)
	at com.google.firebase.rules.runtime.impl.DefaultEvaluator$TransformEvaluationException.apply(DefaultEvaluator.java:261)
	at com.google.common.util.concurrent.AbstractCatchingFuture$AsyncCatchingFuture.doFallback(AbstractCatchingFuture.java:211)
	at com.google.common.util.concurrent.AbstractCatchingFuture$AsyncCatchingFuture.doFallback(AbstractCatchingFuture.java:198)
	at com.google.common.util.concurrent.AbstractCatchingFuture.run(AbstractCatchingFuture.java:140)
	at com.google.common.util.concurrent.DirectExecutor.execute(DirectExecutor.java:32)
	at com.google.common.util.concurrent.AbstractFuture.executeListener(AbstractFuture.java:1306)
	at com.google.common.util.concurrent.AbstractFuture.addListener(AbstractFuture.java:767)
	at com.google.common.util.concurrent.FluentFuture$TrustedFuture.addListener(FluentFuture.java:122)
	at com.google.common.util.concurrent.AbstractCatchingFuture.createAsync(AbstractCatchingFuture.java:63)
	at com.google.common.util.concurrent.Futures.catchingAsync(Futures.java:413)
	at com.google.firebase.rules.runtime.impl.DefaultEvaluator.evaluate(DefaultEvaluator.java:177)
	at com.google.cloud.datastore.emulator.impl.rules.EmulatorRuleClient$EmulatorRuleEvaluator.evaluate(EmulatorRuleClient.java:88)
	at com.google.cloud.datastore.core.auth.rules.AsyncTwoPhaseRulesAuthorizer.lambda$fullEvaluate$12(AsyncTwoPhaseRulesAuthorizer.java:952)
	at com.google.cloud.datastore.computation.Computation.tryCatch(Computation.java:416)
	at com.google.cloud.datastore.core.auth.rules.AsyncTwoPhaseRulesAuthorizer.fullEvaluate(AsyncTwoPhaseRulesAuthorizer.java:951)
	at com.google.cloud.datastore.core.auth.rules.AsyncTwoPhaseRulesAuthorizer$CommitAuthorizerImpl.lambda$checkWrite$1(AsyncTwoPhaseRulesAuthorizer.java:1192)
	at com.google.cloud.datastore.computation.Computation.lambda$tryClose$27(Computation.java:685)
	at com.google.cloud.datastore.computation.Computation.tryCatch(Computation.java:416)
	at com.google.cloud.datastore.computation.Computation.tryFinally(Computation.java:652)
	at com.google.cloud.datastore.computation.Computation.tryFinally(Computation.java:658)
	at com.google.cloud.datastore.computation.Computation.tryClose(Computation.java:685)
	at com.google.cloud.datastore.core.auth.rules.AsyncTwoPhaseRulesAuthorizer$CommitAuthorizerImpl.checkWrite(AsyncTwoPhaseRulesAuthorizer.java:1161)
	at com.google.cloud.datastore.emulator.impl.rules.DefaultEmulatorRulesAuthorizer.lambda$checkCommit$0(DefaultEmulatorRulesAuthorizer.java:124)
	at com.google.cloud.datastore.emulator.impl.rules.DefaultEmulatorRulesAuthorizer.withVerboseErrors(DefaultEmulatorRulesAuthorizer.java:290)
	... 22 more

 {"metadata":{"emulator":{"name":"firestore"},"message":"Aug 01, 2026 2:49:06 PM com.google.cloud.datastore.emulator.impl.util.WrappedStreamObserver onError\nWARNING: Operation failed: \nProperty role is undefined on object. for 'create' @ L64, Property role is undefined on object. for 'update' @ L65, Property role is undefined on object. for 'create' @ L64\ncom.google.cloud.datastore.core.exception.DatastoreException: \nProperty role is undefined on object. for 'create' @ L64, Property role is undefined on object. for 'update' @ L65, Property role is undefined on object. for 'create' @ L64\n\tat com.google.cloud.datastore.core.exception.DatastoreException$Builder.build(DatastoreException.java:121)\n\tat com.google.cloud.datastore.emulator.impl.rules.DefaultEmulatorRulesAuthorizer.verboseError(DefaultEmulatorRulesAuthorizer.java:318)\n\tat com.google.cloud.datastore.emulator.impl.rules.DefaultEmulatorRulesAuthorizer.withVerboseErrors(DefaultEmulatorRulesAuthorizer.java:295)\n\tat com.google.cloud.datastore.emulator.impl.rules.DefaultEmulatorRulesAuthorizer.checkCommit(DefaultEmulatorRulesAuthorizer.java:114)\n\tat com.google.cloud.datastore.emulator.impl.firestore.FirestoreEmulatorHelper.commitHelper(FirestoreEmulatorHelper.java:360)\n\tat com.google.cloud.datastore.emulator.impl.firestore.FirestoreEmulatorHelper.internalCommit(FirestoreEmulatorHelper.java:314)\n\tat com.google.cloud.datastore.emulator.impl.firestore.CloudFirestoreV1.internalCommit(CloudFirestoreV1.java:1077)\n\tat com.google.cloud.datastore.emulator.impl.firestore.CloudFirestoreV1.write(CloudFirestoreV1.java:1065)\n\tat com.google.cloud.datastore.emulator.impl.firestore.CloudFirestoreV1WriteStream.handleRequest(CloudFirestoreV1WriteStream.java:218)\n\tat com.google.cloud.datastore.emulator.impl.firestore.CloudFirestoreV1WriteStream.write(CloudFirestoreV1WriteStream.java:140)\n\tat com.google.cloud.datastore.emulator.impl.firestore.CloudFirestoreV1WriteStream.onNext(CloudFirestoreV1WriteStream.java:95)\n\tat com.google.cloud.datastore.emulator.impl.firestore.CloudFirestoreV1WriteStream.onNext(CloudFirestoreV1WriteStream.java:27)\n\tat io.grpc.stub.ServerCalls$StreamingServerCallHandler$StreamingServerCallListener.onMessage(ServerCalls.java:262)\n\tat io.grpc.ForwardingServerCallListener.onMessage(ForwardingServerCallListener.java:33)\n\tat io.grpc.Contexts$ContextualizedServerCallListener.onMessage(Contexts.java:76)\n\tat io.grpc.ForwardingServerCallListener.onMessage(ForwardingServerCallListener.java:33)\n\tat io.grpc.Contexts$ContextualizedServerCallListener.onMessage(Contexts.java:76)\n\tat io.grpc.internal.ServerCallImpl$ServerStreamListenerImpl.messagesAvailableInternal(ServerCallImpl.java:334)\n\tat io.grpc.internal.ServerCallImpl$ServerStreamListenerImpl.messagesAvailable(ServerCallImpl.java:319)\n\tat io.grpc.internal.ServerImpl$JumpToApplicationThreadServerStreamListener$1MessagesAvailable.runInContext(ServerImpl.java:834)\n\tat io.grpc.internal.ContextRunnable.run(ContextRunnable.java:37)\n\tat io.grpc.internal.SerializingExecutor.run(SerializingExecutor.java:133)\n\tat java.base/java.util.concurrent.ThreadPoolExecutor.runWorker(ThreadPoolExecutor.java:1136)\n\tat java.base/java.util.concurrent.ThreadPoolExecutor$Worker.run(ThreadPoolExecutor.java:635)\n\tat java.base/java.lang.Thread.run(Thread.java:840)\nCaused by: com.google.firebase.rules.runtime.common.EvaluationException: Error: /workspace/firestore.rules line [12], column [14]. Property role is undefined on object.\n\tat com.google.firebase.rules.runtime.impl.DefaultEvaluator$TransformEvaluationException.apply(DefaultEvaluator.java:275)\n\tat com.google.firebase.rules.runtime.impl.DefaultEvaluator$TransformEvaluationException.apply(DefaultEvaluator.java:261)\n\tat com.google.common.util.concurrent.AbstractCatchingFuture$AsyncCatchingFuture.doFallback(AbstractCatchingFuture.java:211)\n\tat com.google.common.util.concurrent.AbstractCatchingFuture$AsyncCatchingFuture.doFallback(AbstractCatchingFuture.java:198)\n\tat com.google.common.util.concurrent.AbstractCatchingFuture.run(AbstractCatchingFuture.java:140)\n\tat com.google.common.util.concurrent.DirectExecutor.execute(DirectExecutor.java:32)\n\tat com.google.common.util.concurrent.AbstractFuture.executeListener(AbstractFuture.java:1306)\n\tat com.google.common.util.concurrent.AbstractFuture.addListener(AbstractFuture.java:767)\n\tat com.google.common.util.concurrent.FluentFuture$TrustedFuture.addListener(FluentFuture.java:122)\n\tat com.google.common.util.concurrent.AbstractCatchingFuture.createAsync(AbstractCatchingFuture.java:63)\n\tat com.google.common.util.concurrent.Futures.catchingAsync(Futures.java:413)\n\tat com.google.firebase.rules.runtime.impl.DefaultEvaluator.evaluate(DefaultEvaluator.java:177)\n\tat com.google.cloud.datastore.emulator.impl.rules.EmulatorRuleClient$EmulatorRuleEvaluator.evaluate(EmulatorRuleClient.java:88)\n\tat com.google.cloud.datastore.core.auth.rules.AsyncTwoPhaseRulesAuthorizer.lambda$fullEvaluate$12(AsyncTwoPhaseRulesAuthorizer.java:952)\n\tat com.google.cloud.datastore.computation.Computation.tryCatch(Computation.java:416)\n\tat com.google.cloud.datastore.core.auth.rules.AsyncTwoPhaseRulesAuthorizer.fullEvaluate(AsyncTwoPhaseRulesAuthorizer.java:951)\n\tat com.google.cloud.datastore.core.auth.rules.AsyncTwoPhaseRulesAuthorizer$CommitAuthorizerImpl.lambda$checkWrite$1(AsyncTwoPhaseRulesAuthorizer.java:1192)\n\tat com.google.cloud.datastore.computation.Computation.lambda$tryClose$27(Computation.java:685)\n\tat com.google.cloud.datastore.computation.Computation.tryCatch(Computation.java:416)\n\tat com.google.cloud.datastore.computation.Computation.tryFinally(Computation.java:652)\n\tat com.google.cloud.datastore.computation.Computation.tryFinally(Computation.java:658)\n\tat com.google.cloud.datastore.computation.Computation.tryClose(Computation.java:685)\n\tat com.google.cloud.datastore.core.auth.rules.AsyncTwoPhaseRulesAuthorizer$CommitAuthorizerImpl.checkWrite(AsyncTwoPhaseRulesAuthorizer.java:1161)\n\tat com.google.cloud.datastore.emulator.impl.rules.DefaultEmulatorRulesAuthorizer.lambda$checkCommit$0(DefaultEmulatorRulesAuthorizer.java:124)\n\tat com.google.cloud.datastore.emulator.impl.rules.DefaultEmulatorRulesAuthorizer.withVerboseErrors(DefaultEmulatorRulesAuthorizer.java:290)\n\t... 22 more\n\n"}}
[debug] [2026-08-01T14:49:08.830Z] Multiple projectIds are not recommended in single project mode. Requested project ID wildwatch-82abc, but the emulator is configured for demo-wildwatch-local. To opt-out of single project mode add/set the '"singleProjectMode": false' property in the firebase.json emulators config.
 {"metadata":{"emulator":{"name":"firestore"},"message":"Multiple projectIds are not recommended in single project mode. Requested project ID wildwatch-82abc, but the emulator is configured for demo-wildwatch-local. To opt-out of single project mode add/set the '\"singleProjectMode\": false' property in the firebase.json emulators config.\n"}}
[debug] [2026-08-01T14:49:09.000Z] Aug 01, 2026 2:49:08 PM com.google.cloud.datastore.emulator.impl.util.WrappedStreamObserver onError
WARNING: Operation failed: 
Property role is undefined on object. for 'create' @ L64, Property role is undefined on object. for 'update' @ L65, Property role is undefined on object. for 'create' @ L64
com.google.cloud.datastore.core.exception.DatastoreException: 
Property role is undefined on object. for 'create' @ L64, Property role is undefined on object. for 'update' @ L65, Property role is undefined on object. for 'create' @ L64
	at com.google.cloud.datastore.core.exception.DatastoreException$Builder.build(DatastoreException.java:121)
	at com.google.cloud.datastore.emulator.impl.rules.DefaultEmulatorRulesAuthorizer.verboseError(DefaultEmulatorRulesAuthorizer.java:318)
	at com.google.cloud.datastore.emulator.impl.rules.DefaultEmulatorRulesAuthorizer.withVerboseErrors(DefaultEmulatorRulesAuthorizer.java:295)
	at com.google.cloud.datastore.emulator.impl.rules.DefaultEmulatorRulesAuthorizer.checkCommit(DefaultEmulatorRulesAuthorizer.java:114)
	at com.google.cloud.datastore.emulator.impl.firestore.FirestoreEmulatorHelper.commitHelper(FirestoreEmulatorHelper.java:360)
	at com.google.cloud.datastore.emulator.impl.firestore.FirestoreEmulatorHelper.internalCommit(FirestoreEmulatorHelper.java:314)
	at com.google.cloud.datastore.emulator.impl.firestore.CloudFirestoreV1.internalCommit(CloudFirestoreV1.java:1077)
	at com.google.cloud.datastore.emulator.impl.firestore.CloudFirestoreV1.write(CloudFirestoreV1.java:1065)
	at com.google.cloud.datastore.emulator.impl.firestore.CloudFirestoreV1WriteStream.handleRequest(CloudFirestoreV1WriteStream.java:218)
	at com.google.cloud.datastore.emulator.impl.firestore.CloudFirestoreV1WriteStream.write(CloudFirestoreV1WriteStream.java:140)
	at com.google.cloud.datastore.emulator.impl.firestore.CloudFirestoreV1WriteStream.onNext(CloudFirestoreV1WriteStream.java:95)
	at com.google.cloud.datastore.emulator.impl.firestore.CloudFirestoreV1WriteStream.onNext(CloudFirestoreV1WriteStream.java:27)
	at io.grpc.stub.ServerCalls$StreamingServerCallHandler$StreamingServerCallListener.onMessage(ServerCalls.java:262)
	at io.grpc.ForwardingServerCallListener.onMessage(ForwardingServerCallListener.java:33)
	at io.grpc.Contexts$ContextualizedServerCallListener.onMessage(Contexts.java:76)
	at io.grpc.ForwardingServerCallListener.onMessage(ForwardingServerCallListener.java:33)
	at io.grpc.Contexts$ContextualizedServerCallListener.onMessage(Contexts.java:76)
	at io.grpc.internal.ServerCallImpl$ServerStreamListenerImpl.messagesAvailableInternal(ServerCallImpl.java:334)
	at io.grpc.internal.ServerCallImpl$ServerStreamListenerImpl.messagesAvailable(ServerCallImpl.java:319)
	at io.grpc.internal.ServerImpl$JumpToApplicationThreadServerStreamListener$1MessagesAvailable.runInContext(ServerImpl.java:834)
	at io.grpc.internal.ContextRunnable.run(ContextRunnable.java:37)
	at io.grpc.internal.SerializingExecutor.run(SerializingExecutor.java:133)
	at java.base/java.util.concurrent.ThreadPoolExecutor.runWorker(ThreadPoolExecutor.java:1136)
	at java.base/java.util.concurrent.ThreadPoolExecutor$Worker.run(ThreadPoolExecutor.java:635)
	at java.base/java.lang.Thread.run(Thread.java:840)
Caused by: com.google.firebase.rules.runtime.common.EvaluationException: Error: /workspace/firestore.rules line [12], column [14]. Property role is undefined on object.
	at com.google.firebase.rules.runtime.impl.DefaultEvaluator$TransformEvaluationException.apply(DefaultEvaluator.java:275)
	at com.google.firebase.rules.runtime.impl.DefaultEvaluator$TransformEvaluationException.apply(DefaultEvaluator.java:261)
	at com.google.common.util.concurrent.AbstractCatchingFuture$AsyncCatchingFuture.doFallback(AbstractCatchingFuture.java:211)
	at com.google.common.util.concurrent.AbstractCatchingFuture$AsyncCatchingFuture.doFallback(AbstractCatchingFuture.java:198)
	at com.google.common.util.concurrent.AbstractCatchingFuture.run(AbstractCatchingFuture.java:140)
	at com.google.common.util.concurrent.DirectExecutor.execute(DirectExecutor.java:32)
	at com.google.common.util.concurrent.AbstractFuture.executeListener(AbstractFuture.java:1306)
	at com.google.common.util.concurrent.AbstractFuture.addListener(AbstractFuture.java:767)
	at com.google.common.util.concurrent.FluentFuture$TrustedFuture.addListener(FluentFuture.java:122)
	at com.google.common.util.concurrent.AbstractCatchingFuture.createAsync(AbstractCatchingFuture.java:63)
	at com.google.common.util.concurrent.Futures.catchingAsync(Futures.java:413)
	at com.google.firebase.rules.runtime.impl.DefaultEvaluator.evaluate(DefaultEvaluator.java:177)
	at com.google.cloud.datastore.emulator.impl.rules.EmulatorRuleClient$EmulatorRuleEvaluator.evaluate(EmulatorRuleClient.java:88)
	at com.google.cloud.datastore.core.auth.rules.AsyncTwoPhaseRulesAuthorizer.lambda$fullEvaluate$12(AsyncTwoPhaseRulesAuthorizer.java:952)
	at com.google.cloud.datastore.computation.Computation.tryCatch(Computation.java:416)
	at com.google.cloud.datastore.core.auth.rules.AsyncTwoPhaseRulesAuthorizer.fullEvaluate(AsyncTwoPhaseRulesAuthorizer.java:951)
	at com.google.cloud.datastore.core.auth.rules.AsyncTwoPhaseRulesAuthorizer$CommitAuthorizerImpl.lambda$checkWrite$1(AsyncTwoPhaseRulesAuthorizer.java:1192)
	at com.google.cloud.datastore.computation.Computation.lambda$tryClose$27(Computation.java:685)
	at com.google.cloud.datastore.computation.Computation.tryCatch(Computation.java:416)
	at com.google.cloud.datastore.computation.Computation.tryFinally(Computation.java:652)
	at com.google.cloud.datastore.computation.Computation.tryFinally(Computation.java:658)
	at com.google.cloud.datastore.computation.Computation.tryClose(Computation.java:685)
	at com.google.cloud.datastore.core.auth.rules.AsyncTwoPhaseRulesAuthorizer$CommitAuthorizerImpl.checkWrite(AsyncTwoPhaseRulesAuthorizer.java:1161)
	at com.google.cloud.datastore.emulator.impl.rules.DefaultEmulatorRulesAuthorizer.lambda$checkCommit$0(DefaultEmulatorRulesAuthorizer.java:124)
	at com.google.cloud.datastore.emulator.impl.rules.DefaultEmulatorRulesAuthorizer.withVerboseErrors(DefaultEmulatorRulesAuthorizer.java:290)
	... 22 more

 {"metadata":{"emulator":{"name":"firestore"},"message":"Aug 01, 2026 2:49:08 PM com.google.cloud.datastore.emulator.impl.util.WrappedStreamObserver onError\nWARNING: Operation failed: \nProperty role is undefined on object. for 'create' @ L64, Property role is undefined on object. for 'update' @ L65, Property role is undefined on object. for 'create' @ L64\ncom.google.cloud.datastore.core.exception.DatastoreException: \nProperty role is undefined on object. for 'create' @ L64, Property role is undefined on object. for 'update' @ L65, Property role is undefined on object. for 'create' @ L64\n\tat com.google.cloud.datastore.core.exception.DatastoreException$Builder.build(DatastoreException.java:121)\n\tat com.google.cloud.datastore.emulator.impl.rules.DefaultEmulatorRulesAuthorizer.verboseError(DefaultEmulatorRulesAuthorizer.java:318)\n\tat com.google.cloud.datastore.emulator.impl.rules.DefaultEmulatorRulesAuthorizer.withVerboseErrors(DefaultEmulatorRulesAuthorizer.java:295)\n\tat com.google.cloud.datastore.emulator.impl.rules.DefaultEmulatorRulesAuthorizer.checkCommit(DefaultEmulatorRulesAuthorizer.java:114)\n\tat com.google.cloud.datastore.emulator.impl.firestore.FirestoreEmulatorHelper.commitHelper(FirestoreEmulatorHelper.java:360)\n\tat com.google.cloud.datastore.emulator.impl.firestore.FirestoreEmulatorHelper.internalCommit(FirestoreEmulatorHelper.java:314)\n\tat com.google.cloud.datastore.emulator.impl.firestore.CloudFirestoreV1.internalCommit(CloudFirestoreV1.java:1077)\n\tat com.google.cloud.datastore.emulator.impl.firestore.CloudFirestoreV1.write(CloudFirestoreV1.java:1065)\n\tat com.google.cloud.datastore.emulator.impl.firestore.CloudFirestoreV1WriteStream.handleRequest(CloudFirestoreV1WriteStream.java:218)\n\tat com.google.cloud.datastore.emulator.impl.firestore.CloudFirestoreV1WriteStream.write(CloudFirestoreV1WriteStream.java:140)\n\tat com.google.cloud.datastore.emulator.impl.firestore.CloudFirestoreV1WriteStream.onNext(CloudFirestoreV1WriteStream.java:95)\n\tat com.google.cloud.datastore.emulator.impl.firestore.CloudFirestoreV1WriteStream.onNext(CloudFirestoreV1WriteStream.java:27)\n\tat io.grpc.stub.ServerCalls$StreamingServerCallHandler$StreamingServerCallListener.onMessage(ServerCalls.java:262)\n\tat io.grpc.ForwardingServerCallListener.onMessage(ForwardingServerCallListener.java:33)\n\tat io.grpc.Contexts$ContextualizedServerCallListener.onMessage(Contexts.java:76)\n\tat io.grpc.ForwardingServerCallListener.onMessage(ForwardingServerCallListener.java:33)\n\tat io.grpc.Contexts$ContextualizedServerCallListener.onMessage(Contexts.java:76)\n\tat io.grpc.internal.ServerCallImpl$ServerStreamListenerImpl.messagesAvailableInternal(ServerCallImpl.java:334)\n\tat io.grpc.internal.ServerCallImpl$ServerStreamListenerImpl.messagesAvailable(ServerCallImpl.java:319)\n\tat io.grpc.internal.ServerImpl$JumpToApplicationThreadServerStreamListener$1MessagesAvailable.runInContext(ServerImpl.java:834)\n\tat io.grpc.internal.ContextRunnable.run(ContextRunnable.java:37)\n\tat io.grpc.internal.SerializingExecutor.run(SerializingExecutor.java:133)\n\tat java.base/java.util.concurrent.ThreadPoolExecutor.runWorker(ThreadPoolExecutor.java:1136)\n\tat java.base/java.util.concurrent.ThreadPoolExecutor$Worker.run(ThreadPoolExecutor.java:635)\n\tat java.base/java.lang.Thread.run(Thread.java:840)\nCaused by: com.google.firebase.rules.runtime.common.EvaluationException: Error: /workspace/firestore.rules line [12], column [14]. Property role is undefined on object.\n\tat com.google.firebase.rules.runtime.impl.DefaultEvaluator$TransformEvaluationException.apply(DefaultEvaluator.java:275)\n\tat com.google.firebase.rules.runtime.impl.DefaultEvaluator$TransformEvaluationException.apply(DefaultEvaluator.java:261)\n\tat com.google.common.util.concurrent.AbstractCatchingFuture$AsyncCatchingFuture.doFallback(AbstractCatchingFuture.java:211)\n\tat com.google.common.util.concurrent.AbstractCatchingFuture$AsyncCatchingFuture.doFallback(AbstractCatchingFuture.java:198)\n\tat com.google.common.util.concurrent.AbstractCatchingFuture.run(AbstractCatchingFuture.java:140)\n\tat com.google.common.util.concurrent.DirectExecutor.execute(DirectExecutor.java:32)\n\tat com.google.common.util.concurrent.AbstractFuture.executeListener(AbstractFuture.java:1306)\n\tat com.google.common.util.concurrent.AbstractFuture.addListener(AbstractFuture.java:767)\n\tat com.google.common.util.concurrent.FluentFuture$TrustedFuture.addListener(FluentFuture.java:122)\n\tat com.google.common.util.concurrent.AbstractCatchingFuture.createAsync(AbstractCatchingFuture.java:63)\n\tat com.google.common.util.concurrent.Futures.catchingAsync(Futures.java:413)\n\tat com.google.firebase.rules.runtime.impl.DefaultEvaluator.evaluate(DefaultEvaluator.java:177)\n\tat com.google.cloud.datastore.emulator.impl.rules.EmulatorRuleClient$EmulatorRuleEvaluator.evaluate(EmulatorRuleClient.java:88)\n\tat com.google.cloud.datastore.core.auth.rules.AsyncTwoPhaseRulesAuthorizer.lambda$fullEvaluate$12(AsyncTwoPhaseRulesAuthorizer.java:952)\n\tat com.google.cloud.datastore.computation.Computation.tryCatch(Computation.java:416)\n\tat com.google.cloud.datastore.core.auth.rules.AsyncTwoPhaseRulesAuthorizer.fullEvaluate(AsyncTwoPhaseRulesAuthorizer.java:951)\n\tat com.google.cloud.datastore.core.auth.rules.AsyncTwoPhaseRulesAuthorizer$CommitAuthorizerImpl.lambda$checkWrite$1(AsyncTwoPhaseRulesAuthorizer.java:1192)\n\tat com.google.cloud.datastore.computation.Computation.lambda$tryClose$27(Computation.java:685)\n\tat com.google.cloud.datastore.computation.Computation.tryCatch(Computation.java:416)\n\tat com.google.cloud.datastore.computation.Computation.tryFinally(Computation.java:652)\n\tat com.google.cloud.datastore.computation.Computation.tryFinally(Computation.java:658)\n\tat com.google.cloud.datastore.computation.Computation.tryClose(Computation.java:685)\n\tat com.google.cloud.datastore.core.auth.rules.AsyncTwoPhaseRulesAuthorizer$CommitAuthorizerImpl.checkWrite(AsyncTwoPhaseRulesAuthorizer.java:1161)\n\tat com.google.cloud.datastore.emulator.impl.rules.DefaultEmulatorRulesAuthorizer.lambda$checkCommit$0(DefaultEmulatorRulesAuthorizer.java:124)\n\tat com.google.cloud.datastore.emulator.impl.rules.DefaultEmulatorRulesAuthorizer.withVerboseErrors(DefaultEmulatorRulesAuthorizer.java:290)\n\t... 22 more\n\n"}}
[debug] [2026-08-01T14:49:09.383Z] Multiple projectIds are not recommended in single project mode. Requested project ID wildwatch-82abc, but the emulator is configured for demo-wildwatch-local. To opt-out of single project mode add/set the '"singleProjectMode": false' property in the firebase.json emulators config.
 {"metadata":{"emulator":{"name":"firestore"},"message":"Multiple projectIds are not recommended in single project mode. Requested project ID wildwatch-82abc, but the emulator is configured for demo-wildwatch-local. To opt-out of single project mode add/set the '\"singleProjectMode\": false' property in the firebase.json emulators config.\n"}}
[debug] [2026-08-01T14:49:09.489Z] Aug 01, 2026 2:49:09 PM com.google.cloud.datastore.emulator.impl.util.WrappedStreamObserver onError
WARNING: Operation failed: 
Property role is undefined on object. for 'create' @ L64, Property role is undefined on object. for 'update' @ L65, Property role is undefined on object. for 'create' @ L64
com.google.cloud.datastore.core.exception.DatastoreException: 
Property role is undefined on object. for 'create' @ L64, Property role is undefined on object. for 'update' @ L65, Property role is undefined on object. for 'create' @ L64
	at com.google.cloud.datastore.core.exception.DatastoreException$Builder.build(DatastoreException.java:121)
	at com.google.cloud.datastore.emulator.impl.rules.DefaultEmulatorRulesAuthorizer.verboseError(DefaultEmulatorRulesAuthorizer.java:318)
	at com.google.cloud.datastore.emulator.impl.rules.DefaultEmulatorRulesAuthorizer.withVerboseErrors(DefaultEmulatorRulesAuthorizer.java:295)
	at com.google.cloud.datastore.emulator.impl.rules.DefaultEmulatorRulesAuthorizer.checkCommit(DefaultEmulatorRulesAuthorizer.java:114)
	at com.google.cloud.datastore.emulator.impl.firestore.FirestoreEmulatorHelper.commitHelper(FirestoreEmulatorHelper.java:360)
	at com.google.cloud.datastore.emulator.impl.firestore.FirestoreEmulatorHelper.internalCommit(FirestoreEmulatorHelper.java:314)
	at com.google.cloud.datastore.emulator.impl.firestore.CloudFirestoreV1.internalCommit(CloudFirestoreV1.java:1077)
	at com.google.cloud.datastore.emulator.impl.firestore.CloudFirestoreV1.write(CloudFirestoreV1.java:1065)
	at com.google.cloud.datastore.emulator.impl.firestore.CloudFirestoreV1WriteStream.handleRequest(CloudFirestoreV1WriteStream.java:218)
	at com.google.cloud.datastore.emulator.impl.firestore.CloudFirestoreV1WriteStream.write(CloudFirestoreV1WriteStream.java:140)
	at com.google.cloud.datastore.emulator.impl.firestore.CloudFirestoreV1WriteStream.onNext(CloudFirestoreV1WriteStream.java:95)
	at com.google.cloud.datastore.emulator.impl.firestore.CloudFirestoreV1WriteStream.onNext(CloudFirestoreV1WriteStream.java:27)
	at io.grpc.stub.ServerCalls$StreamingServerCallHandler$StreamingServerCallListener.onMessage(ServerCalls.java:262)
	at io.grpc.ForwardingServerCallListener.onMessage(ForwardingServerCallListener.java:33)
	at io.grpc.Contexts$ContextualizedServerCallListener.onMessage(Contexts.java:76)
	at io.grpc.ForwardingServerCallListener.onMessage(ForwardingServerCallListener.java:33)
	at io.grpc.Contexts$ContextualizedServerCallListener.onMessage(Contexts.java:76)
	at io.grpc.internal.ServerCallImpl$ServerStreamListenerImpl.messagesAvailableInternal(ServerCallImpl.java:334)
	at io.grpc.internal.ServerCallImpl$ServerStreamListenerImpl.messagesAvailable(ServerCallImpl.java:319)
	at io.grpc.internal.ServerImpl$JumpToApplicationThreadServerStreamListener$1MessagesAvailable.runInContext(ServerImpl.java:834)
	at io.grpc.internal.ContextRunnable.run(ContextRunnable.java:37)
	at io.grpc.internal.SerializingExecutor.run(SerializingExecutor.java:133)
	at java.base/java.util.concurrent.ThreadPoolExecutor.runWorker(ThreadPoolExecutor.java:1136)
	at java.base/java.util.concurrent.ThreadPoolExecutor$Worker.run(ThreadPoolExecutor.java:635)
	at java.base/java.lang.Thread.run(Thread.java:840)
Caused by: com.google.firebase.rules.runtime.common.EvaluationException: Error: /workspace/firestore.rules line [12], column [14]. Property role is undefined on object.
	at com.google.firebase.rules.runtime.impl.DefaultEvaluator$TransformEvaluationException.apply(DefaultEvaluator.java:275)
	at com.google.firebase.rules.runtime.impl.DefaultEvaluator$TransformEvaluationException.apply(DefaultEvaluator.java:261)
	at com.google.common.util.concurrent.AbstractCatchingFuture$AsyncCatchingFuture.doFallback(AbstractCatchingFuture.java:211)
	at com.google.common.util.concurrent.AbstractCatchingFuture$AsyncCatchingFuture.doFallback(AbstractCatchingFuture.java:198)
	at com.google.common.util.concurrent.AbstractCatchingFuture.run(AbstractCatchingFuture.java:140)
	at com.google.common.util.concurrent.DirectExecutor.execute(DirectExecutor.java:32)
	at com.google.common.util.concurrent.AbstractFuture.executeListener(AbstractFuture.java:1306)
	at com.google.common.util.concurrent.AbstractFuture.addListener(AbstractFuture.java:767)
	at com.google.common.util.concurrent.FluentFuture$TrustedFuture.addListener(FluentFuture.java:122)
	at com.google.common.util.concurrent.AbstractCatchingFuture.createAsync(AbstractCatchingFuture.java:63)
	at com.google.common.util.concurrent.Futures.catchingAsync(Futures.java:413)
	at com.google.firebase.rules.runtime.impl.DefaultEvaluator.evaluate(DefaultEvaluator.java:177)
	at com.google.cloud.datastore.emulator.impl.rules.EmulatorRuleClient$EmulatorRuleEvaluator.evaluate(EmulatorRuleClient.java:88)
	at com.google.cloud.datastore.core.auth.rules.AsyncTwoPhaseRulesAuthorizer.lambda$fullEvaluate$12(AsyncTwoPhaseRulesAuthorizer.java:952)
	at com.google.cloud.datastore.computation.Computation.tryCatch(Computation.java:416)
	at com.google.cloud.datastore.core.auth.rules.AsyncTwoPhaseRulesAuthorizer.fullEvaluate(AsyncTwoPhaseRulesAuthorizer.java:951)
	at com.google.cloud.datastore.core.auth.rules.AsyncTwoPhaseRulesAuthorizer$CommitAuthorizerImpl.lambda$checkWrite$1(AsyncTwoPhaseRulesAuthorizer.java:1192)
	at com.google.cloud.datastore.computation.Computation.lambda$tryClose$27(Computation.java:685)
	at com.google.cloud.datastore.computation.Computation.tryCatch(Computation.java:416)
	at com.google.cloud.datastore.computation.Computation.tryFinally(Computation.java:652)
	at com.google.cloud.datastore.computation.Computation.tryFinally(Computation.java:658)
	at com.google.cloud.datastore.computation.Computation.tryClose(Computation.java:685)
	at com.google.cloud.datastore.core.auth.rules.AsyncTwoPhaseRulesAuthorizer$CommitAuthorizerImpl.checkWrite(AsyncTwoPhaseRulesAuthorizer.java:1161)
	at com.google.cloud.datastore.emulator.impl.rules.DefaultEmulatorRulesAuthorizer.lambda$checkCommit$0(DefaultEmulatorRulesAuthorizer.java:124)
	at com.google.cloud.datastore.emulator.impl.rules.DefaultEmulatorRulesAuthorizer.withVerboseErrors(DefaultEmulatorRulesAuthorizer.java:290)
	... 22 more

 {"metadata":{"emulator":{"name":"firestore"},"message":"Aug 01, 2026 2:49:09 PM com.google.cloud.datastore.emulator.impl.util.WrappedStreamObserver onError\nWARNING: Operation failed: \nProperty role is undefined on object. for 'create' @ L64, Property role is undefined on object. for 'update' @ L65, Property role is undefined on object. for 'create' @ L64\ncom.google.cloud.datastore.core.exception.DatastoreException: \nProperty role is undefined on object. for 'create' @ L64, Property role is undefined on object. for 'update' @ L65, Property role is undefined on object. for 'create' @ L64\n\tat com.google.cloud.datastore.core.exception.DatastoreException$Builder.build(DatastoreException.java:121)\n\tat com.google.cloud.datastore.emulator.impl.rules.DefaultEmulatorRulesAuthorizer.verboseError(DefaultEmulatorRulesAuthorizer.java:318)\n\tat com.google.cloud.datastore.emulator.impl.rules.DefaultEmulatorRulesAuthorizer.withVerboseErrors(DefaultEmulatorRulesAuthorizer.java:295)\n\tat com.google.cloud.datastore.emulator.impl.rules.DefaultEmulatorRulesAuthorizer.checkCommit(DefaultEmulatorRulesAuthorizer.java:114)\n\tat com.google.cloud.datastore.emulator.impl.firestore.FirestoreEmulatorHelper.commitHelper(FirestoreEmulatorHelper.java:360)\n\tat com.google.cloud.datastore.emulator.impl.firestore.FirestoreEmulatorHelper.internalCommit(FirestoreEmulatorHelper.java:314)\n\tat com.google.cloud.datastore.emulator.impl.firestore.CloudFirestoreV1.internalCommit(CloudFirestoreV1.java:1077)\n\tat com.google.cloud.datastore.emulator.impl.firestore.CloudFirestoreV1.write(CloudFirestoreV1.java:1065)\n\tat com.google.cloud.datastore.emulator.impl.firestore.CloudFirestoreV1WriteStream.handleRequest(CloudFirestoreV1WriteStream.java:218)\n\tat com.google.cloud.datastore.emulator.impl.firestore.CloudFirestoreV1WriteStream.write(CloudFirestoreV1WriteStream.java:140)\n\tat com.google.cloud.datastore.emulator.impl.firestore.CloudFirestoreV1WriteStream.onNext(CloudFirestoreV1WriteStream.java:95)\n\tat com.google.cloud.datastore.emulator.impl.firestore.CloudFirestoreV1WriteStream.onNext(CloudFirestoreV1WriteStream.java:27)\n\tat io.grpc.stub.ServerCalls$StreamingServerCallHandler$StreamingServerCallListener.onMessage(ServerCalls.java:262)\n\tat io.grpc.ForwardingServerCallListener.onMessage(ForwardingServerCallListener.java:33)\n\tat io.grpc.Contexts$ContextualizedServerCallListener.onMessage(Contexts.java:76)\n\tat io.grpc.ForwardingServerCallListener.onMessage(ForwardingServerCallListener.java:33)\n\tat io.grpc.Contexts$ContextualizedServerCallListener.onMessage(Contexts.java:76)\n\tat io.grpc.internal.ServerCallImpl$ServerStreamListenerImpl.messagesAvailableInternal(ServerCallImpl.java:334)\n\tat io.grpc.internal.ServerCallImpl$ServerStreamListenerImpl.messagesAvailable(ServerCallImpl.java:319)\n\tat io.grpc.internal.ServerImpl$JumpToApplicationThreadServerStreamListener$1MessagesAvailable.runInContext(ServerImpl.java:834)\n\tat io.grpc.internal.ContextRunnable.run(ContextRunnable.java:37)\n\tat io.grpc.internal.SerializingExecutor.run(SerializingExecutor.java:133)\n\tat java.base/java.util.concurrent.ThreadPoolExecutor.runWorker(ThreadPoolExecutor.java:1136)\n\tat java.base/java.util.concurrent.ThreadPoolExecutor$Worker.run(ThreadPoolExecutor.java:635)\n\tat java.base/java.lang.Thread.run(Thread.java:840)\nCaused by: com.google.firebase.rules.runtime.common.EvaluationException: Error: /workspace/firestore.rules line [12], column [14]. Property role is undefined on object.\n\tat com.google.firebase.rules.runtime.impl.DefaultEvaluator$TransformEvaluationException.apply(DefaultEvaluator.java:275)\n\tat com.google.firebase.rules.runtime.impl.DefaultEvaluator$TransformEvaluationException.apply(DefaultEvaluator.java:261)\n\tat com.google.common.util.concurrent.AbstractCatchingFuture$AsyncCatchingFuture.doFallback(AbstractCatchingFuture.java:211)\n\tat com.google.common.util.concurrent.AbstractCatchingFuture$AsyncCatchingFuture.doFallback(AbstractCatchingFuture.java:198)\n\tat com.google.common.util.concurrent.AbstractCatchingFuture.run(AbstractCatchingFuture.java:140)\n\tat com.google.common.util.concurrent.DirectExecutor.execute(DirectExecutor.java:32)\n\tat com.google.common.util.concurrent.AbstractFuture.executeListener(AbstractFuture.java:1306)\n\tat com.google.common.util.concurrent.AbstractFuture.addListener(AbstractFuture.java:767)\n\tat com.google.common.util.concurrent.FluentFuture$TrustedFuture.addListener(FluentFuture.java:122)\n\tat com.google.common.util.concurrent.AbstractCatchingFuture.createAsync(AbstractCatchingFuture.java:63)\n\tat com.google.common.util.concurrent.Futures.catchingAsync(Futures.java:413)\n\tat com.google.firebase.rules.runtime.impl.DefaultEvaluator.evaluate(DefaultEvaluator.java:177)\n\tat com.google.cloud.datastore.emulator.impl.rules.EmulatorRuleClient$EmulatorRuleEvaluator.evaluate(EmulatorRuleClient.java:88)\n\tat com.google.cloud.datastore.core.auth.rules.AsyncTwoPhaseRulesAuthorizer.lambda$fullEvaluate$12(AsyncTwoPhaseRulesAuthorizer.java:952)\n\tat com.google.cloud.datastore.computation.Computation.tryCatch(Computation.java:416)\n\tat com.google.cloud.datastore.core.auth.rules.AsyncTwoPhaseRulesAuthorizer.fullEvaluate(AsyncTwoPhaseRulesAuthorizer.java:951)\n\tat com.google.cloud.datastore.core.auth.rules.AsyncTwoPhaseRulesAuthorizer$CommitAuthorizerImpl.lambda$checkWrite$1(AsyncTwoPhaseRulesAuthorizer.java:1192)\n\tat com.google.cloud.datastore.computation.Computation.lambda$tryClose$27(Computation.java:685)\n\tat com.google.cloud.datastore.computation.Computation.tryCatch(Computation.java:416)\n\tat com.google.cloud.datastore.computation.Computation.tryFinally(Computation.java:652)\n\tat com.google.cloud.datastore.computation.Computation.tryFinally(Computation.java:658)\n\tat com.google.cloud.datastore.computation.Computation.tryClose(Computation.java:685)\n\tat com.google.cloud.datastore.core.auth.rules.AsyncTwoPhaseRulesAuthorizer$CommitAuthorizerImpl.checkWrite(AsyncTwoPhaseRulesAuthorizer.java:1161)\n\tat com.google.cloud.datastore.emulator.impl.rules.DefaultEmulatorRulesAuthorizer.lambda$checkCommit$0(DefaultEmulatorRulesAuthorizer.java:124)\n\tat com.google.cloud.datastore.emulator.impl.rules.DefaultEmulatorRulesAuthorizer.withVerboseErrors(DefaultEmulatorRulesAuthorizer.java:290)\n\t... 22 more\n\n"}}
[debug] [2026-08-01T14:49:09.780Z] Multiple projectIds are not recommended in single project mode. Requested project ID wildwatch-82abc, but the emulator is configured for demo-wildwatch-local. To opt-out of single project mode add/set the '"singleProjectMode": false' property in the firebase.json emulators config.
 {"metadata":{"emulator":{"name":"firestore"},"message":"Multiple projectIds are not recommended in single project mode. Requested project ID wildwatch-82abc, but the emulator is configured for demo-wildwatch-local. To opt-out of single project mode add/set the '\"singleProjectMode\": false' property in the firebase.json emulators config.\n"}}
[debug] [2026-08-01T14:49:10.063Z] Aug 01, 2026 2:49:10 PM com.google.cloud.datastore.emulator.impl.util.WrappedStreamObserver onError
WARNING: Operation failed: 
Property role is undefined on object. for 'create' @ L64, Property role is undefined on object. for 'update' @ L65, Property role is undefined on object. for 'create' @ L64
com.google.cloud.datastore.core.exception.DatastoreException: 
Property role is undefined on object. for 'create' @ L64, Property role is undefined on object. for 'update' @ L65, Property role is undefined on object. for 'create' @ L64
	at com.google.cloud.datastore.core.exception.DatastoreException$Builder.build(DatastoreException.java:121)
	at com.google.cloud.datastore.emulator.impl.rules.DefaultEmulatorRulesAuthorizer.verboseError(DefaultEmulatorRulesAuthorizer.java:318)
	at com.google.cloud.datastore.emulator.impl.rules.DefaultEmulatorRulesAuthorizer.withVerboseErrors(DefaultEmulatorRulesAuthorizer.java:295)
	at com.google.cloud.datastore.emulator.impl.rules.DefaultEmulatorRulesAuthorizer.checkCommit(DefaultEmulatorRulesAuthorizer.java:114)
	at com.google.cloud.datastore.emulator.impl.firestore.FirestoreEmulatorHelper.commitHelper(FirestoreEmulatorHelper.java:360)
	at com.google.cloud.datastore.emulator.impl.firestore.FirestoreEmulatorHelper.internalCommit(FirestoreEmulatorHelper.java:314)
	at com.google.cloud.datastore.emulator.impl.firestore.CloudFirestoreV1.internalCommit(CloudFirestoreV1.java:1077)
	at com.google.cloud.datastore.emulator.impl.firestore.CloudFirestoreV1.write(CloudFirestoreV1.java:1065)
	at com.google.cloud.datastore.emulator.impl.firestore.CloudFirestoreV1WriteStream.handleRequest(CloudFirestoreV1WriteStream.java:218)
	at com.google.cloud.datastore.emulator.impl.firestore.CloudFirestoreV1WriteStream.write(CloudFirestoreV1WriteStream.java:140)
	at com.google.cloud.datastore.emulator.impl.firestore.CloudFirestoreV1WriteStream.onNext(CloudFirestoreV1WriteStream.java:95)
	at com.google.cloud.datastore.emulator.impl.firestore.CloudFirestoreV1WriteStream.onNext(CloudFirestoreV1WriteStream.java:27)
	at io.grpc.stub.ServerCalls$StreamingServerCallHandler$StreamingServerCallListener.onMessage(ServerCalls.java:262)
	at io.grpc.ForwardingServerCallListener.onMessage(ForwardingServerCallListener.java:33)
	at io.grpc.Contexts$ContextualizedServerCallListener.onMessage(Contexts.java:76)
	at io.grpc.ForwardingServerCallListener.onMessage(ForwardingServerCallListener.java:33)
	at io.grpc.Contexts$ContextualizedServerCallListener.onMessage(Contexts.java:76)
	at io.grpc.internal.ServerCallImpl$ServerStreamListenerImpl.messagesAvailableInternal(ServerCallImpl.java:334)
	at io.grpc.internal.ServerCallImpl$ServerStreamListenerImpl.messagesAvailable(ServerCallImpl.java:319)
	at io.grpc.internal.ServerImpl$JumpToApplicationThreadServerStreamListener$1MessagesAvailable.runInContext(ServerImpl.java:834)
	at io.grpc.internal.ContextRunnable.run(ContextRunnable.java:37)
	at io.grpc.internal.SerializingExecutor.run(SerializingExecutor.java:133)
	at java.base/java.util.concurrent.ThreadPoolExecutor.runWorker(ThreadPoolExecutor.java:1136)
	at java.base/java.util.concurrent.ThreadPoolExecutor$Worker.run(ThreadPoolExecutor.java:635)
	at java.base/java.lang.Thread.run(Thread.java:840)
Caused by: com.google.firebase.rules.runtime.common.EvaluationException: Error: /workspace/firestore.rules line [12], column [14]. Property role is undefined on object.
	at com.google.firebase.rules.runtime.impl.DefaultEvaluator$TransformEvaluationException.apply(DefaultEvaluator.java:275)
	at com.google.firebase.rules.runtime.impl.DefaultEvaluator$TransformEvaluationException.apply(DefaultEvaluator.java:261)
	at com.google.common.util.concurrent.AbstractCatchingFuture$AsyncCatchingFuture.doFallback(AbstractCatchingFuture.java:211)
	at com.google.common.util.concurrent.AbstractCatchingFuture$AsyncCatchingFuture.doFallback(AbstractCatchingFuture.java:198)
	at com.google.common.util.concurrent.AbstractCatchingFuture.run(AbstractCatchingFuture.java:140)
	at com.google.common.util.concurrent.DirectExecutor.execute(DirectExecutor.java:32)
	at com.google.common.util.concurrent.AbstractFuture.executeListener(AbstractFuture.java:1306)
	at com.google.common.util.concurrent.AbstractFuture.addListener(AbstractFuture.java:767)
	at com.google.common.util.concurrent.FluentFuture$TrustedFuture.addListener(FluentFuture.java:122)
	at com.google.common.util.concurrent.AbstractCatchingFuture.createAsync(AbstractCatchingFuture.java:63)
	at com.google.common.util.concurrent.Futures.catchingAsync(Futures.java:413)
	at com.google.firebase.rules.runtime.impl.DefaultEvaluator.evaluate(DefaultEvaluator.java:177)
	at com.google.cloud.datastore.emulator.impl.rules.EmulatorRuleClient$EmulatorRuleEvaluator.evaluate(EmulatorRuleClient.java:88)
	at com.google.cloud.datastore.core.auth.rules.AsyncTwoPhaseRulesAuthorizer.lambda$fullEvaluate$12(AsyncTwoPhaseRulesAuthorizer.java:952)
	at com.google.cloud.datastore.computation.Computation.tryCatch(Computation.java:416)
	at com.google.cloud.datastore.core.auth.rules.AsyncTwoPhaseRulesAuthorizer.fullEvaluate(AsyncTwoPhaseRulesAuthorizer.java:951)
	at com.google.cloud.datastore.core.auth.rules.AsyncTwoPhaseRulesAuthorizer$CommitAuthorizerImpl.lambda$checkWrite$1(AsyncTwoPhaseRulesAuthorizer.java:1192)
	at com.google.cloud.datastore.computation.Computation.lambda$tryClose$27(Computation.java:685)
	at com.google.cloud.datastore.computation.Computation.tryCatch(Computation.java:416)
	at com.google.cloud.datastore.computation.Computation.tryFinally(Computation.java:652)
	at com.google.cloud.datastore.computation.Computation.tryFinally(Computation.java:658)
	at com.google.cloud.datastore.computation.Computation.tryClose(Computation.java:685)
	at com.google.cloud.datastore.core.auth.rules.AsyncTwoPhaseRulesAuthorizer$CommitAuthorizerImpl.checkWrite(AsyncTwoPhaseRulesAuthorizer.java:1161)
	at com.google.cloud.datastore.emulator.impl.rules.DefaultEmulatorRulesAuthorizer.lambda$checkCommit$0(DefaultEmulatorRulesAuthorizer.java:124)
	at com.google.cloud.datastore.emulator.impl.rules.DefaultEmulatorRulesAuthorizer.withVerboseErrors(DefaultEmulatorRulesAuthorizer.java:290)
	... 22 more

 {"metadata":{"emulator":{"name":"firestore"},"message":"Aug 01, 2026 2:49:10 PM com.google.cloud.datastore.emulator.impl.util.WrappedStreamObserver onError\nWARNING: Operation failed: \nProperty role is undefined on object. for 'create' @ L64, Property role is undefined on object. for 'update' @ L65, Property role is undefined on object. for 'create' @ L64\ncom.google.cloud.datastore.core.exception.DatastoreException: \nProperty role is undefined on object. for 'create' @ L64, Property role is undefined on object. for 'update' @ L65, Property role is undefined on object. for 'create' @ L64\n\tat com.google.cloud.datastore.core.exception.DatastoreException$Builder.build(DatastoreException.java:121)\n\tat com.google.cloud.datastore.emulator.impl.rules.DefaultEmulatorRulesAuthorizer.verboseError(DefaultEmulatorRulesAuthorizer.java:318)\n\tat com.google.cloud.datastore.emulator.impl.rules.DefaultEmulatorRulesAuthorizer.withVerboseErrors(DefaultEmulatorRulesAuthorizer.java:295)\n\tat com.google.cloud.datastore.emulator.impl.rules.DefaultEmulatorRulesAuthorizer.checkCommit(DefaultEmulatorRulesAuthorizer.java:114)\n\tat com.google.cloud.datastore.emulator.impl.firestore.FirestoreEmulatorHelper.commitHelper(FirestoreEmulatorHelper.java:360)\n\tat com.google.cloud.datastore.emulator.impl.firestore.FirestoreEmulatorHelper.internalCommit(FirestoreEmulatorHelper.java:314)\n\tat com.google.cloud.datastore.emulator.impl.firestore.CloudFirestoreV1.internalCommit(CloudFirestoreV1.java:1077)\n\tat com.google.cloud.datastore.emulator.impl.firestore.CloudFirestoreV1.write(CloudFirestoreV1.java:1065)\n\tat com.google.cloud.datastore.emulator.impl.firestore.CloudFirestoreV1WriteStream.handleRequest(CloudFirestoreV1WriteStream.java:218)\n\tat com.google.cloud.datastore.emulator.impl.firestore.CloudFirestoreV1WriteStream.write(CloudFirestoreV1WriteStream.java:140)\n\tat com.google.cloud.datastore.emulator.impl.firestore.CloudFirestoreV1WriteStream.onNext(CloudFirestoreV1WriteStream.java:95)\n\tat com.google.cloud.datastore.emulator.impl.firestore.CloudFirestoreV1WriteStream.onNext(CloudFirestoreV1WriteStream.java:27)\n\tat io.grpc.stub.ServerCalls$StreamingServerCallHandler$StreamingServerCallListener.onMessage(ServerCalls.java:262)\n\tat io.grpc.ForwardingServerCallListener.onMessage(ForwardingServerCallListener.java:33)\n\tat io.grpc.Contexts$ContextualizedServerCallListener.onMessage(Contexts.java:76)\n\tat io.grpc.ForwardingServerCallListener.onMessage(ForwardingServerCallListener.java:33)\n\tat io.grpc.Contexts$ContextualizedServerCallListener.onMessage(Contexts.java:76)\n\tat io.grpc.internal.ServerCallImpl$ServerStreamListenerImpl.messagesAvailableInternal(ServerCallImpl.java:334)\n\tat io.grpc.internal.ServerCallImpl$ServerStreamListenerImpl.messagesAvailable(ServerCallImpl.java:319)\n\tat io.grpc.internal.ServerImpl$JumpToApplicationThreadServerStreamListener$1MessagesAvailable.runInContext(ServerImpl.java:834)\n\tat io.grpc.internal.ContextRunnable.run(ContextRunnable.java:37)\n\tat io.grpc.internal.SerializingExecutor.run(SerializingExecutor.java:133)\n\tat java.base/java.util.concurrent.ThreadPoolExecutor.runWorker(ThreadPoolExecutor.java:1136)\n\tat java.base/java.util.concurrent.ThreadPoolExecutor$Worker.run(ThreadPoolExecutor.java:635)\n\tat java.base/java.lang.Thread.run(Thread.java:840)\nCaused by: com.google.firebase.rules.runtime.common.EvaluationException: Error: /workspace/firestore.rules line [12], column [14]. Property role is undefined on object.\n\tat com.google.firebase.rules.runtime.impl.DefaultEvaluator$TransformEvaluationException.apply(DefaultEvaluator.java:275)\n\tat com.google.firebase.rules.runtime.impl.DefaultEvaluator$TransformEvaluationException.apply(DefaultEvaluator.java:261)\n\tat com.google.common.util.concurrent.AbstractCatchingFuture$AsyncCatchingFuture.doFallback(AbstractCatchingFuture.java:211)\n\tat com.google.common.util.concurrent.AbstractCatchingFuture$AsyncCatchingFuture.doFallback(AbstractCatchingFuture.java:198)\n\tat com.google.common.util.concurrent.AbstractCatchingFuture.run(AbstractCatchingFuture.java:140)\n\tat com.google.common.util.concurrent.DirectExecutor.execute(DirectExecutor.java:32)\n\tat com.google.common.util.concurrent.AbstractFuture.executeListener(AbstractFuture.java:1306)\n\tat com.google.common.util.concurrent.AbstractFuture.addListener(AbstractFuture.java:767)\n\tat com.google.common.util.concurrent.FluentFuture$TrustedFuture.addListener(FluentFuture.java:122)\n\tat com.google.common.util.concurrent.AbstractCatchingFuture.createAsync(AbstractCatchingFuture.java:63)\n\tat com.google.common.util.concurrent.Futures.catchingAsync(Futures.java:413)\n\tat com.google.firebase.rules.runtime.impl.DefaultEvaluator.evaluate(DefaultEvaluator.java:177)\n\tat com.google.cloud.datastore.emulator.impl.rules.EmulatorRuleClient$EmulatorRuleEvaluator.evaluate(EmulatorRuleClient.java:88)\n\tat com.google.cloud.datastore.core.auth.rules.AsyncTwoPhaseRulesAuthorizer.lambda$fullEvaluate$12(AsyncTwoPhaseRulesAuthorizer.java:952)\n\tat com.google.cloud.datastore.computation.Computation.tryCatch(Computation.java:416)\n\tat com.google.cloud.datastore.core.auth.rules.AsyncTwoPhaseRulesAuthorizer.fullEvaluate(AsyncTwoPhaseRulesAuthorizer.java:951)\n\tat com.google.cloud.datastore.core.auth.rules.AsyncTwoPhaseRulesAuthorizer$CommitAuthorizerImpl.lambda$checkWrite$1(AsyncTwoPhaseRulesAuthorizer.java:1192)\n\tat com.google.cloud.datastore.computation.Computation.lambda$tryClose$27(Computation.java:685)\n\tat com.google.cloud.datastore.computation.Computation.tryCatch(Computation.java:416)\n\tat com.google.cloud.datastore.computation.Computation.tryFinally(Computation.java:652)\n\tat com.google.cloud.datastore.computation.Computation.tryFinally(Computation.java:658)\n\tat com.google.cloud.datastore.computation.Computation.tryClose(Computation.java:685)\n\tat com.google.cloud.datastore.core.auth.rules.AsyncTwoPhaseRulesAuthorizer$CommitAuthorizerImpl.checkWrite(AsyncTwoPhaseRulesAuthorizer.java:1161)\n\tat com.google.cloud.datastore.emulator.impl.rules.DefaultEmulatorRulesAuthorizer.lambda$checkCommit$0(DefaultEmulatorRulesAuthorizer.java:124)\n\tat com.google.cloud.datastore.emulator.impl.rules.DefaultEmulatorRulesAuthorizer.withVerboseErrors(DefaultEmulatorRulesAuthorizer.java:290)\n\t... 22 more\n\n"}}
[debug] [2026-08-01T14:49:10.248Z] Multiple projectIds are not recommended in single project mode. Requested project ID wildwatch-82abc, but the emulator is configured for demo-wildwatch-local. To opt-out of single project mode add/set the '"singleProjectMode": false' property in the firebase.json emulators config.
 {"metadata":{"emulator":{"name":"firestore"},"message":"Multiple projectIds are not recommended in single project mode. Requested project ID wildwatch-82abc, but the emulator is configured for demo-wildwatch-local. To opt-out of single project mode add/set the '\"singleProjectMode\": false' property in the firebase.json emulators config.\n"}}
[debug] [2026-08-01T14:49:10.425Z] Aug 01, 2026 2:49:10 PM com.google.cloud.datastore.emulator.impl.util.WrappedStreamObserver onError
WARNING: Operation failed: 
Property role is undefined on object. for 'create' @ L64, Property role is undefined on object. for 'update' @ L65, Property role is undefined on object. for 'create' @ L64
com.google.cloud.datastore.core.exception.DatastoreException: 
Property role is undefined on object. for 'create' @ L64, Property role is undefined on object. for 'update' @ L65, Property role is undefined on object. for 'create' @ L64
	at com.google.cloud.datastore.core.exception.DatastoreException$Builder.build(DatastoreException.java:121)
	at com.google.cloud.datastore.emulator.impl.rules.DefaultEmulatorRulesAuthorizer.verboseError(DefaultEmulatorRulesAuthorizer.java:318)
	at com.google.cloud.datastore.emulator.impl.rules.DefaultEmulatorRulesAuthorizer.withVerboseErrors(DefaultEmulatorRulesAuthorizer.java:295)
	at com.google.cloud.datastore.emulator.impl.rules.DefaultEmulatorRulesAuthorizer.checkCommit(DefaultEmulatorRulesAuthorizer.java:114)
	at com.google.cloud.datastore.emulator.impl.firestore.FirestoreEmulatorHelper.commitHelper(FirestoreEmulatorHelper.java:360)
	at com.google.cloud.datastore.emulator.impl.firestore.FirestoreEmulatorHelper.internalCommit(FirestoreEmulatorHelper.java:314)
	at com.google.cloud.datastore.emulator.impl.firestore.CloudFirestoreV1.internalCommit(CloudFirestoreV1.java:1077)
	at com.google.cloud.datastore.emulator.impl.firestore.CloudFirestoreV1.write(CloudFirestoreV1.java:1065)
	at com.google.cloud.datastore.emulator.impl.firestore.CloudFirestoreV1WriteStream.handleRequest(CloudFirestoreV1WriteStream.java:218)
	at com.google.cloud.datastore.emulator.impl.firestore.CloudFirestoreV1WriteStream.write(CloudFirestoreV1WriteStream.java:140)
	at com.google.cloud.datastore.emulator.impl.firestore.CloudFirestoreV1WriteStream.onNext(CloudFirestoreV1WriteStream.java:95)
	at com.google.cloud.datastore.emulator.impl.firestore.CloudFirestoreV1WriteStream.onNext(CloudFirestoreV1WriteStream.java:27)
	at io.grpc.stub.ServerCalls$StreamingServerCallHandler$StreamingServerCallListener.onMessage(ServerCalls.java:262)
	at io.grpc.ForwardingServerCallListener.onMessage(ForwardingServerCallListener.java:33)
	at io.grpc.Contexts$ContextualizedServerCallListener.onMessage(Contexts.java:76)
	at io.grpc.ForwardingServerCallListener.onMessage(ForwardingServerCallListener.java:33)
	at io.grpc.Contexts$ContextualizedServerCallListener.onMessage(Contexts.java:76)
	at io.grpc.internal.ServerCallImpl$ServerStreamListenerImpl.messagesAvailableInternal(ServerCallImpl.java:334)
	at io.grpc.internal.ServerCallImpl$ServerStreamListenerImpl.messagesAvailable(ServerCallImpl.java:319)
	at io.grpc.internal.ServerImpl$JumpToApplicationThreadServerStreamListener$1MessagesAvailable.runInContext(ServerImpl.java:834)
	at io.grpc.internal.ContextRunnable.run(ContextRunnable.java:37)
	at io.grpc.internal.SerializingExecutor.run(SerializingExecutor.java:133)
	at java.base/java.util.concurrent.ThreadPoolExecutor.runWorker(ThreadPoolExecutor.java:1136)
	at java.base/java.util.concurrent.ThreadPoolExecutor$Worker.run(ThreadPoolExecutor.java:635)
	at java.base/java.lang.Thread.run(Thread.java:840)
Caused by: com.google.firebase.rules.runtime.common.EvaluationException: Error: /workspace/firestore.rules line [12], column [14]. Property role is undefined on object.
	at com.google.firebase.rules.runtime.impl.DefaultEvaluator$TransformEvaluationException.apply(DefaultEvaluator.java:275)
	at com.google.firebase.rules.runtime.impl.DefaultEvaluator$TransformEvaluationException.apply(DefaultEvaluator.java:261)
	at com.google.common.util.concurrent.AbstractCatchingFuture$AsyncCatchingFuture.doFallback(AbstractCatchingFuture.java:211)
	at com.google.common.util.concurrent.AbstractCatchingFuture$AsyncCatchingFuture.doFallback(AbstractCatchingFuture.java:198)
	at com.google.common.util.concurrent.AbstractCatchingFuture.run(AbstractCatchingFuture.java:140)
	at com.google.common.util.concurrent.DirectExecutor.execute(DirectExecutor.java:32)
	at com.google.common.util.concurrent.AbstractFuture.executeListener(AbstractFuture.java:1306)
	at com.google.common.util.concurrent.AbstractFuture.addListener(AbstractFuture.java:767)
	at com.google.common.util.concurrent.FluentFuture$TrustedFuture.addListener(FluentFuture.java:122)
	at com.google.common.util.concurrent.AbstractCatchingFuture.createAsync(AbstractCatchingFuture.java:63)
	at com.google.common.util.concurrent.Futures.catchingAsync(Futures.java:413)
	at com.google.firebase.rules.runtime.impl.DefaultEvaluator.evaluate(DefaultEvaluator.java:177)
	at com.google.cloud.datastore.emulator.impl.rules.EmulatorRuleClient$EmulatorRuleEvaluator.evaluate(EmulatorRuleClient.java:88)
	at com.google.cloud.datastore.core.auth.rules.AsyncTwoPhaseRulesAuthorizer.lambda$fullEvaluate$12(AsyncTwoPhaseRulesAuthorizer.java:952)
	at com.google.cloud.datastore.computation.Computation.tryCatch(Computation.java:416)
	at com.google.cloud.datastore.core.auth.rules.AsyncTwoPhaseRulesAuthorizer.fullEvaluate(AsyncTwoPhaseRulesAuthorizer.java:951)
	at com.google.cloud.datastore.core.auth.rules.AsyncTwoPhaseRulesAuthorizer$CommitAuthorizerImpl.lambda$checkWrite$1(AsyncTwoPhaseRulesAuthorizer.java:1192)
	at com.google.cloud.datastore.computation.Computation.lambda$tryClose$27(Computation.java:685)
	at com.google.cloud.datastore.computation.Computation.tryCatch(Computation.java:416)
	at com.google.cloud.datastore.computation.Computation.tryFinally(Computation.java:652)
	at com.google.cloud.datastore.computation.Computation.tryFinally(Computation.java:658)
	at com.google.cloud.datastore.computation.Computation.tryClose(Computation.java:685)
	at com.google.cloud.datastore.core.auth.rules.AsyncTwoPhaseRulesAuthorizer$CommitAuthorizerImpl.checkWrite(AsyncTwoPhaseRulesAuthorizer.java:1161)
	at com.google.cloud.datastore.emulator.impl.rules.DefaultEmulatorRulesAuthorizer.lambda$checkCommit$0(DefaultEmulatorRulesAuthorizer.java:124)
	at com.google.cloud.datastore.emulator.impl.rules.DefaultEmulatorRulesAuthorizer.withVerboseErrors(DefaultEmulatorRulesAuthorizer.java:290)
	... 22 more

 {"metadata":{"emulator":{"name":"firestore"},"message":"Aug 01, 2026 2:49:10 PM com.google.cloud.datastore.emulator.impl.util.WrappedStreamObserver onError\nWARNING: Operation failed: \nProperty role is undefined on object. for 'create' @ L64, Property role is undefined on object. for 'update' @ L65, Property role is undefined on object. for 'create' @ L64\ncom.google.cloud.datastore.core.exception.DatastoreException: \nProperty role is undefined on object. for 'create' @ L64, Property role is undefined on object. for 'update' @ L65, Property role is undefined on object. for 'create' @ L64\n\tat com.google.cloud.datastore.core.exception.DatastoreException$Builder.build(DatastoreException.java:121)\n\tat com.google.cloud.datastore.emulator.impl.rules.DefaultEmulatorRulesAuthorizer.verboseError(DefaultEmulatorRulesAuthorizer.java:318)\n\tat com.google.cloud.datastore.emulator.impl.rules.DefaultEmulatorRulesAuthorizer.withVerboseErrors(DefaultEmulatorRulesAuthorizer.java:295)\n\tat com.google.cloud.datastore.emulator.impl.rules.DefaultEmulatorRulesAuthorizer.checkCommit(DefaultEmulatorRulesAuthorizer.java:114)\n\tat com.google.cloud.datastore.emulator.impl.firestore.FirestoreEmulatorHelper.commitHelper(FirestoreEmulatorHelper.java:360)\n\tat com.google.cloud.datastore.emulator.impl.firestore.FirestoreEmulatorHelper.internalCommit(FirestoreEmulatorHelper.java:314)\n\tat com.google.cloud.datastore.emulator.impl.firestore.CloudFirestoreV1.internalCommit(CloudFirestoreV1.java:1077)\n\tat com.google.cloud.datastore.emulator.impl.firestore.CloudFirestoreV1.write(CloudFirestoreV1.java:1065)\n\tat com.google.cloud.datastore.emulator.impl.firestore.CloudFirestoreV1WriteStream.handleRequest(CloudFirestoreV1WriteStream.java:218)\n\tat com.google.cloud.datastore.emulator.impl.firestore.CloudFirestoreV1WriteStream.write(CloudFirestoreV1WriteStream.java:140)\n\tat com.google.cloud.datastore.emulator.impl.firestore.CloudFirestoreV1WriteStream.onNext(CloudFirestoreV1WriteStream.java:95)\n\tat com.google.cloud.datastore.emulator.impl.firestore.CloudFirestoreV1WriteStream.onNext(CloudFirestoreV1WriteStream.java:27)\n\tat io.grpc.stub.ServerCalls$StreamingServerCallHandler$StreamingServerCallListener.onMessage(ServerCalls.java:262)\n\tat io.grpc.ForwardingServerCallListener.onMessage(ForwardingServerCallListener.java:33)\n\tat io.grpc.Contexts$ContextualizedServerCallListener.onMessage(Contexts.java:76)\n\tat io.grpc.ForwardingServerCallListener.onMessage(ForwardingServerCallListener.java:33)\n\tat io.grpc.Contexts$ContextualizedServerCallListener.onMessage(Contexts.java:76)\n\tat io.grpc.internal.ServerCallImpl$ServerStreamListenerImpl.messagesAvailableInternal(ServerCallImpl.java:334)\n\tat io.grpc.internal.ServerCallImpl$ServerStreamListenerImpl.messagesAvailable(ServerCallImpl.java:319)\n\tat io.grpc.internal.ServerImpl$JumpToApplicationThreadServerStreamListener$1MessagesAvailable.runInContext(ServerImpl.java:834)\n\tat io.grpc.internal.ContextRunnable.run(ContextRunnable.java:37)\n\tat io.grpc.internal.SerializingExecutor.run(SerializingExecutor.java:133)\n\tat java.base/java.util.concurrent.ThreadPoolExecutor.runWorker(ThreadPoolExecutor.java:1136)\n\tat java.base/java.util.concurrent.ThreadPoolExecutor$Worker.run(ThreadPoolExecutor.java:635)\n\tat java.base/java.lang.Thread.run(Thread.java:840)\nCaused by: com.google.firebase.rules.runtime.common.EvaluationException: Error: /workspace/firestore.rules line [12], column [14]. Property role is undefined on object.\n\tat com.google.firebase.rules.runtime.impl.DefaultEvaluator$TransformEvaluationException.apply(DefaultEvaluator.java:275)\n\tat com.google.firebase.rules.runtime.impl.DefaultEvaluator$TransformEvaluationException.apply(DefaultEvaluator.java:261)\n\tat com.google.common.util.concurrent.AbstractCatchingFuture$AsyncCatchingFuture.doFallback(AbstractCatchingFuture.java:211)\n\tat com.google.common.util.concurrent.AbstractCatchingFuture$AsyncCatchingFuture.doFallback(AbstractCatchingFuture.java:198)\n\tat com.google.common.util.concurrent.AbstractCatchingFuture.run(AbstractCatchingFuture.java:140)\n\tat com.google.common.util.concurrent.DirectExecutor.execute(DirectExecutor.java:32)\n\tat com.google.common.util.concurrent.AbstractFuture.executeListener(AbstractFuture.java:1306)\n\tat com.google.common.util.concurrent.AbstractFuture.addListener(AbstractFuture.java:767)\n\tat com.google.common.util.concurrent.FluentFuture$TrustedFuture.addListener(FluentFuture.java:122)\n\tat com.google.common.util.concurrent.AbstractCatchingFuture.createAsync(AbstractCatchingFuture.java:63)\n\tat com.google.common.util.concurrent.Futures.catchingAsync(Futures.java:413)\n\tat com.google.firebase.rules.runtime.impl.DefaultEvaluator.evaluate(DefaultEvaluator.java:177)\n\tat com.google.cloud.datastore.emulator.impl.rules.EmulatorRuleClient$EmulatorRuleEvaluator.evaluate(EmulatorRuleClient.java:88)\n\tat com.google.cloud.datastore.core.auth.rules.AsyncTwoPhaseRulesAuthorizer.lambda$fullEvaluate$12(AsyncTwoPhaseRulesAuthorizer.java:952)\n\tat com.google.cloud.datastore.computation.Computation.tryCatch(Computation.java:416)\n\tat com.google.cloud.datastore.core.auth.rules.AsyncTwoPhaseRulesAuthorizer.fullEvaluate(AsyncTwoPhaseRulesAuthorizer.java:951)\n\tat com.google.cloud.datastore.core.auth.rules.AsyncTwoPhaseRulesAuthorizer$CommitAuthorizerImpl.lambda$checkWrite$1(AsyncTwoPhaseRulesAuthorizer.java:1192)\n\tat com.google.cloud.datastore.computation.Computation.lambda$tryClose$27(Computation.java:685)\n\tat com.google.cloud.datastore.computation.Computation.tryCatch(Computation.java:416)\n\tat com.google.cloud.datastore.computation.Computation.tryFinally(Computation.java:652)\n\tat com.google.cloud.datastore.computation.Computation.tryFinally(Computation.java:658)\n\tat com.google.cloud.datastore.computation.Computation.tryClose(Computation.java:685)\n\tat com.google.cloud.datastore.core.auth.rules.AsyncTwoPhaseRulesAuthorizer$CommitAuthorizerImpl.checkWrite(AsyncTwoPhaseRulesAuthorizer.java:1161)\n\tat com.google.cloud.datastore.emulator.impl.rules.DefaultEmulatorRulesAuthorizer.lambda$checkCommit$0(DefaultEmulatorRulesAuthorizer.java:124)\n\tat com.google.cloud.datastore.emulator.impl.rules.DefaultEmulatorRulesAuthorizer.withVerboseErrors(DefaultEmulatorRulesAuthorizer.java:290)\n\t... 22 more\n\n"}}
[debug] [2026-08-01T14:49:10.724Z] Multiple projectIds are not recommended in single project mode. Requested project ID wildwatch-82abc, but the emulator is configured for demo-wildwatch-local. To opt-out of single project mode add/set the '"singleProjectMode": false' property in the firebase.json emulators config.
 {"metadata":{"emulator":{"name":"firestore"},"message":"Multiple projectIds are not recommended in single project mode. Requested project ID wildwatch-82abc, but the emulator is configured for demo-wildwatch-local. To opt-out of single project mode add/set the '\"singleProjectMode\": false' property in the firebase.json emulators config.\n"}}
[debug] [2026-08-01T14:49:11.838Z] Aug 01, 2026 2:49:11 PM com.google.cloud.datastore.emulator.impl.util.WrappedStreamObserver onError
WARNING: Operation failed: 
Property role is undefined on object. for 'create' @ L64, Property role is undefined on object. for 'update' @ L65, Property role is undefined on object. for 'create' @ L64
com.google.cloud.datastore.core.exception.DatastoreException: 
Property role is undefined on object. for 'create' @ L64, Property role is undefined on object. for 'update' @ L65, Property role is undefined on object. for 'create' @ L64
	at com.google.cloud.datastore.core.exception.DatastoreException$Builder.build(DatastoreException.java:121)
	at com.google.cloud.datastore.emulator.impl.rules.DefaultEmulatorRulesAuthorizer.verboseError(DefaultEmulatorRulesAuthorizer.java:318)
	at com.google.cloud.datastore.emulator.impl.rules.DefaultEmulatorRulesAuthorizer.withVerboseErrors(DefaultEmulatorRulesAuthorizer.java:295)
	at com.google.cloud.datastore.emulator.impl.rules.DefaultEmulatorRulesAuthorizer.checkCommit(DefaultEmulatorRulesAuthorizer.java:114)
	at com.google.cloud.datastore.emulator.impl.firestore.FirestoreEmulatorHelper.commitHelper(FirestoreEmulatorHelper.java:360)
	at com.google.cloud.datastore.emulator.impl.firestore.FirestoreEmulatorHelper.internalCommit(FirestoreEmulatorHelper.java:314)
	at com.google.cloud.datastore.emulator.impl.firestore.CloudFirestoreV1.internalCommit(CloudFirestoreV1.java:1077)
	at com.google.cloud.datastore.emulator.impl.firestore.CloudFirestoreV1.write(CloudFirestoreV1.java:1065)
	at com.google.cloud.datastore.emulator.impl.firestore.CloudFirestoreV1WriteStream.handleRequest(CloudFirestoreV1WriteStream.java:218)
	at com.google.cloud.datastore.emulator.impl.firestore.CloudFirestoreV1WriteStream.write(CloudFirestoreV1WriteStream.java:140)
	at com.google.cloud.datastore.emulator.impl.firestore.CloudFirestoreV1WriteStream.onNext(CloudFirestoreV1WriteStream.java:95)
	at com.google.cloud.datastore.emulator.impl.firestore.CloudFirestoreV1WriteStream.onNext(CloudFirestoreV1WriteStream.java:27)
	at io.grpc.stub.ServerCalls$StreamingServerCallHandler$StreamingServerCallListener.onMessage(ServerCalls.java:262)
	at io.grpc.ForwardingServerCallListener.onMessage(ForwardingServerCallListener.java:33)
	at io.grpc.Contexts$ContextualizedServerCallListener.onMessage(Contexts.java:76)
	at io.grpc.ForwardingServerCallListener.onMessage(ForwardingServerCallListener.java:33)
	at io.grpc.Contexts$ContextualizedServerCallListener.onMessage(Contexts.java:76)
	at io.grpc.internal.ServerCallImpl$ServerStreamListenerImpl.messagesAvailableInternal(ServerCallImpl.java:334)
	at io.grpc.internal.ServerCallImpl$ServerStreamListenerImpl.messagesAvailable(ServerCallImpl.java:319)
	at io.grpc.internal.ServerImpl$JumpToApplicationThreadServerStreamListener$1MessagesAvailable.runInContext(ServerImpl.java:834)
	at io.grpc.internal.ContextRunnable.run(ContextRunnable.java:37)
	at io.grpc.internal.SerializingExecutor.run(SerializingExecutor.java:133)
	at java.base/java.util.concurrent.ThreadPoolExecutor.runWorker(ThreadPoolExecutor.java:1136)
	at java.base/java.util.concurrent.ThreadPoolExecutor$Worker.run(ThreadPoolExecutor.java:635)
	at java.base/java.lang.Thread.run(Thread.java:840)
Caused by: com.google.firebase.rules.runtime.common.EvaluationException: Error: /workspace/firestore.rules line [12], column [14]. Property role is undefined on object.
	at com.google.firebase.rules.runtime.impl.DefaultEvaluator$TransformEvaluationException.apply(DefaultEvaluator.java:275)
	at com.google.firebase.rules.runtime.impl.DefaultEvaluator$TransformEvaluationException.apply(DefaultEvaluator.java:261)
	at com.google.common.util.concurrent.AbstractCatchingFuture$AsyncCatchingFuture.doFallback(AbstractCatchingFuture.java:211)
	at com.google.common.util.concurrent.AbstractCatchingFuture$AsyncCatchingFuture.doFallback(AbstractCatchingFuture.java:198)
	at com.google.common.util.concurrent.AbstractCatchingFuture.run(AbstractCatchingFuture.java:140)
	at com.google.common.util.concurrent.DirectExecutor.execute(DirectExecutor.java:32)
	at com.google.common.util.concurrent.AbstractFuture.executeListener(AbstractFuture.java:1306)
	at com.google.common.util.concurrent.AbstractFuture.addListener(AbstractFuture.java:767)
	at com.google.common.util.concurrent.FluentFuture$TrustedFuture.addListener(FluentFuture.java:122)
	at com.google.common.util.concurrent.AbstractCatchingFuture.createAsync(AbstractCatchingFuture.java:63)
	at com.google.common.util.concurrent.Futures.catchingAsync(Futures.java:413)
	at com.google.firebase.rules.runtime.impl.DefaultEvaluator.evaluate(DefaultEvaluator.java:177)
	at com.google.cloud.datastore.emulator.impl.rules.EmulatorRuleClient$EmulatorRuleEvaluator.evaluate(EmulatorRuleClient.java:88)
	at com.google.cloud.datastore.core.auth.rules.AsyncTwoPhaseRulesAuthorizer.lambda$fullEvaluate$12(AsyncTwoPhaseRulesAuthorizer.java:952)
	at com.google.cloud.datastore.computation.Computation.tryCatch(Computation.java:416)
	at com.google.cloud.datastore.core.auth.rules.AsyncTwoPhaseRulesAuthorizer.fullEvaluate(AsyncTwoPhaseRulesAuthorizer.java:951)
	at com.google.cloud.datastore.core.auth.rules.AsyncTwoPhaseRulesAuthorizer$CommitAuthorizerImpl.lambda$checkWrite$1(AsyncTwoPhaseRulesAuthorizer.java:1192)
	at com.google.cloud.datastore.computation.Computation.lambda$tryClose$27(Computation.java:685)
	at com.google.cloud.datastore.computation.Computation.tryCatch(Computation.java:416)
	at com.google.cloud.datastore.computation.Computation.tryFinally(Computation.java:652)
	at com.google.cloud.datastore.computation.Computation.tryFinally(Computation.java:658)
	at com.google.cloud.datastore.computation.Computation.tryClose(Computation.java:685)
	at com.google.cloud.datastore.core.auth.rules.AsyncTwoPhaseRulesAuthorizer$CommitAuthorizerImpl.checkWrite(AsyncTwoPhaseRulesAuthorizer.java:1161)
	at com.google.cloud.datastore.emulator.impl.rules.DefaultEmulatorRulesAuthorizer.lambda$checkCommit$0(DefaultEmulatorRulesAuthorizer.java:124)
	at com.google.cloud.datastore.emulator.impl.rules.DefaultEmulatorRulesAuthorizer.withVerboseErrors(DefaultEmulatorRulesAuthorizer.java:290)
	... 22 more

 {"metadata":{"emulator":{"name":"firestore"},"message":"Aug 01, 2026 2:49:11 PM com.google.cloud.datastore.emulator.impl.util.WrappedStreamObserver onError\nWARNING: Operation failed: \nProperty role is undefined on object. for 'create' @ L64, Property role is undefined on object. for 'update' @ L65, Property role is undefined on object. for 'create' @ L64\ncom.google.cloud.datastore.core.exception.DatastoreException: \nProperty role is undefined on object. for 'create' @ L64, Property role is undefined on object. for 'update' @ L65, Property role is undefined on object. for 'create' @ L64\n\tat com.google.cloud.datastore.core.exception.DatastoreException$Builder.build(DatastoreException.java:121)\n\tat com.google.cloud.datastore.emulator.impl.rules.DefaultEmulatorRulesAuthorizer.verboseError(DefaultEmulatorRulesAuthorizer.java:318)\n\tat com.google.cloud.datastore.emulator.impl.rules.DefaultEmulatorRulesAuthorizer.withVerboseErrors(DefaultEmulatorRulesAuthorizer.java:295)\n\tat com.google.cloud.datastore.emulator.impl.rules.DefaultEmulatorRulesAuthorizer.checkCommit(DefaultEmulatorRulesAuthorizer.java:114)\n\tat com.google.cloud.datastore.emulator.impl.firestore.FirestoreEmulatorHelper.commitHelper(FirestoreEmulatorHelper.java:360)\n\tat com.google.cloud.datastore.emulator.impl.firestore.FirestoreEmulatorHelper.internalCommit(FirestoreEmulatorHelper.java:314)\n\tat com.google.cloud.datastore.emulator.impl.firestore.CloudFirestoreV1.internalCommit(CloudFirestoreV1.java:1077)\n\tat com.google.cloud.datastore.emulator.impl.firestore.CloudFirestoreV1.write(CloudFirestoreV1.java:1065)\n\tat com.google.cloud.datastore.emulator.impl.firestore.CloudFirestoreV1WriteStream.handleRequest(CloudFirestoreV1WriteStream.java:218)\n\tat com.google.cloud.datastore.emulator.impl.firestore.CloudFirestoreV1WriteStream.write(CloudFirestoreV1WriteStream.java:140)\n\tat com.google.cloud.datastore.emulator.impl.firestore.CloudFirestoreV1WriteStream.onNext(CloudFirestoreV1WriteStream.java:95)\n\tat com.google.cloud.datastore.emulator.impl.firestore.CloudFirestoreV1WriteStream.onNext(CloudFirestoreV1WriteStream.java:27)\n\tat io.grpc.stub.ServerCalls$StreamingServerCallHandler$StreamingServerCallListener.onMessage(ServerCalls.java:262)\n\tat io.grpc.ForwardingServerCallListener.onMessage(ForwardingServerCallListener.java:33)\n\tat io.grpc.Contexts$ContextualizedServerCallListener.onMessage(Contexts.java:76)\n\tat io.grpc.ForwardingServerCallListener.onMessage(ForwardingServerCallListener.java:33)\n\tat io.grpc.Contexts$ContextualizedServerCallListener.onMessage(Contexts.java:76)\n\tat io.grpc.internal.ServerCallImpl$ServerStreamListenerImpl.messagesAvailableInternal(ServerCallImpl.java:334)\n\tat io.grpc.internal.ServerCallImpl$ServerStreamListenerImpl.messagesAvailable(ServerCallImpl.java:319)\n\tat io.grpc.internal.ServerImpl$JumpToApplicationThreadServerStreamListener$1MessagesAvailable.runInContext(ServerImpl.java:834)\n\tat io.grpc.internal.ContextRunnable.run(ContextRunnable.java:37)\n\tat io.grpc.internal.SerializingExecutor.run(SerializingExecutor.java:133)\n\tat java.base/java.util.concurrent.ThreadPoolExecutor.runWorker(ThreadPoolExecutor.java:1136)\n\tat java.base/java.util.concurrent.ThreadPoolExecutor$Worker.run(ThreadPoolExecutor.java:635)\n\tat java.base/java.lang.Thread.run(Thread.java:840)\nCaused by: com.google.firebase.rules.runtime.common.EvaluationException: Error: /workspace/firestore.rules line [12], column [14]. Property role is undefined on object.\n\tat com.google.firebase.rules.runtime.impl.DefaultEvaluator$TransformEvaluationException.apply(DefaultEvaluator.java:275)\n\tat com.google.firebase.rules.runtime.impl.DefaultEvaluator$TransformEvaluationException.apply(DefaultEvaluator.java:261)\n\tat com.google.common.util.concurrent.AbstractCatchingFuture$AsyncCatchingFuture.doFallback(AbstractCatchingFuture.java:211)\n\tat com.google.common.util.concurrent.AbstractCatchingFuture$AsyncCatchingFuture.doFallback(AbstractCatchingFuture.java:198)\n\tat com.google.common.util.concurrent.AbstractCatchingFuture.run(AbstractCatchingFuture.java:140)\n\tat com.google.common.util.concurrent.DirectExecutor.execute(DirectExecutor.java:32)\n\tat com.google.common.util.concurrent.AbstractFuture.executeListener(AbstractFuture.java:1306)\n\tat com.google.common.util.concurrent.AbstractFuture.addListener(AbstractFuture.java:767)\n\tat com.google.common.util.concurrent.FluentFuture$TrustedFuture.addListener(FluentFuture.java:122)\n\tat com.google.common.util.concurrent.AbstractCatchingFuture.createAsync(AbstractCatchingFuture.java:63)\n\tat com.google.common.util.concurrent.Futures.catchingAsync(Futures.java:413)\n\tat com.google.firebase.rules.runtime.impl.DefaultEvaluator.evaluate(DefaultEvaluator.java:177)\n\tat com.google.cloud.datastore.emulator.impl.rules.EmulatorRuleClient$EmulatorRuleEvaluator.evaluate(EmulatorRuleClient.java:88)\n\tat com.google.cloud.datastore.core.auth.rules.AsyncTwoPhaseRulesAuthorizer.lambda$fullEvaluate$12(AsyncTwoPhaseRulesAuthorizer.java:952)\n\tat com.google.cloud.datastore.computation.Computation.tryCatch(Computation.java:416)\n\tat com.google.cloud.datastore.core.auth.rules.AsyncTwoPhaseRulesAuthorizer.fullEvaluate(AsyncTwoPhaseRulesAuthorizer.java:951)\n\tat com.google.cloud.datastore.core.auth.rules.AsyncTwoPhaseRulesAuthorizer$CommitAuthorizerImpl.lambda$checkWrite$1(AsyncTwoPhaseRulesAuthorizer.java:1192)\n\tat com.google.cloud.datastore.computation.Computation.lambda$tryClose$27(Computation.java:685)\n\tat com.google.cloud.datastore.computation.Computation.tryCatch(Computation.java:416)\n\tat com.google.cloud.datastore.computation.Computation.tryFinally(Computation.java:652)\n\tat com.google.cloud.datastore.computation.Computation.tryFinally(Computation.java:658)\n\tat com.google.cloud.datastore.computation.Computation.tryClose(Computation.java:685)\n\tat com.google.cloud.datastore.core.auth.rules.AsyncTwoPhaseRulesAuthorizer$CommitAuthorizerImpl.checkWrite(AsyncTwoPhaseRulesAuthorizer.java:1161)\n\tat com.google.cloud.datastore.emulator.impl.rules.DefaultEmulatorRulesAuthorizer.lambda$checkCommit$0(DefaultEmulatorRulesAuthorizer.java:124)\n\tat com.google.cloud.datastore.emulator.impl.rules.DefaultEmulatorRulesAuthorizer.withVerboseErrors(DefaultEmulatorRulesAuthorizer.java:290)\n\t... 22 more\n\n"}}
[debug] [2026-08-01T14:49:12.074Z] Multiple projectIds are not recommended in single project mode. Requested project ID wildwatch-82abc, but the emulator is configured for demo-wildwatch-local. To opt-out of single project mode add/set the '"singleProjectMode": false' property in the firebase.json emulators config.
 {"metadata":{"emulator":{"name":"firestore"},"message":"Multiple projectIds are not recommended in single project mode. Requested project ID wildwatch-82abc, but the emulator is configured for demo-wildwatch-local. To opt-out of single project mode add/set the '\"singleProjectMode\": false' property in the firebase.json emulators config.\n"}}
[debug] [2026-08-01T14:49:12.250Z] Aug 01, 2026 2:49:12 PM com.google.cloud.datastore.emulator.impl.util.WrappedStreamObserver onError
WARNING: Operation failed: 
Property role is undefined on object. for 'create' @ L64, Property role is undefined on object. for 'update' @ L65, Property role is undefined on object. for 'create' @ L64
com.google.cloud.datastore.core.exception.DatastoreException: 
Property role is undefined on object. for 'create' @ L64, Property role is undefined on object. for 'update' @ L65, Property role is undefined on object. for 'create' @ L64
	at com.google.cloud.datastore.core.exception.DatastoreException$Builder.build(DatastoreException.java:121)
	at com.google.cloud.datastore.emulator.impl.rules.DefaultEmulatorRulesAuthorizer.verboseError(DefaultEmulatorRulesAuthorizer.java:318)
	at com.google.cloud.datastore.emulator.impl.rules.DefaultEmulatorRulesAuthorizer.withVerboseErrors(DefaultEmulatorRulesAuthorizer.java:295)
	at com.google.cloud.datastore.emulator.impl.rules.DefaultEmulatorRulesAuthorizer.checkCommit(DefaultEmulatorRulesAuthorizer.java:114)
	at com.google.cloud.datastore.emulator.impl.firestore.FirestoreEmulatorHelper.commitHelper(FirestoreEmulatorHelper.java:360)
	at com.google.cloud.datastore.emulator.impl.firestore.FirestoreEmulatorHelper.internalCommit(FirestoreEmulatorHelper.java:314)
	at com.google.cloud.datastore.emulator.impl.firestore.CloudFirestoreV1.internalCommit(CloudFirestoreV1.java:1077)
	at com.google.cloud.datastore.emulator.impl.firestore.CloudFirestoreV1.write(CloudFirestoreV1.java:1065)
	at com.google.cloud.datastore.emulator.impl.firestore.CloudFirestoreV1WriteStream.handleRequest(CloudFirestoreV1WriteStream.java:218)
	at com.google.cloud.datastore.emulator.impl.firestore.CloudFirestoreV1WriteStream.write(CloudFirestoreV1WriteStream.java:140)
	at com.google.cloud.datastore.emulator.impl.firestore.CloudFirestoreV1WriteStream.onNext(CloudFirestoreV1WriteStream.java:95)
	at com.google.cloud.datastore.emulator.impl.firestore.CloudFirestoreV1WriteStream.onNext(CloudFirestoreV1WriteStream.java:27)
	at io.grpc.stub.ServerCalls$StreamingServerCallHandler$StreamingServerCallListener.onMessage(ServerCalls.java:262)
	at io.grpc.ForwardingServerCallListener.onMessage(ForwardingServerCallListener.java:33)
	at io.grpc.Contexts$ContextualizedServerCallListener.onMessage(Contexts.java:76)
	at io.grpc.ForwardingServerCallListener.onMessage(ForwardingServerCallListener.java:33)
	at io.grpc.Contexts$ContextualizedServerCallListener.onMessage(Contexts.java:76)
	at io.grpc.internal.ServerCallImpl$ServerStreamListenerImpl.messagesAvailableInternal(ServerCallImpl.java:334)
	at io.grpc.internal.ServerCallImpl$ServerStreamListenerImpl.messagesAvailable(ServerCallImpl.java:319)
	at io.grpc.internal.ServerImpl$JumpToApplicationThreadServerStreamListener$1MessagesAvailable.runInContext(ServerImpl.java:834)
	at io.grpc.internal.ContextRunnable.run(ContextRunnable.java:37)
	at io.grpc.internal.SerializingExecutor.run(SerializingExecutor.java:133)
	at java.base/java.util.concurrent.ThreadPoolExecutor.runWorker(ThreadPoolExecutor.java:1136)
	at java.base/java.util.concurrent.ThreadPoolExecutor$Worker.run(ThreadPoolExecutor.java:635)
	at java.base/java.lang.Thread.run(Thread.java:840)
Caused by: com.google.firebase.rules.runtime.common.EvaluationException: Error: /workspace/firestore.rules line [12], column [14]. Property role is undefined on object.
	at com.google.firebase.rules.runtime.impl.DefaultEvaluator$TransformEvaluationException.apply(DefaultEvaluator.java:275)
	at com.google.firebase.rules.runtime.impl.DefaultEvaluator$TransformEvaluationException.apply(DefaultEvaluator.java:261)
	at com.google.common.util.concurrent.AbstractCatchingFuture$AsyncCatchingFuture.doFallback(AbstractCatchingFuture.java:211)
	at com.google.common.util.concurrent.AbstractCatchingFuture$AsyncCatchingFuture.doFallback(AbstractCatchingFuture.java:198)
	at com.google.common.util.concurrent.AbstractCatchingFuture.run(AbstractCatchingFuture.java:140)
	at com.google.common.util.concurrent.DirectExecutor.execute(DirectExecutor.java:32)
	at com.google.common.util.concurrent.AbstractFuture.executeListener(AbstractFuture.java:1306)
	at com.google.common.util.concurrent.AbstractFuture.addListener(AbstractFuture.java:767)
	at com.google.common.util.concurrent.FluentFuture$TrustedFuture.addListener(FluentFuture.java:122)
	at com.google.common.util.concurrent.AbstractCatchingFuture.createAsync(AbstractCatchingFuture.java:63)
	at com.google.common.util.concurrent.Futures.catchingAsync(Futures.java:413)
	at com.google.firebase.rules.runtime.impl.DefaultEvaluator.evaluate(DefaultEvaluator.java:177)
	at com.google.cloud.datastore.emulator.impl.rules.EmulatorRuleClient$EmulatorRuleEvaluator.evaluate(EmulatorRuleClient.java:88)
	at com.google.cloud.datastore.core.auth.rules.AsyncTwoPhaseRulesAuthorizer.lambda$fullEvaluate$12(AsyncTwoPhaseRulesAuthorizer.java:952)
	at com.google.cloud.datastore.computation.Computation.tryCatch(Computation.java:416)
	at com.google.cloud.datastore.core.auth.rules.AsyncTwoPhaseRulesAuthorizer.fullEvaluate(AsyncTwoPhaseRulesAuthorizer.java:951)
	at com.google.cloud.datastore.core.auth.rules.AsyncTwoPhaseRulesAuthorizer$CommitAuthorizerImpl.lambda$checkWrite$1(AsyncTwoPhaseRulesAuthorizer.java:1192)
	at com.google.cloud.datastore.computation.Computation.lambda$tryClose$27(Computation.java:685)
	at com.google.cloud.datastore.computation.Computation.tryCatch(Computation.java:416)
	at com.google.cloud.datastore.computation.Computation.tryFinally(Computation.java:652)
	at com.google.cloud.datastore.computation.Computation.tryFinally(Computation.java:658)
	at com.google.cloud.datastore.computation.Computation.tryClose(Computation.java:685)
	at com.google.cloud.datastore.core.auth.rules.AsyncTwoPhaseRulesAuthorizer$CommitAuthorizerImpl.checkWrite(AsyncTwoPhaseRulesAuthorizer.java:1161)
	at com.google.cloud.datastore.emulator.impl.rules.DefaultEmulatorRulesAuthorizer.lambda$checkCommit$0(DefaultEmulatorRulesAuthorizer.java:124)
	at com.google.cloud.datastore.emulator.impl.rules.DefaultEmulatorRulesAuthorizer.withVerboseErrors(DefaultEmulatorRulesAuthorizer.java:290)
	... 22 more

 {"metadata":{"emulator":{"name":"firestore"},"message":"Aug 01, 2026 2:49:12 PM com.google.cloud.datastore.emulator.impl.util.WrappedStreamObserver onError\nWARNING: Operation failed: \nProperty role is undefined on object. for 'create' @ L64, Property role is undefined on object. for 'update' @ L65, Property role is undefined on object. for 'create' @ L64\ncom.google.cloud.datastore.core.exception.DatastoreException: \nProperty role is undefined on object. for 'create' @ L64, Property role is undefined on object. for 'update' @ L65, Property role is undefined on object. for 'create' @ L64\n\tat com.google.cloud.datastore.core.exception.DatastoreException$Builder.build(DatastoreException.java:121)\n\tat com.google.cloud.datastore.emulator.impl.rules.DefaultEmulatorRulesAuthorizer.verboseError(DefaultEmulatorRulesAuthorizer.java:318)\n\tat com.google.cloud.datastore.emulator.impl.rules.DefaultEmulatorRulesAuthorizer.withVerboseErrors(DefaultEmulatorRulesAuthorizer.java:295)\n\tat com.google.cloud.datastore.emulator.impl.rules.DefaultEmulatorRulesAuthorizer.checkCommit(DefaultEmulatorRulesAuthorizer.java:114)\n\tat com.google.cloud.datastore.emulator.impl.firestore.FirestoreEmulatorHelper.commitHelper(FirestoreEmulatorHelper.java:360)\n\tat com.google.cloud.datastore.emulator.impl.firestore.FirestoreEmulatorHelper.internalCommit(FirestoreEmulatorHelper.java:314)\n\tat com.google.cloud.datastore.emulator.impl.firestore.CloudFirestoreV1.internalCommit(CloudFirestoreV1.java:1077)\n\tat com.google.cloud.datastore.emulator.impl.firestore.CloudFirestoreV1.write(CloudFirestoreV1.java:1065)\n\tat com.google.cloud.datastore.emulator.impl.firestore.CloudFirestoreV1WriteStream.handleRequest(CloudFirestoreV1WriteStream.java:218)\n\tat com.google.cloud.datastore.emulator.impl.firestore.CloudFirestoreV1WriteStream.write(CloudFirestoreV1WriteStream.java:140)\n\tat com.google.cloud.datastore.emulator.impl.firestore.CloudFirestoreV1WriteStream.onNext(CloudFirestoreV1WriteStream.java:95)\n\tat com.google.cloud.datastore.emulator.impl.firestore.CloudFirestoreV1WriteStream.onNext(CloudFirestoreV1WriteStream.java:27)\n\tat io.grpc.stub.ServerCalls$StreamingServerCallHandler$StreamingServerCallListener.onMessage(ServerCalls.java:262)\n\tat io.grpc.ForwardingServerCallListener.onMessage(ForwardingServerCallListener.java:33)\n\tat io.grpc.Contexts$ContextualizedServerCallListener.onMessage(Contexts.java:76)\n\tat io.grpc.ForwardingServerCallListener.onMessage(ForwardingServerCallListener.java:33)\n\tat io.grpc.Contexts$ContextualizedServerCallListener.onMessage(Contexts.java:76)\n\tat io.grpc.internal.ServerCallImpl$ServerStreamListenerImpl.messagesAvailableInternal(ServerCallImpl.java:334)\n\tat io.grpc.internal.ServerCallImpl$ServerStreamListenerImpl.messagesAvailable(ServerCallImpl.java:319)\n\tat io.grpc.internal.ServerImpl$JumpToApplicationThreadServerStreamListener$1MessagesAvailable.runInContext(ServerImpl.java:834)\n\tat io.grpc.internal.ContextRunnable.run(ContextRunnable.java:37)\n\tat io.grpc.internal.SerializingExecutor.run(SerializingExecutor.java:133)\n\tat java.base/java.util.concurrent.ThreadPoolExecutor.runWorker(ThreadPoolExecutor.java:1136)\n\tat java.base/java.util.concurrent.ThreadPoolExecutor$Worker.run(ThreadPoolExecutor.java:635)\n\tat java.base/java.lang.Thread.run(Thread.java:840)\nCaused by: com.google.firebase.rules.runtime.common.EvaluationException: Error: /workspace/firestore.rules line [12], column [14]. Property role is undefined on object.\n\tat com.google.firebase.rules.runtime.impl.DefaultEvaluator$TransformEvaluationException.apply(DefaultEvaluator.java:275)\n\tat com.google.firebase.rules.runtime.impl.DefaultEvaluator$TransformEvaluationException.apply(DefaultEvaluator.java:261)\n\tat com.google.common.util.concurrent.AbstractCatchingFuture$AsyncCatchingFuture.doFallback(AbstractCatchingFuture.java:211)\n\tat com.google.common.util.concurrent.AbstractCatchingFuture$AsyncCatchingFuture.doFallback(AbstractCatchingFuture.java:198)\n\tat com.google.common.util.concurrent.AbstractCatchingFuture.run(AbstractCatchingFuture.java:140)\n\tat com.google.common.util.concurrent.DirectExecutor.execute(DirectExecutor.java:32)\n\tat com.google.common.util.concurrent.AbstractFuture.executeListener(AbstractFuture.java:1306)\n\tat com.google.common.util.concurrent.AbstractFuture.addListener(AbstractFuture.java:767)\n\tat com.google.common.util.concurrent.FluentFuture$TrustedFuture.addListener(FluentFuture.java:122)\n\tat com.google.common.util.concurrent.AbstractCatchingFuture.createAsync(AbstractCatchingFuture.java:63)\n\tat com.google.common.util.concurrent.Futures.catchingAsync(Futures.java:413)\n\tat com.google.firebase.rules.runtime.impl.DefaultEvaluator.evaluate(DefaultEvaluator.java:177)\n\tat com.google.cloud.datastore.emulator.impl.rules.EmulatorRuleClient$EmulatorRuleEvaluator.evaluate(EmulatorRuleClient.java:88)\n\tat com.google.cloud.datastore.core.auth.rules.AsyncTwoPhaseRulesAuthorizer.lambda$fullEvaluate$12(AsyncTwoPhaseRulesAuthorizer.java:952)\n\tat com.google.cloud.datastore.computation.Computation.tryCatch(Computation.java:416)\n\tat com.google.cloud.datastore.core.auth.rules.AsyncTwoPhaseRulesAuthorizer.fullEvaluate(AsyncTwoPhaseRulesAuthorizer.java:951)\n\tat com.google.cloud.datastore.core.auth.rules.AsyncTwoPhaseRulesAuthorizer$CommitAuthorizerImpl.lambda$checkWrite$1(AsyncTwoPhaseRulesAuthorizer.java:1192)\n\tat com.google.cloud.datastore.computation.Computation.lambda$tryClose$27(Computation.java:685)\n\tat com.google.cloud.datastore.computation.Computation.tryCatch(Computation.java:416)\n\tat com.google.cloud.datastore.computation.Computation.tryFinally(Computation.java:652)\n\tat com.google.cloud.datastore.computation.Computation.tryFinally(Computation.java:658)\n\tat com.google.cloud.datastore.computation.Computation.tryClose(Computation.java:685)\n\tat com.google.cloud.datastore.core.auth.rules.AsyncTwoPhaseRulesAuthorizer$CommitAuthorizerImpl.checkWrite(AsyncTwoPhaseRulesAuthorizer.java:1161)\n\tat com.google.cloud.datastore.emulator.impl.rules.DefaultEmulatorRulesAuthorizer.lambda$checkCommit$0(DefaultEmulatorRulesAuthorizer.java:124)\n\tat com.google.cloud.datastore.emulator.impl.rules.DefaultEmulatorRulesAuthorizer.withVerboseErrors(DefaultEmulatorRulesAuthorizer.java:290)\n\t... 22 more\n\n"}}
[debug] [2026-08-01T14:49:12.361Z] Multiple projectIds are not recommended in single project mode. Requested project ID wildwatch-82abc, but the emulator is configured for demo-wildwatch-local. To opt-out of single project mode add/set the '"singleProjectMode": false' property in the firebase.json emulators config.
 {"metadata":{"emulator":{"name":"firestore"},"message":"Multiple projectIds are not recommended in single project mode. Requested project ID wildwatch-82abc, but the emulator is configured for demo-wildwatch-local. To opt-out of single project mode add/set the '\"singleProjectMode\": false' property in the firebase.json emulators config.\n"}}
[debug] [2026-08-01T14:49:12.420Z] Aug 01, 2026 2:49:12 PM com.google.cloud.datastore.emulator.impl.util.WrappedStreamObserver onError
WARNING: Operation failed: 
Property role is undefined on object. for 'create' @ L64, Property role is undefined on object. for 'update' @ L65, Property role is undefined on object. for 'create' @ L64
com.google.cloud.datastore.core.exception.DatastoreException: 
Property role is undefined on object. for 'create' @ L64, Property role is undefined on object. for 'update' @ L65, Property role is undefined on object. for 'create' @ L64
	at com.google.cloud.datastore.core.exception.DatastoreException$Builder.build(DatastoreException.java:121)
	at com.google.cloud.datastore.emulator.impl.rules.DefaultEmulatorRulesAuthorizer.verboseError(DefaultEmulatorRulesAuthorizer.java:318)
	at com.google.cloud.datastore.emulator.impl.rules.DefaultEmulatorRulesAuthorizer.withVerboseErrors(DefaultEmulatorRulesAuthorizer.java:295)
	at com.google.cloud.datastore.emulator.impl.rules.DefaultEmulatorRulesAuthorizer.checkCommit(DefaultEmulatorRulesAuthorizer.java:114)
	at com.google.cloud.datastore.emulator.impl.firestore.FirestoreEmulatorHelper.commitHelper(FirestoreEmulatorHelper.java:360)
	at com.google.cloud.datastore.emulator.impl.firestore.FirestoreEmulatorHelper.internalCommit(FirestoreEmulatorHelper.java:314)
	at com.google.cloud.datastore.emulator.impl.firestore.CloudFirestoreV1.internalCommit(CloudFirestoreV1.java:1077)
	at com.google.cloud.datastore.emulator.impl.firestore.CloudFirestoreV1.write(CloudFirestoreV1.java:1065)
	at com.google.cloud.datastore.emulator.impl.firestore.CloudFirestoreV1WriteStream.handleRequest(CloudFirestoreV1WriteStream.java:218)
	at com.google.cloud.datastore.emulator.impl.firestore.CloudFirestoreV1WriteStream.write(CloudFirestoreV1WriteStream.java:140)
	at com.google.cloud.datastore.emulator.impl.firestore.CloudFirestoreV1WriteStream.onNext(CloudFirestoreV1WriteStream.java:95)
	at com.google.cloud.datastore.emulator.impl.firestore.CloudFirestoreV1WriteStream.onNext(CloudFirestoreV1WriteStream.java:27)
	at io.grpc.stub.ServerCalls$StreamingServerCallHandler$StreamingServerCallListener.onMessage(ServerCalls.java:262)
	at io.grpc.ForwardingServerCallListener.onMessage(ForwardingServerCallListener.java:33)
	at io.grpc.Contexts$ContextualizedServerCallListener.onMessage(Contexts.java:76)
	at io.grpc.ForwardingServerCallListener.onMessage(ForwardingServerCallListener.java:33)
	at io.grpc.Contexts$ContextualizedServerCallListener.onMessage(Contexts.java:76)
	at io.grpc.internal.ServerCallImpl$ServerStreamListenerImpl.messagesAvailableInternal(ServerCallImpl.java:334)
	at io.grpc.internal.ServerCallImpl$ServerStreamListenerImpl.messagesAvailable(ServerCallImpl.java:319)
	at io.grpc.internal.ServerImpl$JumpToApplicationThreadServerStreamListener$1MessagesAvailable.runInContext(ServerImpl.java:834)
	at io.grpc.internal.ContextRunnable.run(ContextRunnable.java:37)
	at io.grpc.internal.SerializingExecutor.run(SerializingExecutor.java:133)
	at java.base/java.util.concurrent.ThreadPoolExecutor.runWorker(ThreadPoolExecutor.java:1136)
	at java.base/java.util.concurrent.ThreadPoolExecutor$Worker.run(ThreadPoolExecutor.java:635)
	at java.base/java.lang.Thread.run(Thread.java:840)
Caused by: com.google.firebase.rules.runtime.common.EvaluationException: Error: /workspace/firestore.rules line [12], column [14]. Property role is undefined on object.
	at com.google.firebase.rules.runtime.impl.DefaultEvaluator$TransformEvaluationException.apply(DefaultEvaluator.java:275)
	at com.google.firebase.rules.runtime.impl.DefaultEvaluator$TransformEvaluationException.apply(DefaultEvaluator.java:261)
	at com.google.common.util.concurrent.AbstractCatchingFuture$AsyncCatchingFuture.doFallback(AbstractCatchingFuture.java:211)
	at com.google.common.util.concurrent.AbstractCatchingFuture$AsyncCatchingFuture.doFallback(AbstractCatchingFuture.java:198)
	at com.google.common.util.concurrent.AbstractCatchingFuture.run(AbstractCatchingFuture.java:140)
	at com.google.common.util.concurrent.DirectExecutor.execute(DirectExecutor.java:32)
	at com.google.common.util.concurrent.AbstractFuture.executeListener(AbstractFuture.java:1306)
	at com.google.common.util.concurrent.AbstractFuture.addListener(AbstractFuture.java:767)
	at com.google.common.util.concurrent.FluentFuture$TrustedFuture.addListener(FluentFuture.java:122)
	at com.google.common.util.concurrent.AbstractCatchingFuture.createAsync(AbstractCatchingFuture.java:63)
	at com.google.common.util.concurrent.Futures.catchingAsync(Futures.java:413)
	at com.google.firebase.rules.runtime.impl.DefaultEvaluator.evaluate(DefaultEvaluator.java:177)
	at com.google.cloud.datastore.emulator.impl.rules.EmulatorRuleClient$EmulatorRuleEvaluator.evaluate(EmulatorRuleClient.java:88)
	at com.google.cloud.datastore.core.auth.rules.AsyncTwoPhaseRulesAuthorizer.lambda$fullEvaluate$12(AsyncTwoPhaseRulesAuthorizer.java:952)
	at com.google.cloud.datastore.computation.Computation.tryCatch(Computation.java:416)
	at com.google.cloud.datastore.core.auth.rules.AsyncTwoPhaseRulesAuthorizer.fullEvaluate(AsyncTwoPhaseRulesAuthorizer.java:951)
	at com.google.cloud.datastore.core.auth.rules.AsyncTwoPhaseRulesAuthorizer$CommitAuthorizerImpl.lambda$checkWrite$1(AsyncTwoPhaseRulesAuthorizer.java:1192)
	at com.google.cloud.datastore.computation.Computation.lambda$tryClose$27(Computation.java:685)
	at com.google.cloud.datastore.computation.Computation.tryCatch(Computation.java:416)
	at com.google.cloud.datastore.computation.Computation.tryFinally(Computation.java:652)
	at com.google.cloud.datastore.computation.Computation.tryFinally(Computation.java:658)
	at com.google.cloud.datastore.computation.Computation.tryClose(Computation.java:685)
	at com.google.cloud.datastore.core.auth.rules.AsyncTwoPhaseRulesAuthorizer$CommitAuthorizerImpl.checkWrite(AsyncTwoPhaseRulesAuthorizer.java:1161)
	at com.google.cloud.datastore.emulator.impl.rules.DefaultEmulatorRulesAuthorizer.lambda$checkCommit$0(DefaultEmulatorRulesAuthorizer.java:124)
	at com.google.cloud.datastore.emulator.impl.rules.DefaultEmulatorRulesAuthorizer.withVerboseErrors(DefaultEmulatorRulesAuthorizer.java:290)
	... 22 more

 {"metadata":{"emulator":{"name":"firestore"},"message":"Aug 01, 2026 2:49:12 PM com.google.cloud.datastore.emulator.impl.util.WrappedStreamObserver onError\nWARNING: Operation failed: \nProperty role is undefined on object. for 'create' @ L64, Property role is undefined on object. for 'update' @ L65, Property role is undefined on object. for 'create' @ L64\ncom.google.cloud.datastore.core.exception.DatastoreException: \nProperty role is undefined on object. for 'create' @ L64, Property role is undefined on object. for 'update' @ L65, Property role is undefined on object. for 'create' @ L64\n\tat com.google.cloud.datastore.core.exception.DatastoreException$Builder.build(DatastoreException.java:121)\n\tat com.google.cloud.datastore.emulator.impl.rules.DefaultEmulatorRulesAuthorizer.verboseError(DefaultEmulatorRulesAuthorizer.java:318)\n\tat com.google.cloud.datastore.emulator.impl.rules.DefaultEmulatorRulesAuthorizer.withVerboseErrors(DefaultEmulatorRulesAuthorizer.java:295)\n\tat com.google.cloud.datastore.emulator.impl.rules.DefaultEmulatorRulesAuthorizer.checkCommit(DefaultEmulatorRulesAuthorizer.java:114)\n\tat com.google.cloud.datastore.emulator.impl.firestore.FirestoreEmulatorHelper.commitHelper(FirestoreEmulatorHelper.java:360)\n\tat com.google.cloud.datastore.emulator.impl.firestore.FirestoreEmulatorHelper.internalCommit(FirestoreEmulatorHelper.java:314)\n\tat com.google.cloud.datastore.emulator.impl.firestore.CloudFirestoreV1.internalCommit(CloudFirestoreV1.java:1077)\n\tat com.google.cloud.datastore.emulator.impl.firestore.CloudFirestoreV1.write(CloudFirestoreV1.java:1065)\n\tat com.google.cloud.datastore.emulator.impl.firestore.CloudFirestoreV1WriteStream.handleRequest(CloudFirestoreV1WriteStream.java:218)\n\tat com.google.cloud.datastore.emulator.impl.firestore.CloudFirestoreV1WriteStream.write(CloudFirestoreV1WriteStream.java:140)\n\tat com.google.cloud.datastore.emulator.impl.firestore.CloudFirestoreV1WriteStream.onNext(CloudFirestoreV1WriteStream.java:95)\n\tat com.google.cloud.datastore.emulator.impl.firestore.CloudFirestoreV1WriteStream.onNext(CloudFirestoreV1WriteStream.java:27)\n\tat io.grpc.stub.ServerCalls$StreamingServerCallHandler$StreamingServerCallListener.onMessage(ServerCalls.java:262)\n\tat io.grpc.ForwardingServerCallListener.onMessage(ForwardingServerCallListener.java:33)\n\tat io.grpc.Contexts$ContextualizedServerCallListener.onMessage(Contexts.java:76)\n\tat io.grpc.ForwardingServerCallListener.onMessage(ForwardingServerCallListener.java:33)\n\tat io.grpc.Contexts$ContextualizedServerCallListener.onMessage(Contexts.java:76)\n\tat io.grpc.internal.ServerCallImpl$ServerStreamListenerImpl.messagesAvailableInternal(ServerCallImpl.java:334)\n\tat io.grpc.internal.ServerCallImpl$ServerStreamListenerImpl.messagesAvailable(ServerCallImpl.java:319)\n\tat io.grpc.internal.ServerImpl$JumpToApplicationThreadServerStreamListener$1MessagesAvailable.runInContext(ServerImpl.java:834)\n\tat io.grpc.internal.ContextRunnable.run(ContextRunnable.java:37)\n\tat io.grpc.internal.SerializingExecutor.run(SerializingExecutor.java:133)\n\tat java.base/java.util.concurrent.ThreadPoolExecutor.runWorker(ThreadPoolExecutor.java:1136)\n\tat java.base/java.util.concurrent.ThreadPoolExecutor$Worker.run(ThreadPoolExecutor.java:635)\n\tat java.base/java.lang.Thread.run(Thread.java:840)\nCaused by: com.google.firebase.rules.runtime.common.EvaluationException: Error: /workspace/firestore.rules line [12], column [14]. Property role is undefined on object.\n\tat com.google.firebase.rules.runtime.impl.DefaultEvaluator$TransformEvaluationException.apply(DefaultEvaluator.java:275)\n\tat com.google.firebase.rules.runtime.impl.DefaultEvaluator$TransformEvaluationException.apply(DefaultEvaluator.java:261)\n\tat com.google.common.util.concurrent.AbstractCatchingFuture$AsyncCatchingFuture.doFallback(AbstractCatchingFuture.java:211)\n\tat com.google.common.util.concurrent.AbstractCatchingFuture$AsyncCatchingFuture.doFallback(AbstractCatchingFuture.java:198)\n\tat com.google.common.util.concurrent.AbstractCatchingFuture.run(AbstractCatchingFuture.java:140)\n\tat com.google.common.util.concurrent.DirectExecutor.execute(DirectExecutor.java:32)\n\tat com.google.common.util.concurrent.AbstractFuture.executeListener(AbstractFuture.java:1306)\n\tat com.google.common.util.concurrent.AbstractFuture.addListener(AbstractFuture.java:767)\n\tat com.google.common.util.concurrent.FluentFuture$TrustedFuture.addListener(FluentFuture.java:122)\n\tat com.google.common.util.concurrent.AbstractCatchingFuture.createAsync(AbstractCatchingFuture.java:63)\n\tat com.google.common.util.concurrent.Futures.catchingAsync(Futures.java:413)\n\tat com.google.firebase.rules.runtime.impl.DefaultEvaluator.evaluate(DefaultEvaluator.java:177)\n\tat com.google.cloud.datastore.emulator.impl.rules.EmulatorRuleClient$EmulatorRuleEvaluator.evaluate(EmulatorRuleClient.java:88)\n\tat com.google.cloud.datastore.core.auth.rules.AsyncTwoPhaseRulesAuthorizer.lambda$fullEvaluate$12(AsyncTwoPhaseRulesAuthorizer.java:952)\n\tat com.google.cloud.datastore.computation.Computation.tryCatch(Computation.java:416)\n\tat com.google.cloud.datastore.core.auth.rules.AsyncTwoPhaseRulesAuthorizer.fullEvaluate(AsyncTwoPhaseRulesAuthorizer.java:951)\n\tat com.google.cloud.datastore.core.auth.rules.AsyncTwoPhaseRulesAuthorizer$CommitAuthorizerImpl.lambda$checkWrite$1(AsyncTwoPhaseRulesAuthorizer.java:1192)\n\tat com.google.cloud.datastore.computation.Computation.lambda$tryClose$27(Computation.java:685)\n\tat com.google.cloud.datastore.computation.Computation.tryCatch(Computation.java:416)\n\tat com.google.cloud.datastore.computation.Computation.tryFinally(Computation.java:652)\n\tat com.google.cloud.datastore.computation.Computation.tryFinally(Computation.java:658)\n\tat com.google.cloud.datastore.computation.Computation.tryClose(Computation.java:685)\n\tat com.google.cloud.datastore.core.auth.rules.AsyncTwoPhaseRulesAuthorizer$CommitAuthorizerImpl.checkWrite(AsyncTwoPhaseRulesAuthorizer.java:1161)\n\tat com.google.cloud.datastore.emulator.impl.rules.DefaultEmulatorRulesAuthorizer.lambda$checkCommit$0(DefaultEmulatorRulesAuthorizer.java:124)\n\tat com.google.cloud.datastore.emulator.impl.rules.DefaultEmulatorRulesAuthorizer.withVerboseErrors(DefaultEmulatorRulesAuthorizer.java:290)\n\t... 22 more\n\n"}}
[debug] [2026-08-01T14:49:12.481Z] Multiple projectIds are not recommended in single project mode. Requested project ID wildwatch-82abc, but the emulator is configured for demo-wildwatch-local. To opt-out of single project mode add/set the '"singleProjectMode": false' property in the firebase.json emulators config.
 {"metadata":{"emulator":{"name":"firestore"},"message":"Multiple projectIds are not recommended in single project mode. Requested project ID wildwatch-82abc, but the emulator is configured for demo-wildwatch-local. To opt-out of single project mode add/set the '\"singleProjectMode\": false' property in the firebase.json emulators config.\n"}}
[debug] [2026-08-01T14:49:12.561Z] Aug 01, 2026 2:49:12 PM com.google.cloud.datastore.emulator.impl.util.WrappedStreamObserver onError
WARNING: Operation failed: 
Property role is undefined on object. for 'create' @ L64, Property role is undefined on object. for 'update' @ L65, Property role is undefined on object. for 'create' @ L64
com.google.cloud.datastore.core.exception.DatastoreException: 
Property role is undefined on object. for 'create' @ L64, Property role is undefined on object. for 'update' @ L65, Property role is undefined on object. for 'create' @ L64
	at com.google.cloud.datastore.core.exception.DatastoreException$Builder.build(DatastoreException.java:121)
	at com.google.cloud.datastore.emulator.impl.rules.DefaultEmulatorRulesAuthorizer.verboseError(DefaultEmulatorRulesAuthorizer.java:318)
	at com.google.cloud.datastore.emulator.impl.rules.DefaultEmulatorRulesAuthorizer.withVerboseErrors(DefaultEmulatorRulesAuthorizer.java:295)
	at com.google.cloud.datastore.emulator.impl.rules.DefaultEmulatorRulesAuthorizer.checkCommit(DefaultEmulatorRulesAuthorizer.java:114)
	at com.google.cloud.datastore.emulator.impl.firestore.FirestoreEmulatorHelper.commitHelper(FirestoreEmulatorHelper.java:360)
	at com.google.cloud.datastore.emulator.impl.firestore.FirestoreEmulatorHelper.internalCommit(FirestoreEmulatorHelper.java:314)
	at com.google.cloud.datastore.emulator.impl.firestore.CloudFirestoreV1.internalCommit(CloudFirestoreV1.java:1077)
	at com.google.cloud.datastore.emulator.impl.firestore.CloudFirestoreV1.write(CloudFirestoreV1.java:1065)
	at com.google.cloud.datastore.emulator.impl.firestore.CloudFirestoreV1WriteStream.handleRequest(CloudFirestoreV1WriteStream.java:218)
	at com.google.cloud.datastore.emulator.impl.firestore.CloudFirestoreV1WriteStream.write(CloudFirestoreV1WriteStream.java:140)
	at com.google.cloud.datastore.emulator.impl.firestore.CloudFirestoreV1WriteStream.onNext(CloudFirestoreV1WriteStream.java:95)
	at com.google.cloud.datastore.emulator.impl.firestore.CloudFirestoreV1WriteStream.onNext(CloudFirestoreV1WriteStream.java:27)
	at io.grpc.stub.ServerCalls$StreamingServerCallHandler$StreamingServerCallListener.onMessage(ServerCalls.java:262)
	at io.grpc.ForwardingServerCallListener.onMessage(ForwardingServerCallListener.java:33)
	at io.grpc.Contexts$ContextualizedServerCallListener.onMessage(Contexts.java:76)
	at io.grpc.ForwardingServerCallListener.onMessage(ForwardingServerCallListener.java:33)
	at io.grpc.Contexts$ContextualizedServerCallListener.onMessage(Contexts.java:76)
	at io.grpc.internal.ServerCallImpl$ServerStreamListenerImpl.messagesAvailableInternal(ServerCallImpl.java:334)
	at io.grpc.internal.ServerCallImpl$ServerStreamListenerImpl.messagesAvailable(ServerCallImpl.java:319)
	at io.grpc.internal.ServerImpl$JumpToApplicationThreadServerStreamListener$1MessagesAvailable.runInContext(ServerImpl.java:834)
	at io.grpc.internal.ContextRunnable.run(ContextRunnable.java:37)
	at io.grpc.internal.SerializingExecutor.run(SerializingExecutor.java:133)
	at java.base/java.util.concurrent.ThreadPoolExecutor.runWorker(ThreadPoolExecutor.java:1136)
	at java.base/java.util.concurrent.ThreadPoolExecutor$Worker.run(ThreadPoolExecutor.java:635)
	at java.base/java.lang.Thread.run(Thread.java:840)
Caused by: com.google.firebase.rules.runtime.common.EvaluationException: Error: /workspace/firestore.rules line [12], column [14]. Property role is undefined on object.
	at com.google.firebase.rules.runtime.impl.DefaultEvaluator$TransformEvaluationException.apply(DefaultEvaluator.java:275)
	at com.google.firebase.rules.runtime.impl.DefaultEvaluator$TransformEvaluationException.apply(DefaultEvaluator.java:261)
	at com.google.common.util.concurrent.AbstractCatchingFuture$AsyncCatchingFuture.doFallback(AbstractCatchingFuture.java:211)
	at com.google.common.util.concurrent.AbstractCatchingFuture$AsyncCatchingFuture.doFallback(AbstractCatchingFuture.java:198)
	at com.google.common.util.concurrent.AbstractCatchingFuture.run(AbstractCatchingFuture.java:140)
	at com.google.common.util.concurrent.DirectExecutor.execute(DirectExecutor.java:32)
	at com.google.common.util.concurrent.AbstractFuture.executeListener(AbstractFuture.java:1306)
	at com.google.common.util.concurrent.AbstractFuture.addListener(AbstractFuture.java:767)
	at com.google.common.util.concurrent.FluentFuture$TrustedFuture.addListener(FluentFuture.java:122)
	at com.google.common.util.concurrent.AbstractCatchingFuture.createAsync(AbstractCatchingFuture.java:63)
	at com.google.common.util.concurrent.Futures.catchingAsync(Futures.java:413)
	at com.google.firebase.rules.runtime.impl.DefaultEvaluator.evaluate(DefaultEvaluator.java:177)
	at com.google.cloud.datastore.emulator.impl.rules.EmulatorRuleClient$EmulatorRuleEvaluator.evaluate(EmulatorRuleClient.java:88)
	at com.google.cloud.datastore.core.auth.rules.AsyncTwoPhaseRulesAuthorizer.lambda$fullEvaluate$12(AsyncTwoPhaseRulesAuthorizer.java:952)
	at com.google.cloud.datastore.computation.Computation.tryCatch(Computation.java:416)
	at com.google.cloud.datastore.core.auth.rules.AsyncTwoPhaseRulesAuthorizer.fullEvaluate(AsyncTwoPhaseRulesAuthorizer.java:951)
	at com.google.cloud.datastore.core.auth.rules.AsyncTwoPhaseRulesAuthorizer$CommitAuthorizerImpl.lambda$checkWrite$1(AsyncTwoPhaseRulesAuthorizer.java:1192)
	at com.google.cloud.datastore.computation.Computation.lambda$tryClose$27(Computation.java:685)
	at com.google.cloud.datastore.computation.Computation.tryCatch(Computation.java:416)
	at com.google.cloud.datastore.computation.Computation.tryFinally(Computation.java:652)
	at com.google.cloud.datastore.computation.Computation.tryFinally(Computation.java:658)
	at com.google.cloud.datastore.computation.Computation.tryClose(Computation.java:685)
	at com.google.cloud.datastore.core.auth.rules.AsyncTwoPhaseRulesAuthorizer$CommitAuthorizerImpl.checkWrite(AsyncTwoPhaseRulesAuthorizer.java:1161)
	at com.google.cloud.datastore.emulator.impl.rules.DefaultEmulatorRulesAuthorizer.lambda$checkCommit$0(DefaultEmulatorRulesAuthorizer.java:124)
	at com.google.cloud.datastore.emulator.impl.rules.DefaultEmulatorRulesAuthorizer.withVerboseErrors(DefaultEmulatorRulesAuthorizer.java:290)
	... 22 more

 {"metadata":{"emulator":{"name":"firestore"},"message":"Aug 01, 2026 2:49:12 PM com.google.cloud.datastore.emulator.impl.util.WrappedStreamObserver onError\nWARNING: Operation failed: \nProperty role is undefined on object. for 'create' @ L64, Property role is undefined on object. for 'update' @ L65, Property role is undefined on object. for 'create' @ L64\ncom.google.cloud.datastore.core.exception.DatastoreException: \nProperty role is undefined on object. for 'create' @ L64, Property role is undefined on object. for 'update' @ L65, Property role is undefined on object. for 'create' @ L64\n\tat com.google.cloud.datastore.core.exception.DatastoreException$Builder.build(DatastoreException.java:121)\n\tat com.google.cloud.datastore.emulator.impl.rules.DefaultEmulatorRulesAuthorizer.verboseError(DefaultEmulatorRulesAuthorizer.java:318)\n\tat com.google.cloud.datastore.emulator.impl.rules.DefaultEmulatorRulesAuthorizer.withVerboseErrors(DefaultEmulatorRulesAuthorizer.java:295)\n\tat com.google.cloud.datastore.emulator.impl.rules.DefaultEmulatorRulesAuthorizer.checkCommit(DefaultEmulatorRulesAuthorizer.java:114)\n\tat com.google.cloud.datastore.emulator.impl.firestore.FirestoreEmulatorHelper.commitHelper(FirestoreEmulatorHelper.java:360)\n\tat com.google.cloud.datastore.emulator.impl.firestore.FirestoreEmulatorHelper.internalCommit(FirestoreEmulatorHelper.java:314)\n\tat com.google.cloud.datastore.emulator.impl.firestore.CloudFirestoreV1.internalCommit(CloudFirestoreV1.java:1077)\n\tat com.google.cloud.datastore.emulator.impl.firestore.CloudFirestoreV1.write(CloudFirestoreV1.java:1065)\n\tat com.google.cloud.datastore.emulator.impl.firestore.CloudFirestoreV1WriteStream.handleRequest(CloudFirestoreV1WriteStream.java:218)\n\tat com.google.cloud.datastore.emulator.impl.firestore.CloudFirestoreV1WriteStream.write(CloudFirestoreV1WriteStream.java:140)\n\tat com.google.cloud.datastore.emulator.impl.firestore.CloudFirestoreV1WriteStream.onNext(CloudFirestoreV1WriteStream.java:95)\n\tat com.google.cloud.datastore.emulator.impl.firestore.CloudFirestoreV1WriteStream.onNext(CloudFirestoreV1WriteStream.java:27)\n\tat io.grpc.stub.ServerCalls$StreamingServerCallHandler$StreamingServerCallListener.onMessage(ServerCalls.java:262)\n\tat io.grpc.ForwardingServerCallListener.onMessage(ForwardingServerCallListener.java:33)\n\tat io.grpc.Contexts$ContextualizedServerCallListener.onMessage(Contexts.java:76)\n\tat io.grpc.ForwardingServerCallListener.onMessage(ForwardingServerCallListener.java:33)\n\tat io.grpc.Contexts$ContextualizedServerCallListener.onMessage(Contexts.java:76)\n\tat io.grpc.internal.ServerCallImpl$ServerStreamListenerImpl.messagesAvailableInternal(ServerCallImpl.java:334)\n\tat io.grpc.internal.ServerCallImpl$ServerStreamListenerImpl.messagesAvailable(ServerCallImpl.java:319)\n\tat io.grpc.internal.ServerImpl$JumpToApplicationThreadServerStreamListener$1MessagesAvailable.runInContext(ServerImpl.java:834)\n\tat io.grpc.internal.ContextRunnable.run(ContextRunnable.java:37)\n\tat io.grpc.internal.SerializingExecutor.run(SerializingExecutor.java:133)\n\tat java.base/java.util.concurrent.ThreadPoolExecutor.runWorker(ThreadPoolExecutor.java:1136)\n\tat java.base/java.util.concurrent.ThreadPoolExecutor$Worker.run(ThreadPoolExecutor.java:635)\n\tat java.base/java.lang.Thread.run(Thread.java:840)\nCaused by: com.google.firebase.rules.runtime.common.EvaluationException: Error: /workspace/firestore.rules line [12], column [14]. Property role is undefined on object.\n\tat com.google.firebase.rules.runtime.impl.DefaultEvaluator$TransformEvaluationException.apply(DefaultEvaluator.java:275)\n\tat com.google.firebase.rules.runtime.impl.DefaultEvaluator$TransformEvaluationException.apply(DefaultEvaluator.java:261)\n\tat com.google.common.util.concurrent.AbstractCatchingFuture$AsyncCatchingFuture.doFallback(AbstractCatchingFuture.java:211)\n\tat com.google.common.util.concurrent.AbstractCatchingFuture$AsyncCatchingFuture.doFallback(AbstractCatchingFuture.java:198)\n\tat com.google.common.util.concurrent.AbstractCatchingFuture.run(AbstractCatchingFuture.java:140)\n\tat com.google.common.util.concurrent.DirectExecutor.execute(DirectExecutor.java:32)\n\tat com.google.common.util.concurrent.AbstractFuture.executeListener(AbstractFuture.java:1306)\n\tat com.google.common.util.concurrent.AbstractFuture.addListener(AbstractFuture.java:767)\n\tat com.google.common.util.concurrent.FluentFuture$TrustedFuture.addListener(FluentFuture.java:122)\n\tat com.google.common.util.concurrent.AbstractCatchingFuture.createAsync(AbstractCatchingFuture.java:63)\n\tat com.google.common.util.concurrent.Futures.catchingAsync(Futures.java:413)\n\tat com.google.firebase.rules.runtime.impl.DefaultEvaluator.evaluate(DefaultEvaluator.java:177)\n\tat com.google.cloud.datastore.emulator.impl.rules.EmulatorRuleClient$EmulatorRuleEvaluator.evaluate(EmulatorRuleClient.java:88)\n\tat com.google.cloud.datastore.core.auth.rules.AsyncTwoPhaseRulesAuthorizer.lambda$fullEvaluate$12(AsyncTwoPhaseRulesAuthorizer.java:952)\n\tat com.google.cloud.datastore.computation.Computation.tryCatch(Computation.java:416)\n\tat com.google.cloud.datastore.core.auth.rules.AsyncTwoPhaseRulesAuthorizer.fullEvaluate(AsyncTwoPhaseRulesAuthorizer.java:951)\n\tat com.google.cloud.datastore.core.auth.rules.AsyncTwoPhaseRulesAuthorizer$CommitAuthorizerImpl.lambda$checkWrite$1(AsyncTwoPhaseRulesAuthorizer.java:1192)\n\tat com.google.cloud.datastore.computation.Computation.lambda$tryClose$27(Computation.java:685)\n\tat com.google.cloud.datastore.computation.Computation.tryCatch(Computation.java:416)\n\tat com.google.cloud.datastore.computation.Computation.tryFinally(Computation.java:652)\n\tat com.google.cloud.datastore.computation.Computation.tryFinally(Computation.java:658)\n\tat com.google.cloud.datastore.computation.Computation.tryClose(Computation.java:685)\n\tat com.google.cloud.datastore.core.auth.rules.AsyncTwoPhaseRulesAuthorizer$CommitAuthorizerImpl.checkWrite(AsyncTwoPhaseRulesAuthorizer.java:1161)\n\tat com.google.cloud.datastore.emulator.impl.rules.DefaultEmulatorRulesAuthorizer.lambda$checkCommit$0(DefaultEmulatorRulesAuthorizer.java:124)\n\tat com.google.cloud.datastore.emulator.impl.rules.DefaultEmulatorRulesAuthorizer.withVerboseErrors(DefaultEmulatorRulesAuthorizer.java:290)\n\t... 22 more\n\n"}}
[debug] [2026-08-01T14:49:12.656Z] Multiple projectIds are not recommended in single project mode. Requested project ID wildwatch-82abc, but the emulator is configured for demo-wildwatch-local. To opt-out of single project mode add/set the '"singleProjectMode": false' property in the firebase.json emulators config.
 {"metadata":{"emulator":{"name":"firestore"},"message":"Multiple projectIds are not recommended in single project mode. Requested project ID wildwatch-82abc, but the emulator is configured for demo-wildwatch-local. To opt-out of single project mode add/set the '\"singleProjectMode\": false' property in the firebase.json emulators config.\n"}}
[debug] [2026-08-01T14:49:12.694Z] Aug 01, 2026 2:49:12 PM com.google.cloud.datastore.emulator.impl.util.WrappedStreamObserver onError
WARNING: Operation failed: 
Property role is undefined on object. for 'create' @ L64, Property role is undefined on object. for 'update' @ L65, Property role is undefined on object. for 'create' @ L64
com.google.cloud.datastore.core.exception.DatastoreException: 
Property role is undefined on object. for 'create' @ L64, Property role is undefined on object. for 'update' @ L65, Property role is undefined on object. for 'create' @ L64
	at com.google.cloud.datastore.core.exception.DatastoreException$Builder.build(DatastoreException.java:121)
	at com.google.cloud.datastore.emulator.impl.rules.DefaultEmulatorRulesAuthorizer.verboseError(DefaultEmulatorRulesAuthorizer.java:318)
	at com.google.cloud.datastore.emulator.impl.rules.DefaultEmulatorRulesAuthorizer.withVerboseErrors(DefaultEmulatorRulesAuthorizer.java:295)
	at com.google.cloud.datastore.emulator.impl.rules.DefaultEmulatorRulesAuthorizer.checkCommit(DefaultEmulatorRulesAuthorizer.java:114)
	at com.google.cloud.datastore.emulator.impl.firestore.FirestoreEmulatorHelper.commitHelper(FirestoreEmulatorHelper.java:360)
	at com.google.cloud.datastore.emulator.impl.firestore.FirestoreEmulatorHelper.internalCommit(FirestoreEmulatorHelper.java:314)
	at com.google.cloud.datastore.emulator.impl.firestore.CloudFirestoreV1.internalCommit(CloudFirestoreV1.java:1077)
	at com.google.cloud.datastore.emulator.impl.firestore.CloudFirestoreV1.write(CloudFirestoreV1.java:1065)
	at com.google.cloud.datastore.emulator.impl.firestore.CloudFirestoreV1WriteStream.handleRequest(CloudFirestoreV1WriteStream.java:218)
	at com.google.cloud.datastore.emulator.impl.firestore.CloudFirestoreV1WriteStream.write(CloudFirestoreV1WriteStream.java:140)
	at com.google.cloud.datastore.emulator.impl.firestore.CloudFirestoreV1WriteStream.onNext(CloudFirestoreV1WriteStream.java:95)
	at com.google.cloud.datastore.emulator.impl.firestore.CloudFirestoreV1WriteStream.onNext(CloudFirestoreV1WriteStream.java:27)
	at io.grpc.stub.ServerCalls$StreamingServerCallHandler$StreamingServerCallListener.onMessage(ServerCalls.java:262)
	at io.grpc.ForwardingServerCallListener.onMessage(ForwardingServerCallListener.java:33)
	at io.grpc.Contexts$ContextualizedServerCallListener.onMessage(Contexts.java:76)
	at io.grpc.ForwardingServerCallListener.onMessage(ForwardingServerCallListener.java:33)
	at io.grpc.Contexts$ContextualizedServerCallListener.onMessage(Contexts.java:76)
	at io.grpc.internal.ServerCallImpl$ServerStreamListenerImpl.messagesAvailableInternal(ServerCallImpl.java:334)
	at io.grpc.internal.ServerCallImpl$ServerStreamListenerImpl.messagesAvailable(ServerCallImpl.java:319)
	at io.grpc.internal.ServerImpl$JumpToApplicationThreadServerStreamListener$1MessagesAvailable.runInContext(ServerImpl.java:834)
	at io.grpc.internal.ContextRunnable.run(ContextRunnable.java:37)
	at io.grpc.internal.SerializingExecutor.run(SerializingExecutor.java:133)
	at java.base/java.util.concurrent.ThreadPoolExecutor.runWorker(ThreadPoolExecutor.java:1136)
	at java.base/java.util.concurrent.ThreadPoolExecutor$Worker.run(ThreadPoolExecutor.java:635)
	at java.base/java.lang.Thread.run(Thread.java:840)
Caused by: com.google.firebase.rules.runtime.common.EvaluationException: Error: /workspace/firestore.rules line [12], column [14]. Property role is undefined on object.
	at com.google.firebase.rules.runtime.impl.DefaultEvaluator$TransformEvaluationException.apply(DefaultEvaluator.java:275)
	at com.google.firebase.rules.runtime.impl.DefaultEvaluator$TransformEvaluationException.apply(DefaultEvaluator.java:261)
	at com.google.common.util.concurrent.AbstractCatchingFuture$AsyncCatchingFuture.doFallback(AbstractCatchingFuture.java:211)
	at com.google.common.util.concurrent.AbstractCatchingFuture$AsyncCatchingFuture.doFallback(AbstractCatchingFuture.java:198)
	at com.google.common.util.concurrent.AbstractCatchingFuture.run(AbstractCatchingFuture.java:140)
	at com.google.common.util.concurrent.DirectExecutor.execute(DirectExecutor.java:32)
	at com.google.common.util.concurrent.AbstractFuture.executeListener(AbstractFuture.java:1306)
	at com.google.common.util.concurrent.AbstractFuture.addListener(AbstractFuture.java:767)
	at com.google.common.util.concurrent.FluentFuture$TrustedFuture.addListener(FluentFuture.java:122)
	at com.google.common.util.concurrent.AbstractCatchingFuture.createAsync(AbstractCatchingFuture.java:63)
	at com.google.common.util.concurrent.Futures.catchingAsync(Futures.java:413)
	at com.google.firebase.rules.runtime.impl.DefaultEvaluator.evaluate(DefaultEvaluator.java:177)
	at com.google.cloud.datastore.emulator.impl.rules.EmulatorRuleClient$EmulatorRuleEvaluator.evaluate(EmulatorRuleClient.java:88)
	at com.google.cloud.datastore.core.auth.rules.AsyncTwoPhaseRulesAuthorizer.lambda$fullEvaluate$12(AsyncTwoPhaseRulesAuthorizer.java:952)
	at com.google.cloud.datastore.computation.Computation.tryCatch(Computation.java:416)
	at com.google.cloud.datastore.core.auth.rules.AsyncTwoPhaseRulesAuthorizer.fullEvaluate(AsyncTwoPhaseRulesAuthorizer.java:951)
	at com.google.cloud.datastore.core.auth.rules.AsyncTwoPhaseRulesAuthorizer$CommitAuthorizerImpl.lambda$checkWrite$1(AsyncTwoPhaseRulesAuthorizer.java:1192)
	at com.google.cloud.datastore.computation.Computation.lambda$tryClose$27(Computation.java:685)
	at com.google.cloud.datastore.computation.Computation.tryCatch(Computation.java:416)
	at com.google.cloud.datastore.computation.Computation.tryFinally(Computation.java:652)
	at com.google.cloud.datastore.computation.Computation.tryFinally(Computation.java:658)
	at com.google.cloud.datastore.computation.Computation.tryClose(Computation.java:685)
	at com.google.cloud.datastore.core.auth.rules.AsyncTwoPhaseRulesAuthorizer$CommitAuthorizerImpl.checkWrite(AsyncTwoPhaseRulesAuthorizer.java:1161)
	at com.google.cloud.datastore.emulator.impl.rules.DefaultEmulatorRulesAuthorizer.lambda$checkCommit$0(DefaultEmulatorRulesAuthorizer.java:124)
	at com.google.cloud.datastore.emulator.impl.rules.DefaultEmulatorRulesAuthorizer.withVerboseErrors(DefaultEmulatorRulesAuthorizer.java:290)
	... 22 more

 {"metadata":{"emulator":{"name":"firestore"},"message":"Aug 01, 2026 2:49:12 PM com.google.cloud.datastore.emulator.impl.util.WrappedStreamObserver onError\nWARNING: Operation failed: \nProperty role is undefined on object. for 'create' @ L64, Property role is undefined on object. for 'update' @ L65, Property role is undefined on object. for 'create' @ L64\ncom.google.cloud.datastore.core.exception.DatastoreException: \nProperty role is undefined on object. for 'create' @ L64, Property role is undefined on object. for 'update' @ L65, Property role is undefined on object. for 'create' @ L64\n\tat com.google.cloud.datastore.core.exception.DatastoreException$Builder.build(DatastoreException.java:121)\n\tat com.google.cloud.datastore.emulator.impl.rules.DefaultEmulatorRulesAuthorizer.verboseError(DefaultEmulatorRulesAuthorizer.java:318)\n\tat com.google.cloud.datastore.emulator.impl.rules.DefaultEmulatorRulesAuthorizer.withVerboseErrors(DefaultEmulatorRulesAuthorizer.java:295)\n\tat com.google.cloud.datastore.emulator.impl.rules.DefaultEmulatorRulesAuthorizer.checkCommit(DefaultEmulatorRulesAuthorizer.java:114)\n\tat com.google.cloud.datastore.emulator.impl.firestore.FirestoreEmulatorHelper.commitHelper(FirestoreEmulatorHelper.java:360)\n\tat com.google.cloud.datastore.emulator.impl.firestore.FirestoreEmulatorHelper.internalCommit(FirestoreEmulatorHelper.java:314)\n\tat com.google.cloud.datastore.emulator.impl.firestore.CloudFirestoreV1.internalCommit(CloudFirestoreV1.java:1077)\n\tat com.google.cloud.datastore.emulator.impl.firestore.CloudFirestoreV1.write(CloudFirestoreV1.java:1065)\n\tat com.google.cloud.datastore.emulator.impl.firestore.CloudFirestoreV1WriteStream.handleRequest(CloudFirestoreV1WriteStream.java:218)\n\tat com.google.cloud.datastore.emulator.impl.firestore.CloudFirestoreV1WriteStream.write(CloudFirestoreV1WriteStream.java:140)\n\tat com.google.cloud.datastore.emulator.impl.firestore.CloudFirestoreV1WriteStream.onNext(CloudFirestoreV1WriteStream.java:95)\n\tat com.google.cloud.datastore.emulator.impl.firestore.CloudFirestoreV1WriteStream.onNext(CloudFirestoreV1WriteStream.java:27)\n\tat io.grpc.stub.ServerCalls$StreamingServerCallHandler$StreamingServerCallListener.onMessage(ServerCalls.java:262)\n\tat io.grpc.ForwardingServerCallListener.onMessage(ForwardingServerCallListener.java:33)\n\tat io.grpc.Contexts$ContextualizedServerCallListener.onMessage(Contexts.java:76)\n\tat io.grpc.ForwardingServerCallListener.onMessage(ForwardingServerCallListener.java:33)\n\tat io.grpc.Contexts$ContextualizedServerCallListener.onMessage(Contexts.java:76)\n\tat io.grpc.internal.ServerCallImpl$ServerStreamListenerImpl.messagesAvailableInternal(ServerCallImpl.java:334)\n\tat io.grpc.internal.ServerCallImpl$ServerStreamListenerImpl.messagesAvailable(ServerCallImpl.java:319)\n\tat io.grpc.internal.ServerImpl$JumpToApplicationThreadServerStreamListener$1MessagesAvailable.runInContext(ServerImpl.java:834)\n\tat io.grpc.internal.ContextRunnable.run(ContextRunnable.java:37)\n\tat io.grpc.internal.SerializingExecutor.run(SerializingExecutor.java:133)\n\tat java.base/java.util.concurrent.ThreadPoolExecutor.runWorker(ThreadPoolExecutor.java:1136)\n\tat java.base/java.util.concurrent.ThreadPoolExecutor$Worker.run(ThreadPoolExecutor.java:635)\n\tat java.base/java.lang.Thread.run(Thread.java:840)\nCaused by: com.google.firebase.rules.runtime.common.EvaluationException: Error: /workspace/firestore.rules line [12], column [14]. Property role is undefined on object.\n\tat com.google.firebase.rules.runtime.impl.DefaultEvaluator$TransformEvaluationException.apply(DefaultEvaluator.java:275)\n\tat com.google.firebase.rules.runtime.impl.DefaultEvaluator$TransformEvaluationException.apply(DefaultEvaluator.java:261)\n\tat com.google.common.util.concurrent.AbstractCatchingFuture$AsyncCatchingFuture.doFallback(AbstractCatchingFuture.java:211)\n\tat com.google.common.util.concurrent.AbstractCatchingFuture$AsyncCatchingFuture.doFallback(AbstractCatchingFuture.java:198)\n\tat com.google.common.util.concurrent.AbstractCatchingFuture.run(AbstractCatchingFuture.java:140)\n\tat com.google.common.util.concurrent.DirectExecutor.execute(DirectExecutor.java:32)\n\tat com.google.common.util.concurrent.AbstractFuture.executeListener(AbstractFuture.java:1306)\n\tat com.google.common.util.concurrent.AbstractFuture.addListener(AbstractFuture.java:767)\n\tat com.google.common.util.concurrent.FluentFuture$TrustedFuture.addListener(FluentFuture.java:122)\n\tat com.google.common.util.concurrent.AbstractCatchingFuture.createAsync(AbstractCatchingFuture.java:63)\n\tat com.google.common.util.concurrent.Futures.catchingAsync(Futures.java:413)\n\tat com.google.firebase.rules.runtime.impl.DefaultEvaluator.evaluate(DefaultEvaluator.java:177)\n\tat com.google.cloud.datastore.emulator.impl.rules.EmulatorRuleClient$EmulatorRuleEvaluator.evaluate(EmulatorRuleClient.java:88)\n\tat com.google.cloud.datastore.core.auth.rules.AsyncTwoPhaseRulesAuthorizer.lambda$fullEvaluate$12(AsyncTwoPhaseRulesAuthorizer.java:952)\n\tat com.google.cloud.datastore.computation.Computation.tryCatch(Computation.java:416)\n\tat com.google.cloud.datastore.core.auth.rules.AsyncTwoPhaseRulesAuthorizer.fullEvaluate(AsyncTwoPhaseRulesAuthorizer.java:951)\n\tat com.google.cloud.datastore.core.auth.rules.AsyncTwoPhaseRulesAuthorizer$CommitAuthorizerImpl.lambda$checkWrite$1(AsyncTwoPhaseRulesAuthorizer.java:1192)\n\tat com.google.cloud.datastore.computation.Computation.lambda$tryClose$27(Computation.java:685)\n\tat com.google.cloud.datastore.computation.Computation.tryCatch(Computation.java:416)\n\tat com.google.cloud.datastore.computation.Computation.tryFinally(Computation.java:652)\n\tat com.google.cloud.datastore.computation.Computation.tryFinally(Computation.java:658)\n\tat com.google.cloud.datastore.computation.Computation.tryClose(Computation.java:685)\n\tat com.google.cloud.datastore.core.auth.rules.AsyncTwoPhaseRulesAuthorizer$CommitAuthorizerImpl.checkWrite(AsyncTwoPhaseRulesAuthorizer.java:1161)\n\tat com.google.cloud.datastore.emulator.impl.rules.DefaultEmulatorRulesAuthorizer.lambda$checkCommit$0(DefaultEmulatorRulesAuthorizer.java:124)\n\tat com.google.cloud.datastore.emulator.impl.rules.DefaultEmulatorRulesAuthorizer.withVerboseErrors(DefaultEmulatorRulesAuthorizer.java:290)\n\t... 22 more\n\n"}}
[debug] [2026-08-01T14:49:12.753Z] Multiple projectIds are not recommended in single project mode. Requested project ID wildwatch-82abc, but the emulator is configured for demo-wildwatch-local. To opt-out of single project mode add/set the '"singleProjectMode": false' property in the firebase.json emulators config.
 {"metadata":{"emulator":{"name":"firestore"},"message":"Multiple projectIds are not recommended in single project mode. Requested project ID wildwatch-82abc, but the emulator is configured for demo-wildwatch-local. To opt-out of single project mode add/set the '\"singleProjectMode\": false' property in the firebase.json emulators config.\n"}}
[debug] [2026-08-01T14:49:12.784Z] Aug 01, 2026 2:49:12 PM com.google.cloud.datastore.emulator.impl.util.WrappedStreamObserver onError
WARNING: Operation failed: 
Property role is undefined on object. for 'create' @ L64, Property role is undefined on object. for 'update' @ L65, Property role is undefined on object. for 'create' @ L64
com.google.cloud.datastore.core.exception.DatastoreException: 
Property role is undefined on object. for 'create' @ L64, Property role is undefined on object. for 'update' @ L65, Property role is undefined on object. for 'create' @ L64
	at com.google.cloud.datastore.core.exception.DatastoreException$Builder.build(DatastoreException.java:121)
	at com.google.cloud.datastore.emulator.impl.rules.DefaultEmulatorRulesAuthorizer.verboseError(DefaultEmulatorRulesAuthorizer.java:318)
	at com.google.cloud.datastore.emulator.impl.rules.DefaultEmulatorRulesAuthorizer.withVerboseErrors(DefaultEmulatorRulesAuthorizer.java:295)
	at com.google.cloud.datastore.emulator.impl.rules.DefaultEmulatorRulesAuthorizer.checkCommit(DefaultEmulatorRulesAuthorizer.java:114)
	at com.google.cloud.datastore.emulator.impl.firestore.FirestoreEmulatorHelper.commitHelper(FirestoreEmulatorHelper.java:360)
	at com.google.cloud.datastore.emulator.impl.firestore.FirestoreEmulatorHelper.internalCommit(FirestoreEmulatorHelper.java:314)
	at com.google.cloud.datastore.emulator.impl.firestore.CloudFirestoreV1.internalCommit(CloudFirestoreV1.java:1077)
	at com.google.cloud.datastore.emulator.impl.firestore.CloudFirestoreV1.write(CloudFirestoreV1.java:1065)
	at com.google.cloud.datastore.emulator.impl.firestore.CloudFirestoreV1WriteStream.handleRequest(CloudFirestoreV1WriteStream.java:218)
	at com.google.cloud.datastore.emulator.impl.firestore.CloudFirestoreV1WriteStream.write(CloudFirestoreV1WriteStream.java:140)
	at com.google.cloud.datastore.emulator.impl.firestore.CloudFirestoreV1WriteStream.onNext(CloudFirestoreV1WriteStream.java:95)
	at com.google.cloud.datastore.emulator.impl.firestore.CloudFirestoreV1WriteStream.onNext(CloudFirestoreV1WriteStream.java:27)
	at io.grpc.stub.ServerCalls$StreamingServerCallHandler$StreamingServerCallListener.onMessage(ServerCalls.java:262)
	at io.grpc.ForwardingServerCallListener.onMessage(ForwardingServerCallListener.java:33)
	at io.grpc.Contexts$ContextualizedServerCallListener.onMessage(Contexts.java:76)
	at io.grpc.ForwardingServerCallListener.onMessage(ForwardingServerCallListener.java:33)
	at io.grpc.Contexts$ContextualizedServerCallListener.onMessage(Contexts.java:76)
	at io.grpc.internal.ServerCallImpl$ServerStreamListenerImpl.messagesAvailableInternal(ServerCallImpl.java:334)
	at io.grpc.internal.ServerCallImpl$ServerStreamListenerImpl.messagesAvailable(ServerCallImpl.java:319)
	at io.grpc.internal.ServerImpl$JumpToApplicationThreadServerStreamListener$1MessagesAvailable.runInContext(ServerImpl.java:834)
	at io.grpc.internal.ContextRunnable.run(ContextRunnable.java:37)
	at io.grpc.internal.SerializingExecutor.run(SerializingExecutor.java:133)
	at java.base/java.util.concurrent.ThreadPoolExecutor.runWorker(ThreadPoolExecutor.java:1136)
	at java.base/java.util.concurrent.ThreadPoolExecutor$Worker.run(ThreadPoolExecutor.java:635)
	at java.base/java.lang.Thread.run(Thread.java:840)
Caused by: com.google.firebase.rules.runtime.common.EvaluationException: Error: /workspace/firestore.rules line [12], column [14]. Property role is undefined on object.
	at com.google.firebase.rules.runtime.impl.DefaultEvaluator$TransformEvaluationException.apply(DefaultEvaluator.java:275)
	at com.google.firebase.rules.runtime.impl.DefaultEvaluator$TransformEvaluationException.apply(DefaultEvaluator.java:261)
	at com.google.common.util.concurrent.AbstractCatchingFuture$AsyncCatchingFuture.doFallback(AbstractCatchingFuture.java:211)
	at com.google.common.util.concurrent.AbstractCatchingFuture$AsyncCatchingFuture.doFallback(AbstractCatchingFuture.java:198)
	at com.google.common.util.concurrent.AbstractCatchingFuture.run(AbstractCatchingFuture.java:140)
	at com.google.common.util.concurrent.DirectExecutor.execute(DirectExecutor.java:32)
	at com.google.common.util.concurrent.AbstractFuture.executeListener(AbstractFuture.java:1306)
	at com.google.common.util.concurrent.AbstractFuture.addListener(AbstractFuture.java:767)
	at com.google.common.util.concurrent.FluentFuture$TrustedFuture.addListener(FluentFuture.java:122)
	at com.google.common.util.concurrent.AbstractCatchingFuture.createAsync(AbstractCatchingFuture.java:63)
	at com.google.common.util.concurrent.Futures.catchingAsync(Futures.java:413)
	at com.google.firebase.rules.runtime.impl.DefaultEvaluator.evaluate(DefaultEvaluator.java:177)
	at com.google.cloud.datastore.emulator.impl.rules.EmulatorRuleClient$EmulatorRuleEvaluator.evaluate(EmulatorRuleClient.java:88)
	at com.google.cloud.datastore.core.auth.rules.AsyncTwoPhaseRulesAuthorizer.lambda$fullEvaluate$12(AsyncTwoPhaseRulesAuthorizer.java:952)
	at com.google.cloud.datastore.computation.Computation.tryCatch(Computation.java:416)
	at com.google.cloud.datastore.core.auth.rules.AsyncTwoPhaseRulesAuthorizer.fullEvaluate(AsyncTwoPhaseRulesAuthorizer.java:951)
	at com.google.cloud.datastore.core.auth.rules.AsyncTwoPhaseRulesAuthorizer$CommitAuthorizerImpl.lambda$checkWrite$1(AsyncTwoPhaseRulesAuthorizer.java:1192)
	at com.google.cloud.datastore.computation.Computation.lambda$tryClose$27(Computation.java:685)
	at com.google.cloud.datastore.computation.Computation.tryCatch(Computation.java:416)
	at com.google.cloud.datastore.computation.Computation.tryFinally(Computation.java:652)
	at com.google.cloud.datastore.computation.Computation.tryFinally(Computation.java:658)
	at com.google.cloud.datastore.computation.Computation.tryClose(Computation.java:685)
	at com.google.cloud.datastore.core.auth.rules.AsyncTwoPhaseRulesAuthorizer$CommitAuthorizerImpl.checkWrite(AsyncTwoPhaseRulesAuthorizer.java:1161)
	at com.google.cloud.datastore.emulator.impl.rules.DefaultEmulatorRulesAuthorizer.lambda$checkCommit$0(DefaultEmulatorRulesAuthorizer.java:124)
	at com.google.cloud.datastore.emulator.impl.rules.DefaultEmulatorRulesAuthorizer.withVerboseErrors(DefaultEmulatorRulesAuthorizer.java:290)
	... 22 more

 {"metadata":{"emulator":{"name":"firestore"},"message":"Aug 01, 2026 2:49:12 PM com.google.cloud.datastore.emulator.impl.util.WrappedStreamObserver onError\nWARNING: Operation failed: \nProperty role is undefined on object. for 'create' @ L64, Property role is undefined on object. for 'update' @ L65, Property role is undefined on object. for 'create' @ L64\ncom.google.cloud.datastore.core.exception.DatastoreException: \nProperty role is undefined on object. for 'create' @ L64, Property role is undefined on object. for 'update' @ L65, Property role is undefined on object. for 'create' @ L64\n\tat com.google.cloud.datastore.core.exception.DatastoreException$Builder.build(DatastoreException.java:121)\n\tat com.google.cloud.datastore.emulator.impl.rules.DefaultEmulatorRulesAuthorizer.verboseError(DefaultEmulatorRulesAuthorizer.java:318)\n\tat com.google.cloud.datastore.emulator.impl.rules.DefaultEmulatorRulesAuthorizer.withVerboseErrors(DefaultEmulatorRulesAuthorizer.java:295)\n\tat com.google.cloud.datastore.emulator.impl.rules.DefaultEmulatorRulesAuthorizer.checkCommit(DefaultEmulatorRulesAuthorizer.java:114)\n\tat com.google.cloud.datastore.emulator.impl.firestore.FirestoreEmulatorHelper.commitHelper(FirestoreEmulatorHelper.java:360)\n\tat com.google.cloud.datastore.emulator.impl.firestore.FirestoreEmulatorHelper.internalCommit(FirestoreEmulatorHelper.java:314)\n\tat com.google.cloud.datastore.emulator.impl.firestore.CloudFirestoreV1.internalCommit(CloudFirestoreV1.java:1077)\n\tat com.google.cloud.datastore.emulator.impl.firestore.CloudFirestoreV1.write(CloudFirestoreV1.java:1065)\n\tat com.google.cloud.datastore.emulator.impl.firestore.CloudFirestoreV1WriteStream.handleRequest(CloudFirestoreV1WriteStream.java:218)\n\tat com.google.cloud.datastore.emulator.impl.firestore.CloudFirestoreV1WriteStream.write(CloudFirestoreV1WriteStream.java:140)\n\tat com.google.cloud.datastore.emulator.impl.firestore.CloudFirestoreV1WriteStream.onNext(CloudFirestoreV1WriteStream.java:95)\n\tat com.google.cloud.datastore.emulator.impl.firestore.CloudFirestoreV1WriteStream.onNext(CloudFirestoreV1WriteStream.java:27)\n\tat io.grpc.stub.ServerCalls$StreamingServerCallHandler$StreamingServerCallListener.onMessage(ServerCalls.java:262)\n\tat io.grpc.ForwardingServerCallListener.onMessage(ForwardingServerCallListener.java:33)\n\tat io.grpc.Contexts$ContextualizedServerCallListener.onMessage(Contexts.java:76)\n\tat io.grpc.ForwardingServerCallListener.onMessage(ForwardingServerCallListener.java:33)\n\tat io.grpc.Contexts$ContextualizedServerCallListener.onMessage(Contexts.java:76)\n\tat io.grpc.internal.ServerCallImpl$ServerStreamListenerImpl.messagesAvailableInternal(ServerCallImpl.java:334)\n\tat io.grpc.internal.ServerCallImpl$ServerStreamListenerImpl.messagesAvailable(ServerCallImpl.java:319)\n\tat io.grpc.internal.ServerImpl$JumpToApplicationThreadServerStreamListener$1MessagesAvailable.runInContext(ServerImpl.java:834)\n\tat io.grpc.internal.ContextRunnable.run(ContextRunnable.java:37)\n\tat io.grpc.internal.SerializingExecutor.run(SerializingExecutor.java:133)\n\tat java.base/java.util.concurrent.ThreadPoolExecutor.runWorker(ThreadPoolExecutor.java:1136)\n\tat java.base/java.util.concurrent.ThreadPoolExecutor$Worker.run(ThreadPoolExecutor.java:635)\n\tat java.base/java.lang.Thread.run(Thread.java:840)\nCaused by: com.google.firebase.rules.runtime.common.EvaluationException: Error: /workspace/firestore.rules line [12], column [14]. Property role is undefined on object.\n\tat com.google.firebase.rules.runtime.impl.DefaultEvaluator$TransformEvaluationException.apply(DefaultEvaluator.java:275)\n\tat com.google.firebase.rules.runtime.impl.DefaultEvaluator$TransformEvaluationException.apply(DefaultEvaluator.java:261)\n\tat com.google.common.util.concurrent.AbstractCatchingFuture$AsyncCatchingFuture.doFallback(AbstractCatchingFuture.java:211)\n\tat com.google.common.util.concurrent.AbstractCatchingFuture$AsyncCatchingFuture.doFallback(AbstractCatchingFuture.java:198)\n\tat com.google.common.util.concurrent.AbstractCatchingFuture.run(AbstractCatchingFuture.java:140)\n\tat com.google.common.util.concurrent.DirectExecutor.execute(DirectExecutor.java:32)\n\tat com.google.common.util.concurrent.AbstractFuture.executeListener(AbstractFuture.java:1306)\n\tat com.google.common.util.concurrent.AbstractFuture.addListener(AbstractFuture.java:767)\n\tat com.google.common.util.concurrent.FluentFuture$TrustedFuture.addListener(FluentFuture.java:122)\n\tat com.google.common.util.concurrent.AbstractCatchingFuture.createAsync(AbstractCatchingFuture.java:63)\n\tat com.google.common.util.concurrent.Futures.catchingAsync(Futures.java:413)\n\tat com.google.firebase.rules.runtime.impl.DefaultEvaluator.evaluate(DefaultEvaluator.java:177)\n\tat com.google.cloud.datastore.emulator.impl.rules.EmulatorRuleClient$EmulatorRuleEvaluator.evaluate(EmulatorRuleClient.java:88)\n\tat com.google.cloud.datastore.core.auth.rules.AsyncTwoPhaseRulesAuthorizer.lambda$fullEvaluate$12(AsyncTwoPhaseRulesAuthorizer.java:952)\n\tat com.google.cloud.datastore.computation.Computation.tryCatch(Computation.java:416)\n\tat com.google.cloud.datastore.core.auth.rules.AsyncTwoPhaseRulesAuthorizer.fullEvaluate(AsyncTwoPhaseRulesAuthorizer.java:951)\n\tat com.google.cloud.datastore.core.auth.rules.AsyncTwoPhaseRulesAuthorizer$CommitAuthorizerImpl.lambda$checkWrite$1(AsyncTwoPhaseRulesAuthorizer.java:1192)\n\tat com.google.cloud.datastore.computation.Computation.lambda$tryClose$27(Computation.java:685)\n\tat com.google.cloud.datastore.computation.Computation.tryCatch(Computation.java:416)\n\tat com.google.cloud.datastore.computation.Computation.tryFinally(Computation.java:652)\n\tat com.google.cloud.datastore.computation.Computation.tryFinally(Computation.java:658)\n\tat com.google.cloud.datastore.computation.Computation.tryClose(Computation.java:685)\n\tat com.google.cloud.datastore.core.auth.rules.AsyncTwoPhaseRulesAuthorizer$CommitAuthorizerImpl.checkWrite(AsyncTwoPhaseRulesAuthorizer.java:1161)\n\tat com.google.cloud.datastore.emulator.impl.rules.DefaultEmulatorRulesAuthorizer.lambda$checkCommit$0(DefaultEmulatorRulesAuthorizer.java:124)\n\tat com.google.cloud.datastore.emulator.impl.rules.DefaultEmulatorRulesAuthorizer.withVerboseErrors(DefaultEmulatorRulesAuthorizer.java:290)\n\t... 22 more\n\n"}}
[debug] [2026-08-01T14:49:12.835Z] Multiple projectIds are not recommended in single project mode. Requested project ID wildwatch-82abc, but the emulator is configured for demo-wildwatch-local. To opt-out of single project mode add/set the '"singleProjectMode": false' property in the firebase.json emulators config.
 {"metadata":{"emulator":{"name":"firestore"},"message":"Multiple projectIds are not recommended in single project mode. Requested project ID wildwatch-82abc, but the emulator is configured for demo-wildwatch-local. To opt-out of single project mode add/set the '\"singleProjectMode\": false' property in the firebase.json emulators config.\n"}}
[debug] [2026-08-01T14:49:12.871Z] Aug 01, 2026 2:49:12 PM com.google.cloud.datastore.emulator.impl.util.WrappedStreamObserver onError
WARNING: Operation failed: 
Property role is undefined on object. for 'create' @ L64, Property role is undefined on object. for 'update' @ L65, Property role is undefined on object. for 'create' @ L64
com.google.cloud.datastore.core.exception.DatastoreException: 
Property role is undefined on object. for 'create' @ L64, Property role is undefined on object. for 'update' @ L65, Property role is undefined on object. for 'create' @ L64
	at com.google.cloud.datastore.core.exception.DatastoreException$Builder.build(DatastoreException.java:121)
	at com.google.cloud.datastore.emulator.impl.rules.DefaultEmulatorRulesAuthorizer.verboseError(DefaultEmulatorRulesAuthorizer.java:318)
	at com.google.cloud.datastore.emulator.impl.rules.DefaultEmulatorRulesAuthorizer.withVerboseErrors(DefaultEmulatorRulesAuthorizer.java:295)
	at com.google.cloud.datastore.emulator.impl.rules.DefaultEmulatorRulesAuthorizer.checkCommit(DefaultEmulatorRulesAuthorizer.java:114)
	at com.google.cloud.datastore.emulator.impl.firestore.FirestoreEmulatorHelper.commitHelper(FirestoreEmulatorHelper.java:360)
	at com.google.cloud.datastore.emulator.impl.firestore.FirestoreEmulatorHelper.internalCommit(FirestoreEmulatorHelper.java:314)
	at com.google.cloud.datastore.emulator.impl.firestore.CloudFirestoreV1.internalCommit(CloudFirestoreV1.java:1077)
	at com.google.cloud.datastore.emulator.impl.firestore.CloudFirestoreV1.write(CloudFirestoreV1.java:1065)
	at com.google.cloud.datastore.emulator.impl.firestore.CloudFirestoreV1WriteStream.handleRequest(CloudFirestoreV1WriteStream.java:218)
	at com.google.cloud.datastore.emulator.impl.firestore.CloudFirestoreV1WriteStream.write(CloudFirestoreV1WriteStream.java:140)
	at com.google.cloud.datastore.emulator.impl.firestore.CloudFirestoreV1WriteStream.onNext(CloudFirestoreV1WriteStream.java:95)
	at com.google.cloud.datastore.emulator.impl.firestore.CloudFirestoreV1WriteStream.onNext(CloudFirestoreV1WriteStream.java:27)
	at io.grpc.stub.ServerCalls$StreamingServerCallHandler$StreamingServerCallListener.onMessage(ServerCalls.java:262)
	at io.grpc.ForwardingServerCallListener.onMessage(ForwardingServerCallListener.java:33)
	at io.grpc.Contexts$ContextualizedServerCallListener.onMessage(Contexts.java:76)
	at io.grpc.ForwardingServerCallListener.onMessage(ForwardingServerCallListener.java:33)
	at io.grpc.Contexts$ContextualizedServerCallListener.onMessage(Contexts.java:76)
	at io.grpc.internal.ServerCallImpl$ServerStreamListenerImpl.messagesAvailableInternal(ServerCallImpl.java:334)
	at io.grpc.internal.ServerCallImpl$ServerStreamListenerImpl.messagesAvailable(ServerCallImpl.java:319)
	at io.grpc.internal.ServerImpl$JumpToApplicationThreadServerStreamListener$1MessagesAvailable.runInContext(ServerImpl.java:834)
	at io.grpc.internal.ContextRunnable.run(ContextRunnable.java:37)
	at io.grpc.internal.SerializingExecutor.run(SerializingExecutor.java:133)
	at java.base/java.util.concurrent.ThreadPoolExecutor.runWorker(ThreadPoolExecutor.java:1136)
	at java.base/java.util.concurrent.ThreadPoolExecutor$Worker.run(ThreadPoolExecutor.java:635)
	at java.base/java.lang.Thread.run(Thread.java:840)
Caused by: com.google.firebase.rules.runtime.common.EvaluationException: Error: /workspace/firestore.rules line [12], column [14]. Property role is undefined on object.
	at com.google.firebase.rules.runtime.impl.DefaultEvaluator$TransformEvaluationException.apply(DefaultEvaluator.java:275)
	at com.google.firebase.rules.runtime.impl.DefaultEvaluator$TransformEvaluationException.apply(DefaultEvaluator.java:261)
	at com.google.common.util.concurrent.AbstractCatchingFuture$AsyncCatchingFuture.doFallback(AbstractCatchingFuture.java:211)
	at com.google.common.util.concurrent.AbstractCatchingFuture$AsyncCatchingFuture.doFallback(AbstractCatchingFuture.java:198)
	at com.google.common.util.concurrent.AbstractCatchingFuture.run(AbstractCatchingFuture.java:140)
	at com.google.common.util.concurrent.DirectExecutor.execute(DirectExecutor.java:32)
	at com.google.common.util.concurrent.AbstractFuture.executeListener(AbstractFuture.java:1306)
	at com.google.common.util.concurrent.AbstractFuture.addListener(AbstractFuture.java:767)
	at com.google.common.util.concurrent.FluentFuture$TrustedFuture.addListener(FluentFuture.java:122)
	at com.google.common.util.concurrent.AbstractCatchingFuture.createAsync(AbstractCatchingFuture.java:63)
	at com.google.common.util.concurrent.Futures.catchingAsync(Futures.java:413)
	at com.google.firebase.rules.runtime.impl.DefaultEvaluator.evaluate(DefaultEvaluator.java:177)
	at com.google.cloud.datastore.emulator.impl.rules.EmulatorRuleClient$EmulatorRuleEvaluator.evaluate(EmulatorRuleClient.java:88)
	at com.google.cloud.datastore.core.auth.rules.AsyncTwoPhaseRulesAuthorizer.lambda$fullEvaluate$12(AsyncTwoPhaseRulesAuthorizer.java:952)
	at com.google.cloud.datastore.computation.Computation.tryCatch(Computation.java:416)
	at com.google.cloud.datastore.core.auth.rules.AsyncTwoPhaseRulesAuthorizer.fullEvaluate(AsyncTwoPhaseRulesAuthorizer.java:951)
	at com.google.cloud.datastore.core.auth.rules.AsyncTwoPhaseRulesAuthorizer$CommitAuthorizerImpl.lambda$checkWrite$1(AsyncTwoPhaseRulesAuthorizer.java:1192)
	at com.google.cloud.datastore.computation.Computation.lambda$tryClose$27(Computation.java:685)
	at com.google.cloud.datastore.computation.Computation.tryCatch(Computation.java:416)
	at com.google.cloud.datastore.computation.Computation.tryFinally(Computation.java:652)
	at com.google.cloud.datastore.computation.Computation.tryFinally(Computation.java:658)
	at com.google.cloud.datastore.computation.Computation.tryClose(Computation.java:685)
	at com.google.cloud.datastore.core.auth.rules.AsyncTwoPhaseRulesAuthorizer$CommitAuthorizerImpl.checkWrite(AsyncTwoPhaseRulesAuthorizer.java:1161)
	at com.google.cloud.datastore.emulator.impl.rules.DefaultEmulatorRulesAuthorizer.lambda$checkCommit$0(DefaultEmulatorRulesAuthorizer.java:124)
	at com.google.cloud.datastore.emulator.impl.rules.DefaultEmulatorRulesAuthorizer.withVerboseErrors(DefaultEmulatorRulesAuthorizer.java:290)
	... 22 more

 {"metadata":{"emulator":{"name":"firestore"},"message":"Aug 01, 2026 2:49:12 PM com.google.cloud.datastore.emulator.impl.util.WrappedStreamObserver onError\nWARNING: Operation failed: \nProperty role is undefined on object. for 'create' @ L64, Property role is undefined on object. for 'update' @ L65, Property role is undefined on object. for 'create' @ L64\ncom.google.cloud.datastore.core.exception.DatastoreException: \nProperty role is undefined on object. for 'create' @ L64, Property role is undefined on object. for 'update' @ L65, Property role is undefined on object. for 'create' @ L64\n\tat com.google.cloud.datastore.core.exception.DatastoreException$Builder.build(DatastoreException.java:121)\n\tat com.google.cloud.datastore.emulator.impl.rules.DefaultEmulatorRulesAuthorizer.verboseError(DefaultEmulatorRulesAuthorizer.java:318)\n\tat com.google.cloud.datastore.emulator.impl.rules.DefaultEmulatorRulesAuthorizer.withVerboseErrors(DefaultEmulatorRulesAuthorizer.java:295)\n\tat com.google.cloud.datastore.emulator.impl.rules.DefaultEmulatorRulesAuthorizer.checkCommit(DefaultEmulatorRulesAuthorizer.java:114)\n\tat com.google.cloud.datastore.emulator.impl.firestore.FirestoreEmulatorHelper.commitHelper(FirestoreEmulatorHelper.java:360)\n\tat com.google.cloud.datastore.emulator.impl.firestore.FirestoreEmulatorHelper.internalCommit(FirestoreEmulatorHelper.java:314)\n\tat com.google.cloud.datastore.emulator.impl.firestore.CloudFirestoreV1.internalCommit(CloudFirestoreV1.java:1077)\n\tat com.google.cloud.datastore.emulator.impl.firestore.CloudFirestoreV1.write(CloudFirestoreV1.java:1065)\n\tat com.google.cloud.datastore.emulator.impl.firestore.CloudFirestoreV1WriteStream.handleRequest(CloudFirestoreV1WriteStream.java:218)\n\tat com.google.cloud.datastore.emulator.impl.firestore.CloudFirestoreV1WriteStream.write(CloudFirestoreV1WriteStream.java:140)\n\tat com.google.cloud.datastore.emulator.impl.firestore.CloudFirestoreV1WriteStream.onNext(CloudFirestoreV1WriteStream.java:95)\n\tat com.google.cloud.datastore.emulator.impl.firestore.CloudFirestoreV1WriteStream.onNext(CloudFirestoreV1WriteStream.java:27)\n\tat io.grpc.stub.ServerCalls$StreamingServerCallHandler$StreamingServerCallListener.onMessage(ServerCalls.java:262)\n\tat io.grpc.ForwardingServerCallListener.onMessage(ForwardingServerCallListener.java:33)\n\tat io.grpc.Contexts$ContextualizedServerCallListener.onMessage(Contexts.java:76)\n\tat io.grpc.ForwardingServerCallListener.onMessage(ForwardingServerCallListener.java:33)\n\tat io.grpc.Contexts$ContextualizedServerCallListener.onMessage(Contexts.java:76)\n\tat io.grpc.internal.ServerCallImpl$ServerStreamListenerImpl.messagesAvailableInternal(ServerCallImpl.java:334)\n\tat io.grpc.internal.ServerCallImpl$ServerStreamListenerImpl.messagesAvailable(ServerCallImpl.java:319)\n\tat io.grpc.internal.ServerImpl$JumpToApplicationThreadServerStreamListener$1MessagesAvailable.runInContext(ServerImpl.java:834)\n\tat io.grpc.internal.ContextRunnable.run(ContextRunnable.java:37)\n\tat io.grpc.internal.SerializingExecutor.run(SerializingExecutor.java:133)\n\tat java.base/java.util.concurrent.ThreadPoolExecutor.runWorker(ThreadPoolExecutor.java:1136)\n\tat java.base/java.util.concurrent.ThreadPoolExecutor$Worker.run(ThreadPoolExecutor.java:635)\n\tat java.base/java.lang.Thread.run(Thread.java:840)\nCaused by: com.google.firebase.rules.runtime.common.EvaluationException: Error: /workspace/firestore.rules line [12], column [14]. Property role is undefined on object.\n\tat com.google.firebase.rules.runtime.impl.DefaultEvaluator$TransformEvaluationException.apply(DefaultEvaluator.java:275)\n\tat com.google.firebase.rules.runtime.impl.DefaultEvaluator$TransformEvaluationException.apply(DefaultEvaluator.java:261)\n\tat com.google.common.util.concurrent.AbstractCatchingFuture$AsyncCatchingFuture.doFallback(AbstractCatchingFuture.java:211)\n\tat com.google.common.util.concurrent.AbstractCatchingFuture$AsyncCatchingFuture.doFallback(AbstractCatchingFuture.java:198)\n\tat com.google.common.util.concurrent.AbstractCatchingFuture.run(AbstractCatchingFuture.java:140)\n\tat com.google.common.util.concurrent.DirectExecutor.execute(DirectExecutor.java:32)\n\tat com.google.common.util.concurrent.AbstractFuture.executeListener(AbstractFuture.java:1306)\n\tat com.google.common.util.concurrent.AbstractFuture.addListener(AbstractFuture.java:767)\n\tat com.google.common.util.concurrent.FluentFuture$TrustedFuture.addListener(FluentFuture.java:122)\n\tat com.google.common.util.concurrent.AbstractCatchingFuture.createAsync(AbstractCatchingFuture.java:63)\n\tat com.google.common.util.concurrent.Futures.catchingAsync(Futures.java:413)\n\tat com.google.firebase.rules.runtime.impl.DefaultEvaluator.evaluate(DefaultEvaluator.java:177)\n\tat com.google.cloud.datastore.emulator.impl.rules.EmulatorRuleClient$EmulatorRuleEvaluator.evaluate(EmulatorRuleClient.java:88)\n\tat com.google.cloud.datastore.core.auth.rules.AsyncTwoPhaseRulesAuthorizer.lambda$fullEvaluate$12(AsyncTwoPhaseRulesAuthorizer.java:952)\n\tat com.google.cloud.datastore.computation.Computation.tryCatch(Computation.java:416)\n\tat com.google.cloud.datastore.core.auth.rules.AsyncTwoPhaseRulesAuthorizer.fullEvaluate(AsyncTwoPhaseRulesAuthorizer.java:951)\n\tat com.google.cloud.datastore.core.auth.rules.AsyncTwoPhaseRulesAuthorizer$CommitAuthorizerImpl.lambda$checkWrite$1(AsyncTwoPhaseRulesAuthorizer.java:1192)\n\tat com.google.cloud.datastore.computation.Computation.lambda$tryClose$27(Computation.java:685)\n\tat com.google.cloud.datastore.computation.Computation.tryCatch(Computation.java:416)\n\tat com.google.cloud.datastore.computation.Computation.tryFinally(Computation.java:652)\n\tat com.google.cloud.datastore.computation.Computation.tryFinally(Computation.java:658)\n\tat com.google.cloud.datastore.computation.Computation.tryClose(Computation.java:685)\n\tat com.google.cloud.datastore.core.auth.rules.AsyncTwoPhaseRulesAuthorizer$CommitAuthorizerImpl.checkWrite(AsyncTwoPhaseRulesAuthorizer.java:1161)\n\tat com.google.cloud.datastore.emulator.impl.rules.DefaultEmulatorRulesAuthorizer.lambda$checkCommit$0(DefaultEmulatorRulesAuthorizer.java:124)\n\tat com.google.cloud.datastore.emulator.impl.rules.DefaultEmulatorRulesAuthorizer.withVerboseErrors(DefaultEmulatorRulesAuthorizer.java:290)\n\t... 22 more\n\n"}}
[debug] [2026-08-01T14:49:12.951Z] Multiple projectIds are not recommended in single project mode. Requested project ID wildwatch-82abc, but the emulator is configured for demo-wildwatch-local. To opt-out of single project mode add/set the '"singleProjectMode": false' property in the firebase.json emulators config.
 {"metadata":{"emulator":{"name":"firestore"},"message":"Multiple projectIds are not recommended in single project mode. Requested project ID wildwatch-82abc, but the emulator is configured for demo-wildwatch-local. To opt-out of single project mode add/set the '\"singleProjectMode\": false' property in the firebase.json emulators config.\n"}}
[debug] [2026-08-01T14:49:12.999Z] Aug 01, 2026 2:49:12 PM com.google.cloud.datastore.emulator.impl.util.WrappedStreamObserver onError
WARNING: Operation failed: 
Property role is undefined on object. for 'create' @ L64, Property role is undefined on object. for 'update' @ L65, Property role is undefined on object. for 'create' @ L64
com.google.cloud.datastore.core.exception.DatastoreException: 
Property role is undefined on object. for 'create' @ L64, Property role is undefined on object. for 'update' @ L65, Property role is undefined on object. for 'create' @ L64
	at com.google.cloud.datastore.core.exception.DatastoreException$Builder.build(DatastoreException.java:121)
	at com.google.cloud.datastore.emulator.impl.rules.DefaultEmulatorRulesAuthorizer.verboseError(DefaultEmulatorRulesAuthorizer.java:318)
	at com.google.cloud.datastore.emulator.impl.rules.DefaultEmulatorRulesAuthorizer.withVerboseErrors(DefaultEmulatorRulesAuthorizer.java:295)
	at com.google.cloud.datastore.emulator.impl.rules.DefaultEmulatorRulesAuthorizer.checkCommit(DefaultEmulatorRulesAuthorizer.java:114)
	at com.google.cloud.datastore.emulator.impl.firestore.FirestoreEmulatorHelper.commitHelper(FirestoreEmulatorHelper.java:360)
	at com.google.cloud.datastore.emulator.impl.firestore.FirestoreEmulatorHelper.internalCommit(FirestoreEmulatorHelper.java:314)
	at com.google.cloud.datastore.emulator.impl.firestore.CloudFirestoreV1.internalCommit(CloudFirestoreV1.java:1077)
	at com.google.cloud.datastore.emulator.impl.firestore.CloudFirestoreV1.write(CloudFirestoreV1.java:1065)
	at com.google.cloud.datastore.emulator.impl.firestore.CloudFirestoreV1WriteStream.handleRequest(CloudFirestoreV1WriteStream.java:218)
	at com.google.cloud.datastore.emulator.impl.firestore.CloudFirestoreV1WriteStream.write(CloudFirestoreV1WriteStream.java:140)
	at com.google.cloud.datastore.emulator.impl.firestore.CloudFirestoreV1WriteStream.onNext(CloudFirestoreV1WriteStream.java:95)
	at com.google.cloud.datastore.emulator.impl.firestore.CloudFirestoreV1WriteStream.onNext(CloudFirestoreV1WriteStream.java:27)
	at io.grpc.stub.ServerCalls$StreamingServerCallHandler$StreamingServerCallListener.onMessage(ServerCalls.java:262)
	at io.grpc.ForwardingServerCallListener.onMessage(ForwardingServerCallListener.java:33)
	at io.grpc.Contexts$ContextualizedServerCallListener.onMessage(Contexts.java:76)
	at io.grpc.ForwardingServerCallListener.onMessage(ForwardingServerCallListener.java:33)
	at io.grpc.Contexts$ContextualizedServerCallListener.onMessage(Contexts.java:76)
	at io.grpc.internal.ServerCallImpl$ServerStreamListenerImpl.messagesAvailableInternal(ServerCallImpl.java:334)
	at io.grpc.internal.ServerCallImpl$ServerStreamListenerImpl.messagesAvailable(ServerCallImpl.java:319)
	at io.grpc.internal.ServerImpl$JumpToApplicationThreadServerStreamListener$1MessagesAvailable.runInContext(ServerImpl.java:834)
	at io.grpc.internal.ContextRunnable.run(ContextRunnable.java:37)
	at io.grpc.internal.SerializingExecutor.run(SerializingExecutor.java:133)
	at java.base/java.util.concurrent.ThreadPoolExecutor.runWorker(ThreadPoolExecutor.java:1136)
	at java.base/java.util.concurrent.ThreadPoolExecutor$Worker.run(ThreadPoolExecutor.java:635)
	at java.base/java.lang.Thread.run(Thread.java:840)
Caused by: com.google.firebase.rules.runtime.common.EvaluationException: Error: /workspace/firestore.rules line [12], column [14]. Property role is undefined on object.
	at com.google.firebase.rules.runtime.impl.DefaultEvaluator$TransformEvaluationException.apply(DefaultEvaluator.java:275)
	at com.google.firebase.rules.runtime.impl.DefaultEvaluator$TransformEvaluationException.apply(DefaultEvaluator.java:261)
	at com.google.common.util.concurrent.AbstractCatchingFuture$AsyncCatchingFuture.doFallback(AbstractCatchingFuture.java:211)
	at com.google.common.util.concurrent.AbstractCatchingFuture$AsyncCatchingFuture.doFallback(AbstractCatchingFuture.java:198)
	at com.google.common.util.concurrent.AbstractCatchingFuture.run(AbstractCatchingFuture.java:140)
	at com.google.common.util.concurrent.DirectExecutor.execute(DirectExecutor.java:32)
	at com.google.common.util.concurrent.AbstractFuture.executeListener(AbstractFuture.java:1306)
	at com.google.common.util.concurrent.AbstractFuture.addListener(AbstractFuture.java:767)
	at com.google.common.util.concurrent.FluentFuture$TrustedFuture.addListener(FluentFuture.java:122)
	at com.google.common.util.concurrent.AbstractCatchingFuture.createAsync(AbstractCatchingFuture.java:63)
	at com.google.common.util.concurrent.Futures.catchingAsync(Futures.java:413)
	at com.google.firebase.rules.runtime.impl.DefaultEvaluator.evaluate(DefaultEvaluator.java:177)
	at com.google.cloud.datastore.emulator.impl.rules.EmulatorRuleClient$EmulatorRuleEvaluator.evaluate(EmulatorRuleClient.java:88)
	at com.google.cloud.datastore.core.auth.rules.AsyncTwoPhaseRulesAuthorizer.lambda$fullEvaluate$12(AsyncTwoPhaseRulesAuthorizer.java:952)
	at com.google.cloud.datastore.computation.Computation.tryCatch(Computation.java:416)
	at com.google.cloud.datastore.core.auth.rules.AsyncTwoPhaseRulesAuthorizer.fullEvaluate(AsyncTwoPhaseRulesAuthorizer.java:951)
	at com.google.cloud.datastore.core.auth.rules.AsyncTwoPhaseRulesAuthorizer$CommitAuthorizerImpl.lambda$checkWrite$1(AsyncTwoPhaseRulesAuthorizer.java:1192)
	at com.google.cloud.datastore.computation.Computation.lambda$tryClose$27(Computation.java:685)
	at com.google.cloud.datastore.computation.Computation.tryCatch(Computation.java:416)
	at com.google.cloud.datastore.computation.Computation.tryFinally(Computation.java:652)
	at com.google.cloud.datastore.computation.Computation.tryFinally(Computation.java:658)
	at com.google.cloud.datastore.computation.Computation.tryClose(Computation.java:685)
	at com.google.cloud.datastore.core.auth.rules.AsyncTwoPhaseRulesAuthorizer$CommitAuthorizerImpl.checkWrite(AsyncTwoPhaseRulesAuthorizer.java:1161)
	at com.google.cloud.datastore.emulator.impl.rules.DefaultEmulatorRulesAuthorizer.lambda$checkCommit$0(DefaultEmulatorRulesAuthorizer.java:124)
	at com.google.cloud.datastore.emulator.impl.rules.DefaultEmulatorRulesAuthorizer.withVerboseErrors(DefaultEmulatorRulesAuthorizer.java:290)
	... 22 more

 {"metadata":{"emulator":{"name":"firestore"},"message":"Aug 01, 2026 2:49:12 PM com.google.cloud.datastore.emulator.impl.util.WrappedStreamObserver onError\nWARNING: Operation failed: \nProperty role is undefined on object. for 'create' @ L64, Property role is undefined on object. for 'update' @ L65, Property role is undefined on object. for 'create' @ L64\ncom.google.cloud.datastore.core.exception.DatastoreException: \nProperty role is undefined on object. for 'create' @ L64, Property role is undefined on object. for 'update' @ L65, Property role is undefined on object. for 'create' @ L64\n\tat com.google.cloud.datastore.core.exception.DatastoreException$Builder.build(DatastoreException.java:121)\n\tat com.google.cloud.datastore.emulator.impl.rules.DefaultEmulatorRulesAuthorizer.verboseError(DefaultEmulatorRulesAuthorizer.java:318)\n\tat com.google.cloud.datastore.emulator.impl.rules.DefaultEmulatorRulesAuthorizer.withVerboseErrors(DefaultEmulatorRulesAuthorizer.java:295)\n\tat com.google.cloud.datastore.emulator.impl.rules.DefaultEmulatorRulesAuthorizer.checkCommit(DefaultEmulatorRulesAuthorizer.java:114)\n\tat com.google.cloud.datastore.emulator.impl.firestore.FirestoreEmulatorHelper.commitHelper(FirestoreEmulatorHelper.java:360)\n\tat com.google.cloud.datastore.emulator.impl.firestore.FirestoreEmulatorHelper.internalCommit(FirestoreEmulatorHelper.java:314)\n\tat com.google.cloud.datastore.emulator.impl.firestore.CloudFirestoreV1.internalCommit(CloudFirestoreV1.java:1077)\n\tat com.google.cloud.datastore.emulator.impl.firestore.CloudFirestoreV1.write(CloudFirestoreV1.java:1065)\n\tat com.google.cloud.datastore.emulator.impl.firestore.CloudFirestoreV1WriteStream.handleRequest(CloudFirestoreV1WriteStream.java:218)\n\tat com.google.cloud.datastore.emulator.impl.firestore.CloudFirestoreV1WriteStream.write(CloudFirestoreV1WriteStream.java:140)\n\tat com.google.cloud.datastore.emulator.impl.firestore.CloudFirestoreV1WriteStream.onNext(CloudFirestoreV1WriteStream.java:95)\n\tat com.google.cloud.datastore.emulator.impl.firestore.CloudFirestoreV1WriteStream.onNext(CloudFirestoreV1WriteStream.java:27)\n\tat io.grpc.stub.ServerCalls$StreamingServerCallHandler$StreamingServerCallListener.onMessage(ServerCalls.java:262)\n\tat io.grpc.ForwardingServerCallListener.onMessage(ForwardingServerCallListener.java:33)\n\tat io.grpc.Contexts$ContextualizedServerCallListener.onMessage(Contexts.java:76)\n\tat io.grpc.ForwardingServerCallListener.onMessage(ForwardingServerCallListener.java:33)\n\tat io.grpc.Contexts$ContextualizedServerCallListener.onMessage(Contexts.java:76)\n\tat io.grpc.internal.ServerCallImpl$ServerStreamListenerImpl.messagesAvailableInternal(ServerCallImpl.java:334)\n\tat io.grpc.internal.ServerCallImpl$ServerStreamListenerImpl.messagesAvailable(ServerCallImpl.java:319)\n\tat io.grpc.internal.ServerImpl$JumpToApplicationThreadServerStreamListener$1MessagesAvailable.runInContext(ServerImpl.java:834)\n\tat io.grpc.internal.ContextRunnable.run(ContextRunnable.java:37)\n\tat io.grpc.internal.SerializingExecutor.run(SerializingExecutor.java:133)\n\tat java.base/java.util.concurrent.ThreadPoolExecutor.runWorker(ThreadPoolExecutor.java:1136)\n\tat java.base/java.util.concurrent.ThreadPoolExecutor$Worker.run(ThreadPoolExecutor.java:635)\n\tat java.base/java.lang.Thread.run(Thread.java:840)\nCaused by: com.google.firebase.rules.runtime.common.EvaluationException: Error: /workspace/firestore.rules line [12], column [14]. Property role is undefined on object.\n\tat com.google.firebase.rules.runtime.impl.DefaultEvaluator$TransformEvaluationException.apply(DefaultEvaluator.java:275)\n\tat com.google.firebase.rules.runtime.impl.DefaultEvaluator$TransformEvaluationException.apply(DefaultEvaluator.java:261)\n\tat com.google.common.util.concurrent.AbstractCatchingFuture$AsyncCatchingFuture.doFallback(AbstractCatchingFuture.java:211)\n\tat com.google.common.util.concurrent.AbstractCatchingFuture$AsyncCatchingFuture.doFallback(AbstractCatchingFuture.java:198)\n\tat com.google.common.util.concurrent.AbstractCatchingFuture.run(AbstractCatchingFuture.java:140)\n\tat com.google.common.util.concurrent.DirectExecutor.execute(DirectExecutor.java:32)\n\tat com.google.common.util.concurrent.AbstractFuture.executeListener(AbstractFuture.java:1306)\n\tat com.google.common.util.concurrent.AbstractFuture.addListener(AbstractFuture.java:767)\n\tat com.google.common.util.concurrent.FluentFuture$TrustedFuture.addListener(FluentFuture.java:122)\n\tat com.google.common.util.concurrent.AbstractCatchingFuture.createAsync(AbstractCatchingFuture.java:63)\n\tat com.google.common.util.concurrent.Futures.catchingAsync(Futures.java:413)\n\tat com.google.firebase.rules.runtime.impl.DefaultEvaluator.evaluate(DefaultEvaluator.java:177)\n\tat com.google.cloud.datastore.emulator.impl.rules.EmulatorRuleClient$EmulatorRuleEvaluator.evaluate(EmulatorRuleClient.java:88)\n\tat com.google.cloud.datastore.core.auth.rules.AsyncTwoPhaseRulesAuthorizer.lambda$fullEvaluate$12(AsyncTwoPhaseRulesAuthorizer.java:952)\n\tat com.google.cloud.datastore.computation.Computation.tryCatch(Computation.java:416)\n\tat com.google.cloud.datastore.core.auth.rules.AsyncTwoPhaseRulesAuthorizer.fullEvaluate(AsyncTwoPhaseRulesAuthorizer.java:951)\n\tat com.google.cloud.datastore.core.auth.rules.AsyncTwoPhaseRulesAuthorizer$CommitAuthorizerImpl.lambda$checkWrite$1(AsyncTwoPhaseRulesAuthorizer.java:1192)\n\tat com.google.cloud.datastore.computation.Computation.lambda$tryClose$27(Computation.java:685)\n\tat com.google.cloud.datastore.computation.Computation.tryCatch(Computation.java:416)\n\tat com.google.cloud.datastore.computation.Computation.tryFinally(Computation.java:652)\n\tat com.google.cloud.datastore.computation.Computation.tryFinally(Computation.java:658)\n\tat com.google.cloud.datastore.computation.Computation.tryClose(Computation.java:685)\n\tat com.google.cloud.datastore.core.auth.rules.AsyncTwoPhaseRulesAuthorizer$CommitAuthorizerImpl.checkWrite(AsyncTwoPhaseRulesAuthorizer.java:1161)\n\tat com.google.cloud.datastore.emulator.impl.rules.DefaultEmulatorRulesAuthorizer.lambda$checkCommit$0(DefaultEmulatorRulesAuthorizer.java:124)\n\tat com.google.cloud.datastore.emulator.impl.rules.DefaultEmulatorRulesAuthorizer.withVerboseErrors(DefaultEmulatorRulesAuthorizer.java:290)\n\t... 22 more\n\n"}}
[debug] [2026-08-01T14:49:13.052Z] Multiple projectIds are not recommended in single project mode. Requested project ID wildwatch-82abc, but the emulator is configured for demo-wildwatch-local. To opt-out of single project mode add/set the '"singleProjectMode": false' property in the firebase.json emulators config.
 {"metadata":{"emulator":{"name":"firestore"},"message":"Multiple projectIds are not recommended in single project mode. Requested project ID wildwatch-82abc, but the emulator is configured for demo-wildwatch-local. To opt-out of single project mode add/set the '\"singleProjectMode\": false' property in the firebase.json emulators config.\n"}}
[debug] [2026-08-01T14:49:13.083Z] Aug 01, 2026 2:49:13 PM com.google.cloud.datastore.emulator.impl.util.WrappedStreamObserver onError
WARNING: Operation failed: 
Property role is undefined on object. for 'create' @ L64, Property role is undefined on object. for 'update' @ L65, Property role is undefined on object. for 'create' @ L64
com.google.cloud.datastore.core.exception.DatastoreException: 
Property role is undefined on object. for 'create' @ L64, Property role is undefined on object. for 'update' @ L65, Property role is undefined on object. for 'create' @ L64
	at com.google.cloud.datastore.core.exception.DatastoreException$Builder.build(DatastoreException.java:121)
	at com.google.cloud.datastore.emulator.impl.rules.DefaultEmulatorRulesAuthorizer.verboseError(DefaultEmulatorRulesAuthorizer.java:318)
	at com.google.cloud.datastore.emulator.impl.rules.DefaultEmulatorRulesAuthorizer.withVerboseErrors(DefaultEmulatorRulesAuthorizer.java:295)
	at com.google.cloud.datastore.emulator.impl.rules.DefaultEmulatorRulesAuthorizer.checkCommit(DefaultEmulatorRulesAuthorizer.java:114)
	at com.google.cloud.datastore.emulator.impl.firestore.FirestoreEmulatorHelper.commitHelper(FirestoreEmulatorHelper.java:360)
	at com.google.cloud.datastore.emulator.impl.firestore.FirestoreEmulatorHelper.internalCommit(FirestoreEmulatorHelper.java:314)
	at com.google.cloud.datastore.emulator.impl.firestore.CloudFirestoreV1.internalCommit(CloudFirestoreV1.java:1077)
	at com.google.cloud.datastore.emulator.impl.firestore.CloudFirestoreV1.write(CloudFirestoreV1.java:1065)
	at com.google.cloud.datastore.emulator.impl.firestore.CloudFirestoreV1WriteStream.handleRequest(CloudFirestoreV1WriteStream.java:218)
	at com.google.cloud.datastore.emulator.impl.firestore.CloudFirestoreV1WriteStream.write(CloudFirestoreV1WriteStream.java:140)
	at com.google.cloud.datastore.emulator.impl.firestore.CloudFirestoreV1WriteStream.onNext(CloudFirestoreV1WriteStream.java:95)
	at com.google.cloud.datastore.emulator.impl.firestore.CloudFirestoreV1WriteStream.onNext(CloudFirestoreV1WriteStream.java:27)
	at io.grpc.stub.ServerCalls$StreamingServerCallHandler$StreamingServerCallListener.onMessage(ServerCalls.java:262)
	at io.grpc.ForwardingServerCallListener.onMessage(ForwardingServerCallListener.java:33)
	at io.grpc.Contexts$ContextualizedServerCallListener.onMessage(Contexts.java:76)
	at io.grpc.ForwardingServerCallListener.onMessage(ForwardingServerCallListener.java:33)
	at io.grpc.Contexts$ContextualizedServerCallListener.onMessage(Contexts.java:76)
	at io.grpc.internal.ServerCallImpl$ServerStreamListenerImpl.messagesAvailableInternal(ServerCallImpl.java:334)
	at io.grpc.internal.ServerCallImpl$ServerStreamListenerImpl.messagesAvailable(ServerCallImpl.java:319)
	at io.grpc.internal.ServerImpl$JumpToApplicationThreadServerStreamListener$1MessagesAvailable.runInContext(ServerImpl.java:834)
	at io.grpc.internal.ContextRunnable.run(ContextRunnable.java:37)
	at io.grpc.internal.SerializingExecutor.run(SerializingExecutor.java:133)
	at java.base/java.util.concurrent.ThreadPoolExecutor.runWorker(ThreadPoolExecutor.java:1136)
	at java.base/java.util.concurrent.ThreadPoolExecutor$Worker.run(ThreadPoolExecutor.java:635)
	at java.base/java.lang.Thread.run(Thread.java:840)
Caused by: com.google.firebase.rules.runtime.common.EvaluationException: Error: /workspace/firestore.rules line [12], column [14]. Property role is undefined on object.
	at com.google.firebase.rules.runtime.impl.DefaultEvaluator$TransformEvaluationException.apply(DefaultEvaluator.java:275)
	at com.google.firebase.rules.runtime.impl.DefaultEvaluator$TransformEvaluationException.apply(DefaultEvaluator.java:261)
	at com.google.common.util.concurrent.AbstractCatchingFuture$AsyncCatchingFuture.doFallback(AbstractCatchingFuture.java:211)
	at com.google.common.util.concurrent.AbstractCatchingFuture$AsyncCatchingFuture.doFallback(AbstractCatchingFuture.java:198)
	at com.google.common.util.concurrent.AbstractCatchingFuture.run(AbstractCatchingFuture.java:140)
	at com.google.common.util.concurrent.DirectExecutor.execute(DirectExecutor.java:32)
	at com.google.common.util.concurrent.AbstractFuture.executeListener(AbstractFuture.java:1306)
	at com.google.common.util.concurrent.AbstractFuture.addListener(AbstractFuture.java:767)
	at com.google.common.util.concurrent.FluentFuture$TrustedFuture.addListener(FluentFuture.java:122)
	at com.google.common.util.concurrent.AbstractCatchingFuture.createAsync(AbstractCatchingFuture.java:63)
	at com.google.common.util.concurrent.Futures.catchingAsync(Futures.java:413)
	at com.google.firebase.rules.runtime.impl.DefaultEvaluator.evaluate(DefaultEvaluator.java:177)
	at com.google.cloud.datastore.emulator.impl.rules.EmulatorRuleClient$EmulatorRuleEvaluator.evaluate(EmulatorRuleClient.java:88)
	at com.google.cloud.datastore.core.auth.rules.AsyncTwoPhaseRulesAuthorizer.lambda$fullEvaluate$12(AsyncTwoPhaseRulesAuthorizer.java:952)
	at com.google.cloud.datastore.computation.Computation.tryCatch(Computation.java:416)
	at com.google.cloud.datastore.core.auth.rules.AsyncTwoPhaseRulesAuthorizer.fullEvaluate(AsyncTwoPhaseRulesAuthorizer.java:951)
	at com.google.cloud.datastore.core.auth.rules.AsyncTwoPhaseRulesAuthorizer$CommitAuthorizerImpl.lambda$checkWrite$1(AsyncTwoPhaseRulesAuthorizer.java:1192)
	at com.google.cloud.datastore.computation.Computation.lambda$tryClose$27(Computation.java:685)
	at com.google.cloud.datastore.computation.Computation.tryCatch(Computation.java:416)
	at com.google.cloud.datastore.computation.Computation.tryFinally(Computation.java:652)
	at com.google.cloud.datastore.computation.Computation.tryFinally(Computation.java:658)
	at com.google.cloud.datastore.computation.Computation.tryClose(Computation.java:685)
	at com.google.cloud.datastore.core.auth.rules.AsyncTwoPhaseRulesAuthorizer$CommitAuthorizerImpl.checkWrite(AsyncTwoPhaseRulesAuthorizer.java:1161)
	at com.google.cloud.datastore.emulator.impl.rules.DefaultEmulatorRulesAuthorizer.lambda$checkCommit$0(DefaultEmulatorRulesAuthorizer.java:124)
	at com.google.cloud.datastore.emulator.impl.rules.DefaultEmulatorRulesAuthorizer.withVerboseErrors(DefaultEmulatorRulesAuthorizer.java:290)
	... 22 more

 {"metadata":{"emulator":{"name":"firestore"},"message":"Aug 01, 2026 2:49:13 PM com.google.cloud.datastore.emulator.impl.util.WrappedStreamObserver onError\nWARNING: Operation failed: \nProperty role is undefined on object. for 'create' @ L64, Property role is undefined on object. for 'update' @ L65, Property role is undefined on object. for 'create' @ L64\ncom.google.cloud.datastore.core.exception.DatastoreException: \nProperty role is undefined on object. for 'create' @ L64, Property role is undefined on object. for 'update' @ L65, Property role is undefined on object. for 'create' @ L64\n\tat com.google.cloud.datastore.core.exception.DatastoreException$Builder.build(DatastoreException.java:121)\n\tat com.google.cloud.datastore.emulator.impl.rules.DefaultEmulatorRulesAuthorizer.verboseError(DefaultEmulatorRulesAuthorizer.java:318)\n\tat com.google.cloud.datastore.emulator.impl.rules.DefaultEmulatorRulesAuthorizer.withVerboseErrors(DefaultEmulatorRulesAuthorizer.java:295)\n\tat com.google.cloud.datastore.emulator.impl.rules.DefaultEmulatorRulesAuthorizer.checkCommit(DefaultEmulatorRulesAuthorizer.java:114)\n\tat com.google.cloud.datastore.emulator.impl.firestore.FirestoreEmulatorHelper.commitHelper(FirestoreEmulatorHelper.java:360)\n\tat com.google.cloud.datastore.emulator.impl.firestore.FirestoreEmulatorHelper.internalCommit(FirestoreEmulatorHelper.java:314)\n\tat com.google.cloud.datastore.emulator.impl.firestore.CloudFirestoreV1.internalCommit(CloudFirestoreV1.java:1077)\n\tat com.google.cloud.datastore.emulator.impl.firestore.CloudFirestoreV1.write(CloudFirestoreV1.java:1065)\n\tat com.google.cloud.datastore.emulator.impl.firestore.CloudFirestoreV1WriteStream.handleRequest(CloudFirestoreV1WriteStream.java:218)\n\tat com.google.cloud.datastore.emulator.impl.firestore.CloudFirestoreV1WriteStream.write(CloudFirestoreV1WriteStream.java:140)\n\tat com.google.cloud.datastore.emulator.impl.firestore.CloudFirestoreV1WriteStream.onNext(CloudFirestoreV1WriteStream.java:95)\n\tat com.google.cloud.datastore.emulator.impl.firestore.CloudFirestoreV1WriteStream.onNext(CloudFirestoreV1WriteStream.java:27)\n\tat io.grpc.stub.ServerCalls$StreamingServerCallHandler$StreamingServerCallListener.onMessage(ServerCalls.java:262)\n\tat io.grpc.ForwardingServerCallListener.onMessage(ForwardingServerCallListener.java:33)\n\tat io.grpc.Contexts$ContextualizedServerCallListener.onMessage(Contexts.java:76)\n\tat io.grpc.ForwardingServerCallListener.onMessage(ForwardingServerCallListener.java:33)\n\tat io.grpc.Contexts$ContextualizedServerCallListener.onMessage(Contexts.java:76)\n\tat io.grpc.internal.ServerCallImpl$ServerStreamListenerImpl.messagesAvailableInternal(ServerCallImpl.java:334)\n\tat io.grpc.internal.ServerCallImpl$ServerStreamListenerImpl.messagesAvailable(ServerCallImpl.java:319)\n\tat io.grpc.internal.ServerImpl$JumpToApplicationThreadServerStreamListener$1MessagesAvailable.runInContext(ServerImpl.java:834)\n\tat io.grpc.internal.ContextRunnable.run(ContextRunnable.java:37)\n\tat io.grpc.internal.SerializingExecutor.run(SerializingExecutor.java:133)\n\tat java.base/java.util.concurrent.ThreadPoolExecutor.runWorker(ThreadPoolExecutor.java:1136)\n\tat java.base/java.util.concurrent.ThreadPoolExecutor$Worker.run(ThreadPoolExecutor.java:635)\n\tat java.base/java.lang.Thread.run(Thread.java:840)\nCaused by: com.google.firebase.rules.runtime.common.EvaluationException: Error: /workspace/firestore.rules line [12], column [14]. Property role is undefined on object.\n\tat com.google.firebase.rules.runtime.impl.DefaultEvaluator$TransformEvaluationException.apply(DefaultEvaluator.java:275)\n\tat com.google.firebase.rules.runtime.impl.DefaultEvaluator$TransformEvaluationException.apply(DefaultEvaluator.java:261)\n\tat com.google.common.util.concurrent.AbstractCatchingFuture$AsyncCatchingFuture.doFallback(AbstractCatchingFuture.java:211)\n\tat com.google.common.util.concurrent.AbstractCatchingFuture$AsyncCatchingFuture.doFallback(AbstractCatchingFuture.java:198)\n\tat com.google.common.util.concurrent.AbstractCatchingFuture.run(AbstractCatchingFuture.java:140)\n\tat com.google.common.util.concurrent.DirectExecutor.execute(DirectExecutor.java:32)\n\tat com.google.common.util.concurrent.AbstractFuture.executeListener(AbstractFuture.java:1306)\n\tat com.google.common.util.concurrent.AbstractFuture.addListener(AbstractFuture.java:767)\n\tat com.google.common.util.concurrent.FluentFuture$TrustedFuture.addListener(FluentFuture.java:122)\n\tat com.google.common.util.concurrent.AbstractCatchingFuture.createAsync(AbstractCatchingFuture.java:63)\n\tat com.google.common.util.concurrent.Futures.catchingAsync(Futures.java:413)\n\tat com.google.firebase.rules.runtime.impl.DefaultEvaluator.evaluate(DefaultEvaluator.java:177)\n\tat com.google.cloud.datastore.emulator.impl.rules.EmulatorRuleClient$EmulatorRuleEvaluator.evaluate(EmulatorRuleClient.java:88)\n\tat com.google.cloud.datastore.core.auth.rules.AsyncTwoPhaseRulesAuthorizer.lambda$fullEvaluate$12(AsyncTwoPhaseRulesAuthorizer.java:952)\n\tat com.google.cloud.datastore.computation.Computation.tryCatch(Computation.java:416)\n\tat com.google.cloud.datastore.core.auth.rules.AsyncTwoPhaseRulesAuthorizer.fullEvaluate(AsyncTwoPhaseRulesAuthorizer.java:951)\n\tat com.google.cloud.datastore.core.auth.rules.AsyncTwoPhaseRulesAuthorizer$CommitAuthorizerImpl.lambda$checkWrite$1(AsyncTwoPhaseRulesAuthorizer.java:1192)\n\tat com.google.cloud.datastore.computation.Computation.lambda$tryClose$27(Computation.java:685)\n\tat com.google.cloud.datastore.computation.Computation.tryCatch(Computation.java:416)\n\tat com.google.cloud.datastore.computation.Computation.tryFinally(Computation.java:652)\n\tat com.google.cloud.datastore.computation.Computation.tryFinally(Computation.java:658)\n\tat com.google.cloud.datastore.computation.Computation.tryClose(Computation.java:685)\n\tat com.google.cloud.datastore.core.auth.rules.AsyncTwoPhaseRulesAuthorizer$CommitAuthorizerImpl.checkWrite(AsyncTwoPhaseRulesAuthorizer.java:1161)\n\tat com.google.cloud.datastore.emulator.impl.rules.DefaultEmulatorRulesAuthorizer.lambda$checkCommit$0(DefaultEmulatorRulesAuthorizer.java:124)\n\tat com.google.cloud.datastore.emulator.impl.rules.DefaultEmulatorRulesAuthorizer.withVerboseErrors(DefaultEmulatorRulesAuthorizer.java:290)\n\t... 22 more\n\n"}}
[debug] [2026-08-01T14:49:19.679Z] Multiple projectIds are not recommended in single project mode. Requested project ID wildwatch-82abc, but the emulator is configured for demo-wildwatch-local. To opt-out of single project mode add/set the '"singleProjectMode": false' property in the firebase.json emulators config.
 {"metadata":{"emulator":{"name":"firestore"},"message":"Multiple projectIds are not recommended in single project mode. Requested project ID wildwatch-82abc, but the emulator is configured for demo-wildwatch-local. To opt-out of single project mode add/set the '\"singleProjectMode\": false' property in the firebase.json emulators config.\n"}}
[debug] [2026-08-01T14:49:59.666Z] Multiple projectIds are not recommended in single project mode. Requested project ID wildwatch-82abc, but the emulator is configured for demo-wildwatch-local. To opt-out of single project mode add/set the '"singleProjectMode": false' property in the firebase.json emulators config.
 {"metadata":{"emulator":{"name":"firestore"},"message":"Multiple projectIds are not recommended in single project mode. Requested project ID wildwatch-82abc, but the emulator is configured for demo-wildwatch-local. To opt-out of single project mode add/set the '\"singleProjectMode\": false' property in the firebase.json emulators config.\n"}}
[debug] [2026-08-01T14:52:01.315Z] Multiple projectIds are not recommended in single project mode. Requested project ID wildwatch-82abc, but the emulator is configured for demo-wildwatch-local. To opt-out of single project mode add/set the '"singleProjectMode": false' property in the firebase.json emulators config.
 {"metadata":{"emulator":{"name":"firestore"},"message":"Multiple projectIds are not recommended in single project mode. Requested project ID wildwatch-82abc, but the emulator is configured for demo-wildwatch-local. To opt-out of single project mode add/set the '\"singleProjectMode\": false' property in the firebase.json emulators config.\n"}}
[debug] [2026-08-01T14:54:14.298Z] Aug 01, 2026 2:54:14 PM io.gapi.emulators.netty.HttpVersionRoutingHandler channelRead
INFO: Detected HTTP/2 connection.
 {"metadata":{"emulator":{"name":"firestore"},"message":"Aug 01, 2026 2:54:14 PM io.gapi.emulators.netty.HttpVersionRoutingHandler channelRead\nINFO: Detected HTTP/2 connection.\n"}}
[debug] [2026-08-01T14:54:14.791Z] Multiple projectIds are not recommended in single project mode. Requested project ID wildwatch-82abc, but the emulator is configured for demo-wildwatch-local. To opt-out of single project mode add/set the '"singleProjectMode": false' property in the firebase.json emulators config.
 {"metadata":{"emulator":{"name":"firestore"},"message":"Multiple projectIds are not recommended in single project mode. Requested project ID wildwatch-82abc, but the emulator is configured for demo-wildwatch-local. To opt-out of single project mode add/set the '\"singleProjectMode\": false' property in the firebase.json emulators config.\n"}}
[debug] [2026-08-01T14:55:45.541Z] Aug 01, 2026 2:55:45 PM io.gapi.emulators.netty.HttpVersionRoutingHandler channelRead
INFO: Detected HTTP/2 connection.
 {"metadata":{"emulator":{"name":"firestore"},"message":"Aug 01, 2026 2:55:45 PM io.gapi.emulators.netty.HttpVersionRoutingHandler channelRead\nINFO: Detected HTTP/2 connection.\n"}}
[debug] [2026-08-01T14:55:46.046Z] Multiple projectIds are not recommended in single project mode. Requested project ID wildwatch-82abc, but the emulator is configured for demo-wildwatch-local. To opt-out of single project mode add/set the '"singleProjectMode": false' property in the firebase.json emulators config.
 {"metadata":{"emulator":{"name":"firestore"},"message":"Multiple projectIds are not recommended in single project mode. Requested project ID wildwatch-82abc, but the emulator is configured for demo-wildwatch-local. To opt-out of single project mode add/set the '\"singleProjectMode\": false' property in the firebase.json emulators config.\n"}}
[debug] [2026-08-01T14:58:46.587Z] Aug 01, 2026 2:58:46 PM io.gapi.emulators.netty.HttpVersionRoutingHandler channelRead
INFO: Detected HTTP/2 connection.
 {"metadata":{"emulator":{"name":"firestore"},"message":"Aug 01, 2026 2:58:46 PM io.gapi.emulators.netty.HttpVersionRoutingHandler channelRead\nINFO: Detected HTTP/2 connection.\n"}}
[debug] [2026-08-01T14:58:47.090Z] Multiple projectIds are not recommended in single project mode. Requested project ID wildwatch-82abc, but the emulator is configured for demo-wildwatch-local. To opt-out of single project mode add/set the '"singleProjectMode": false' property in the firebase.json emulators config.
 {"metadata":{"emulator":{"name":"firestore"},"message":"Multiple projectIds are not recommended in single project mode. Requested project ID wildwatch-82abc, but the emulator is configured for demo-wildwatch-local. To opt-out of single project mode add/set the '\"singleProjectMode\": false' property in the firebase.json emulators config.\n"}}
[debug] [2026-08-01T14:59:27.788Z] Aug 01, 2026 2:59:27 PM io.gapi.emulators.netty.HttpVersionRoutingHandler channelRead
INFO: Detected HTTP/2 connection.
 {"metadata":{"emulator":{"name":"firestore"},"message":"Aug 01, 2026 2:59:27 PM io.gapi.emulators.netty.HttpVersionRoutingHandler channelRead\nINFO: Detected HTTP/2 connection.\n"}}
[debug] [2026-08-01T14:59:28.265Z] Multiple projectIds are not recommended in single project mode. Requested project ID wildwatch-82abc, but the emulator is configured for demo-wildwatch-local. To opt-out of single project mode add/set the '"singleProjectMode": false' property in the firebase.json emulators config.
 {"metadata":{"emulator":{"name":"firestore"},"message":"Multiple projectIds are not recommended in single project mode. Requested project ID wildwatch-82abc, but the emulator is configured for demo-wildwatch-local. To opt-out of single project mode add/set the '\"singleProjectMode\": false' property in the firebase.json emulators config.\n"}}
[debug] [2026-08-01T15:00:59.116Z] Aug 01, 2026 3:00:59 PM io.gapi.emulators.netty.HttpVersionRoutingHandler channelRead
INFO: Detected HTTP/2 connection.
 {"metadata":{"emulator":{"name":"firestore"},"message":"Aug 01, 2026 3:00:59 PM io.gapi.emulators.netty.HttpVersionRoutingHandler channelRead\nINFO: Detected HTTP/2 connection.\n"}}
[debug] [2026-08-01T15:00:59.624Z] Multiple projectIds are not recommended in single project mode. Requested project ID wildwatch-82abc, but the emulator is configured for demo-wildwatch-local. To opt-out of single project mode add/set the '"singleProjectMode": false' property in the firebase.json emulators config.
 {"metadata":{"emulator":{"name":"firestore"},"message":"Multiple projectIds are not recommended in single project mode. Requested project ID wildwatch-82abc, but the emulator is configured for demo-wildwatch-local. To opt-out of single project mode add/set the '\"singleProjectMode\": false' property in the firebase.json emulators config.\n"}}
[debug] [2026-08-01T15:04:00.390Z] Aug 01, 2026 3:04:00 PM io.gapi.emulators.netty.HttpVersionRoutingHandler channelRead
INFO: Detected HTTP/2 connection.
 {"metadata":{"emulator":{"name":"firestore"},"message":"Aug 01, 2026 3:04:00 PM io.gapi.emulators.netty.HttpVersionRoutingHandler channelRead\nINFO: Detected HTTP/2 connection.\n"}}
[debug] [2026-08-01T15:04:00.822Z] Multiple projectIds are not recommended in single project mode. Requested project ID wildwatch-82abc, but the emulator is configured for demo-wildwatch-local. To opt-out of single project mode add/set the '"singleProjectMode": false' property in the firebase.json emulators config.
 {"metadata":{"emulator":{"name":"firestore"},"message":"Multiple projectIds are not recommended in single project mode. Requested project ID wildwatch-82abc, but the emulator is configured for demo-wildwatch-local. To opt-out of single project mode add/set the '\"singleProjectMode\": false' property in the firebase.json emulators config.\n"}}
[debug] [2026-08-01T15:12:01.532Z] Aug 01, 2026 3:12:01 PM io.gapi.emulators.netty.HttpVersionRoutingHandler channelRead
INFO: Detected HTTP/2 connection.
 {"metadata":{"emulator":{"name":"firestore"},"message":"Aug 01, 2026 3:12:01 PM io.gapi.emulators.netty.HttpVersionRoutingHandler channelRead\nINFO: Detected HTTP/2 connection.\n"}}
[debug] [2026-08-01T15:12:02.075Z] Multiple projectIds are not recommended in single project mode. Requested project ID wildwatch-82abc, but the emulator is configured for demo-wildwatch-local. To opt-out of single project mode add/set the '"singleProjectMode": false' property in the firebase.json emulators config.
 {"metadata":{"emulator":{"name":"firestore"},"message":"Multiple projectIds are not recommended in single project mode. Requested project ID wildwatch-82abc, but the emulator is configured for demo-wildwatch-local. To opt-out of single project mode add/set the '\"singleProjectMode\": false' property in the firebase.json emulators config.\n"}}
[debug] [2026-08-01T15:16:15.774Z] Aug 01, 2026 3:16:15 PM io.gapi.emulators.netty.HttpVersionRoutingHandler channelRead
INFO: Detected non-HTTP/2 connection.
 {"metadata":{"emulator":{"name":"firestore"},"message":"Aug 01, 2026 3:16:15 PM io.gapi.emulators.netty.HttpVersionRoutingHandler channelRead\nINFO: Detected non-HTTP/2 connection.\n"}}
[debug] [2026-08-01T15:16:15.791Z] Aug 01, 2026 3:16:15 PM io.gapi.emulators.netty.HttpVersionRoutingHandler channelRead
INFO: Detected non-HTTP/2 connection.
 {"metadata":{"emulator":{"name":"firestore"},"message":"Aug 01, 2026 3:16:15 PM io.gapi.emulators.netty.HttpVersionRoutingHandler channelRead\nINFO: Detected non-HTTP/2 connection.\n"}}
[debug] [2026-08-01T15:16:16.126Z] Aug 01, 2026 3:16:16 PM io.gapi.emulators.netty.HttpVersionRoutingHandler channelRead
INFO: Detected HTTP/2 connection.
 {"metadata":{"emulator":{"name":"firestore"},"message":"Aug 01, 2026 3:16:16 PM io.gapi.emulators.netty.HttpVersionRoutingHandler channelRead\nINFO: Detected HTTP/2 connection.\n"}}
[debug] [2026-08-01T15:16:16.316Z] Aug 01, 2026 3:16:16 PM io.gapi.emulators.netty.HttpVersionRoutingHandler channelRead
INFO: Detected non-HTTP/2 connection.
 {"metadata":{"emulator":{"name":"firestore"},"message":"Aug 01, 2026 3:16:16 PM io.gapi.emulators.netty.HttpVersionRoutingHandler channelRead\nINFO: Detected non-HTTP/2 connection.\n"}}
[debug] [2026-08-01T15:16:18.244Z] Aug 01, 2026 3:16:18 PM io.gapi.emulators.netty.HttpVersionRoutingHandler channelRead
INFO: Detected non-HTTP/2 connection.
 {"metadata":{"emulator":{"name":"firestore"},"message":"Aug 01, 2026 3:16:18 PM io.gapi.emulators.netty.HttpVersionRoutingHandler channelRead\nINFO: Detected non-HTTP/2 connection.\n"}}
[debug] [2026-08-01T15:16:32.790Z] Aug 01, 2026 3:16:32 PM io.gapi.emulators.netty.HttpVersionRoutingHandler channelRead
INFO: Detected non-HTTP/2 connection.
 {"metadata":{"emulator":{"name":"firestore"},"message":"Aug 01, 2026 3:16:32 PM io.gapi.emulators.netty.HttpVersionRoutingHandler channelRead\nINFO: Detected non-HTTP/2 connection.\n"}}
[debug] [2026-08-01T15:16:32.791Z] Aug 01, 2026 3:16:32 PM io.gapi.emulators.netty.HttpVersionRoutingHandler channelRead
INFO: Detected non-HTTP/2 connection.
 {"metadata":{"emulator":{"name":"firestore"},"message":"Aug 01, 2026 3:16:32 PM io.gapi.emulators.netty.HttpVersionRoutingHandler channelRead\nINFO: Detected non-HTTP/2 connection.\n"}}
[debug] [2026-08-01T15:17:34.878Z] Aug 01, 2026 3:17:34 PM io.gapi.emulators.netty.HttpVersionRoutingHandler channelRead
INFO: Detected non-HTTP/2 connection.
 {"metadata":{"emulator":{"name":"firestore"},"message":"Aug 01, 2026 3:17:34 PM io.gapi.emulators.netty.HttpVersionRoutingHandler channelRead\nINFO: Detected non-HTTP/2 connection.\n"}}
[debug] [2026-08-01T15:17:57.771Z] Aug 01, 2026 3:17:57 PM io.gapi.emulators.netty.HttpVersionRoutingHandler channelRead
INFO: Detected non-HTTP/2 connection.
 {"metadata":{"emulator":{"name":"firestore"},"message":"Aug 01, 2026 3:17:57 PM io.gapi.emulators.netty.HttpVersionRoutingHandler channelRead\nINFO: Detected non-HTTP/2 connection.\n"}}
[debug] [2026-08-01T15:17:58.912Z] Aug 01, 2026 3:17:58 PM io.gapi.emulators.netty.HttpVersionRoutingHandler channelRead
INFO: Detected non-HTTP/2 connection.
 {"metadata":{"emulator":{"name":"firestore"},"message":"Aug 01, 2026 3:17:58 PM io.gapi.emulators.netty.HttpVersionRoutingHandler channelRead\nINFO: Detected non-HTTP/2 connection.\n"}}
[debug] [2026-08-01T15:18:29.288Z] Aug 01, 2026 3:18:29 PM io.gapi.emulators.netty.HttpVersionRoutingHandler channelRead
INFO: Detected non-HTTP/2 connection.
 {"metadata":{"emulator":{"name":"firestore"},"message":"Aug 01, 2026 3:18:29 PM io.gapi.emulators.netty.HttpVersionRoutingHandler channelRead\nINFO: Detected non-HTTP/2 connection.\n"}}
[debug] [2026-08-01T15:19:14.401Z] Aug 01, 2026 3:19:14 PM io.gapi.emulators.netty.HttpVersionRoutingHandler channelRead
INFO: Detected non-HTTP/2 connection.
 {"metadata":{"emulator":{"name":"firestore"},"message":"Aug 01, 2026 3:19:14 PM io.gapi.emulators.netty.HttpVersionRoutingHandler channelRead\nINFO: Detected non-HTTP/2 connection.\n"}}
[debug] [2026-08-01T15:19:59.438Z] Aug 01, 2026 3:19:59 PM io.gapi.emulators.netty.HttpVersionRoutingHandler channelRead
INFO: Detected non-HTTP/2 connection.
 {"metadata":{"emulator":{"name":"firestore"},"message":"Aug 01, 2026 3:19:59 PM io.gapi.emulators.netty.HttpVersionRoutingHandler channelRead\nINFO: Detected non-HTTP/2 connection.\n"}}
[debug] [2026-08-01T15:20:44.465Z] Aug 01, 2026 3:20:44 PM io.gapi.emulators.netty.HttpVersionRoutingHandler channelRead
INFO: Detected non-HTTP/2 connection.
 {"metadata":{"emulator":{"name":"firestore"},"message":"Aug 01, 2026 3:20:44 PM io.gapi.emulators.netty.HttpVersionRoutingHandler channelRead\nINFO: Detected non-HTTP/2 connection.\n"}}
[debug] [2026-08-01T15:21:29.504Z] Aug 01, 2026 3:21:29 PM io.gapi.emulators.netty.HttpVersionRoutingHandler channelRead
INFO: Detected non-HTTP/2 connection.
 {"metadata":{"emulator":{"name":"firestore"},"message":"Aug 01, 2026 3:21:29 PM io.gapi.emulators.netty.HttpVersionRoutingHandler channelRead\nINFO: Detected non-HTTP/2 connection.\n"}}
[debug] [2026-08-01T15:22:14.718Z] Aug 01, 2026 3:22:14 PM io.gapi.emulators.netty.HttpVersionRoutingHandler channelRead
INFO: Detected non-HTTP/2 connection.
 {"metadata":{"emulator":{"name":"firestore"},"message":"Aug 01, 2026 3:22:14 PM io.gapi.emulators.netty.HttpVersionRoutingHandler channelRead\nINFO: Detected non-HTTP/2 connection.\n"}}
[debug] [2026-08-01T15:22:59.745Z] Aug 01, 2026 3:22:59 PM io.gapi.emulators.netty.HttpVersionRoutingHandler channelRead
INFO: Detected non-HTTP/2 connection.
 {"metadata":{"emulator":{"name":"firestore"},"message":"Aug 01, 2026 3:22:59 PM io.gapi.emulators.netty.HttpVersionRoutingHandler channelRead\nINFO: Detected non-HTTP/2 connection.\n"}}
[debug] [2026-08-01T15:23:44.797Z] Aug 01, 2026 3:23:44 PM io.gapi.emulators.netty.HttpVersionRoutingHandler channelRead
INFO: Detected non-HTTP/2 connection.
 {"metadata":{"emulator":{"name":"firestore"},"message":"Aug 01, 2026 3:23:44 PM io.gapi.emulators.netty.HttpVersionRoutingHandler channelRead\nINFO: Detected non-HTTP/2 connection.\n"}}
[debug] [2026-08-01T15:24:29.825Z] Aug 01, 2026 3:24:29 PM io.gapi.emulators.netty.HttpVersionRoutingHandler channelRead
INFO: Detected non-HTTP/2 connection.
 {"metadata":{"emulator":{"name":"firestore"},"message":"Aug 01, 2026 3:24:29 PM io.gapi.emulators.netty.HttpVersionRoutingHandler channelRead\nINFO: Detected non-HTTP/2 connection.\n"}}
[debug] [2026-08-01T15:24:57.325Z] Aug 01, 2026 3:24:57 PM io.gapi.emulators.netty.HttpVersionRoutingHandler channelRead
INFO: Detected non-HTTP/2 connection.
 {"metadata":{"emulator":{"name":"firestore"},"message":"Aug 01, 2026 3:24:57 PM io.gapi.emulators.netty.HttpVersionRoutingHandler channelRead\nINFO: Detected non-HTTP/2 connection.\n"}}
[debug] [2026-08-01T15:25:27.634Z] Aug 01, 2026 3:25:27 PM io.gapi.emulators.netty.HttpVersionRoutingHandler channelRead
INFO: Detected non-HTTP/2 connection.
 {"metadata":{"emulator":{"name":"firestore"},"message":"Aug 01, 2026 3:25:27 PM io.gapi.emulators.netty.HttpVersionRoutingHandler channelRead\nINFO: Detected non-HTTP/2 connection.\n"}}
[debug] [2026-08-01T15:25:27.773Z] Aug 01, 2026 3:25:27 PM io.gapi.emulators.netty.HttpVersionRoutingHandler channelRead
INFO: Detected non-HTTP/2 connection.
 {"metadata":{"emulator":{"name":"firestore"},"message":"Aug 01, 2026 3:25:27 PM io.gapi.emulators.netty.HttpVersionRoutingHandler channelRead\nINFO: Detected non-HTTP/2 connection.\n"}}
[debug] [2026-08-01T15:25:27.801Z] Aug 01, 2026 3:25:27 PM io.gapi.emulators.netty.HttpVersionRoutingHandler channelRead
INFO: Detected non-HTTP/2 connection.
 {"metadata":{"emulator":{"name":"firestore"},"message":"Aug 01, 2026 3:25:27 PM io.gapi.emulators.netty.HttpVersionRoutingHandler channelRead\nINFO: Detected non-HTTP/2 connection.\n"}}
[debug] [2026-08-01T15:25:27.943Z] Aug 01, 2026 3:25:27 PM io.gapi.emulators.netty.HttpVersionRoutingHandler channelRead
INFO: Detected non-HTTP/2 connection.
 {"metadata":{"emulator":{"name":"firestore"},"message":"Aug 01, 2026 3:25:27 PM io.gapi.emulators.netty.HttpVersionRoutingHandler channelRead\nINFO: Detected non-HTTP/2 connection.\n"}}
[debug] [2026-08-01T15:25:28.140Z] Aug 01, 2026 3:25:28 PM io.gapi.emulators.netty.HttpVersionRoutingHandler channelRead
INFO: Detected non-HTTP/2 connection.
 {"metadata":{"emulator":{"name":"firestore"},"message":"Aug 01, 2026 3:25:28 PM io.gapi.emulators.netty.HttpVersionRoutingHandler channelRead\nINFO: Detected non-HTTP/2 connection.\n"}}
[debug] [2026-08-01T15:25:30.763Z] Aug 01, 2026 3:25:30 PM io.gapi.emulators.netty.HttpVersionRoutingHandler channelRead
INFO: Detected non-HTTP/2 connection.
 {"metadata":{"emulator":{"name":"firestore"},"message":"Aug 01, 2026 3:25:30 PM io.gapi.emulators.netty.HttpVersionRoutingHandler channelRead\nINFO: Detected non-HTTP/2 connection.\n"}}
[debug] [2026-08-01T15:26:12.988Z] Aug 01, 2026 3:26:12 PM io.gapi.emulators.netty.HttpVersionRoutingHandler channelRead
INFO: Detected non-HTTP/2 connection.
 {"metadata":{"emulator":{"name":"firestore"},"message":"Aug 01, 2026 3:26:12 PM io.gapi.emulators.netty.HttpVersionRoutingHandler channelRead\nINFO: Detected non-HTTP/2 connection.\n"}}
[debug] [2026-08-01T15:26:15.847Z] Aug 01, 2026 3:26:15 PM io.gapi.emulators.netty.HttpVersionRoutingHandler channelRead
INFO: Detected non-HTTP/2 connection.
 {"metadata":{"emulator":{"name":"firestore"},"message":"Aug 01, 2026 3:26:15 PM io.gapi.emulators.netty.HttpVersionRoutingHandler channelRead\nINFO: Detected non-HTTP/2 connection.\n"}}
[debug] [2026-08-01T15:27:00.879Z] Aug 01, 2026 3:27:00 PM io.gapi.emulators.netty.HttpVersionRoutingHandler channelRead
INFO: Detected non-HTTP/2 connection.
 {"metadata":{"emulator":{"name":"firestore"},"message":"Aug 01, 2026 3:27:00 PM io.gapi.emulators.netty.HttpVersionRoutingHandler channelRead\nINFO: Detected non-HTTP/2 connection.\n"}}
[debug] [2026-08-01T15:27:45.913Z] Aug 01, 2026 3:27:45 PM io.gapi.emulators.netty.HttpVersionRoutingHandler channelRead
INFO: Detected non-HTTP/2 connection.
 {"metadata":{"emulator":{"name":"firestore"},"message":"Aug 01, 2026 3:27:45 PM io.gapi.emulators.netty.HttpVersionRoutingHandler channelRead\nINFO: Detected non-HTTP/2 connection.\n"}}
[debug] [2026-08-01T15:28:30.942Z] Aug 01, 2026 3:28:30 PM io.gapi.emulators.netty.HttpVersionRoutingHandler channelRead
INFO: Detected non-HTTP/2 connection.
 {"metadata":{"emulator":{"name":"firestore"},"message":"Aug 01, 2026 3:28:30 PM io.gapi.emulators.netty.HttpVersionRoutingHandler channelRead\nINFO: Detected non-HTTP/2 connection.\n"}}
[debug] [2026-08-01T15:29:15.995Z] Aug 01, 2026 3:29:15 PM io.gapi.emulators.netty.HttpVersionRoutingHandler channelRead
INFO: Detected non-HTTP/2 connection.
 {"metadata":{"emulator":{"name":"firestore"},"message":"Aug 01, 2026 3:29:15 PM io.gapi.emulators.netty.HttpVersionRoutingHandler channelRead\nINFO: Detected non-HTTP/2 connection.\n"}}
[debug] [2026-08-01T15:30:01.037Z] Aug 01, 2026 3:30:01 PM io.gapi.emulators.netty.HttpVersionRoutingHandler channelRead
INFO: Detected non-HTTP/2 connection.
 {"metadata":{"emulator":{"name":"firestore"},"message":"Aug 01, 2026 3:30:01 PM io.gapi.emulators.netty.HttpVersionRoutingHandler channelRead\nINFO: Detected non-HTTP/2 connection.\n"}}
[debug] [2026-08-01T15:30:02.069Z] Aug 01, 2026 3:30:02 PM io.gapi.emulators.netty.HttpVersionRoutingHandler channelRead
INFO: Detected non-HTTP/2 connection.
 {"metadata":{"emulator":{"name":"firestore"},"message":"Aug 01, 2026 3:30:02 PM io.gapi.emulators.netty.HttpVersionRoutingHandler channelRead\nINFO: Detected non-HTTP/2 connection.\n"}}
[debug] [2026-08-01T15:30:46.078Z] Aug 01, 2026 3:30:46 PM io.gapi.emulators.netty.HttpVersionRoutingHandler channelRead
INFO: Detected non-HTTP/2 connection.
 {"metadata":{"emulator":{"name":"firestore"},"message":"Aug 01, 2026 3:30:46 PM io.gapi.emulators.netty.HttpVersionRoutingHandler channelRead\nINFO: Detected non-HTTP/2 connection.\n"}}
[debug] [2026-08-01T15:31:31.113Z] Aug 01, 2026 3:31:31 PM io.gapi.emulators.netty.HttpVersionRoutingHandler channelRead
INFO: Detected non-HTTP/2 connection.
 {"metadata":{"emulator":{"name":"firestore"},"message":"Aug 01, 2026 3:31:31 PM io.gapi.emulators.netty.HttpVersionRoutingHandler channelRead\nINFO: Detected non-HTTP/2 connection.\n"}}
[debug] [2026-08-01T15:32:03.092Z] Aug 01, 2026 3:32:03 PM io.gapi.emulators.netty.HttpVersionRoutingHandler channelRead
INFO: Detected HTTP/2 connection.
 {"metadata":{"emulator":{"name":"firestore"},"message":"Aug 01, 2026 3:32:03 PM io.gapi.emulators.netty.HttpVersionRoutingHandler channelRead\nINFO: Detected HTTP/2 connection.\n"}}
[debug] [2026-08-01T15:32:03.616Z] Multiple projectIds are not recommended in single project mode. Requested project ID wildwatch-82abc, but the emulator is configured for demo-wildwatch-local. To opt-out of single project mode add/set the '"singleProjectMode": false' property in the firebase.json emulators config.
 {"metadata":{"emulator":{"name":"firestore"},"message":"Multiple projectIds are not recommended in single project mode. Requested project ID wildwatch-82abc, but the emulator is configured for demo-wildwatch-local. To opt-out of single project mode add/set the '\"singleProjectMode\": false' property in the firebase.json emulators config.\n"}}
[debug] [2026-08-01T15:32:16.150Z] Aug 01, 2026 3:32:16 PM io.gapi.emulators.netty.HttpVersionRoutingHandler channelRead
INFO: Detected non-HTTP/2 connection.
 {"metadata":{"emulator":{"name":"firestore"},"message":"Aug 01, 2026 3:32:16 PM io.gapi.emulators.netty.HttpVersionRoutingHandler channelRead\nINFO: Detected non-HTTP/2 connection.\n"}}
[debug] [2026-08-01T15:33:01.196Z] Aug 01, 2026 3:33:01 PM io.gapi.emulators.netty.HttpVersionRoutingHandler channelRead
INFO: Detected non-HTTP/2 connection.
 {"metadata":{"emulator":{"name":"firestore"},"message":"Aug 01, 2026 3:33:01 PM io.gapi.emulators.netty.HttpVersionRoutingHandler channelRead\nINFO: Detected non-HTTP/2 connection.\n"}}
[debug] [2026-08-01T15:33:43.580Z] Aug 01, 2026 3:33:43 PM io.gapi.emulators.netty.HttpVersionRoutingHandler channelRead
INFO: Detected non-HTTP/2 connection.
 {"metadata":{"emulator":{"name":"firestore"},"message":"Aug 01, 2026 3:33:43 PM io.gapi.emulators.netty.HttpVersionRoutingHandler channelRead\nINFO: Detected non-HTTP/2 connection.\n"}}
[debug] [2026-08-01T15:33:46.240Z] Aug 01, 2026 3:33:46 PM io.gapi.emulators.netty.HttpVersionRoutingHandler channelRead
INFO: Detected non-HTTP/2 connection.
 {"metadata":{"emulator":{"name":"firestore"},"message":"Aug 01, 2026 3:33:46 PM io.gapi.emulators.netty.HttpVersionRoutingHandler channelRead\nINFO: Detected non-HTTP/2 connection.\n"}}
[debug] [2026-08-01T15:34:31.282Z] Aug 01, 2026 3:34:31 PM io.gapi.emulators.netty.HttpVersionRoutingHandler channelRead
INFO: Detected non-HTTP/2 connection.
 {"metadata":{"emulator":{"name":"firestore"},"message":"Aug 01, 2026 3:34:31 PM io.gapi.emulators.netty.HttpVersionRoutingHandler channelRead\nINFO: Detected non-HTTP/2 connection.\n"}}
[debug] [2026-08-01T15:35:16.321Z] Aug 01, 2026 3:35:16 PM io.gapi.emulators.netty.HttpVersionRoutingHandler channelRead
INFO: Detected non-HTTP/2 connection.
 {"metadata":{"emulator":{"name":"firestore"},"message":"Aug 01, 2026 3:35:16 PM io.gapi.emulators.netty.HttpVersionRoutingHandler channelRead\nINFO: Detected non-HTTP/2 connection.\n"}}
[debug] [2026-08-01T15:36:01.377Z] Aug 01, 2026 3:36:01 PM io.gapi.emulators.netty.HttpVersionRoutingHandler channelRead
INFO: Detected non-HTTP/2 connection.
 {"metadata":{"emulator":{"name":"firestore"},"message":"Aug 01, 2026 3:36:01 PM io.gapi.emulators.netty.HttpVersionRoutingHandler channelRead\nINFO: Detected non-HTTP/2 connection.\n"}}
[debug] [2026-08-01T15:36:46.414Z] Aug 01, 2026 3:36:46 PM io.gapi.emulators.netty.HttpVersionRoutingHandler channelRead
INFO: Detected non-HTTP/2 connection.
 {"metadata":{"emulator":{"name":"firestore"},"message":"Aug 01, 2026 3:36:46 PM io.gapi.emulators.netty.HttpVersionRoutingHandler channelRead\nINFO: Detected non-HTTP/2 connection.\n"}}
[debug] [2026-08-01T15:37:31.453Z] Aug 01, 2026 3:37:31 PM io.gapi.emulators.netty.HttpVersionRoutingHandler channelRead
INFO: Detected non-HTTP/2 connection.
 {"metadata":{"emulator":{"name":"firestore"},"message":"Aug 01, 2026 3:37:31 PM io.gapi.emulators.netty.HttpVersionRoutingHandler channelRead\nINFO: Detected non-HTTP/2 connection.\n"}}
[debug] [2026-08-01T15:38:16.530Z] Aug 01, 2026 3:38:16 PM io.gapi.emulators.netty.HttpVersionRoutingHandler channelRead
INFO: Detected non-HTTP/2 connection.
 {"metadata":{"emulator":{"name":"firestore"},"message":"Aug 01, 2026 3:38:16 PM io.gapi.emulators.netty.HttpVersionRoutingHandler channelRead\nINFO: Detected non-HTTP/2 connection.\n"}}
[debug] [2026-08-01T15:39:01.570Z] Aug 01, 2026 3:39:01 PM io.gapi.emulators.netty.HttpVersionRoutingHandler channelRead
INFO: Detected non-HTTP/2 connection.
 {"metadata":{"emulator":{"name":"firestore"},"message":"Aug 01, 2026 3:39:01 PM io.gapi.emulators.netty.HttpVersionRoutingHandler channelRead\nINFO: Detected non-HTTP/2 connection.\n"}}
[debug] [2026-08-01T15:39:46.604Z] Aug 01, 2026 3:39:46 PM io.gapi.emulators.netty.HttpVersionRoutingHandler channelRead
INFO: Detected non-HTTP/2 connection.
 {"metadata":{"emulator":{"name":"firestore"},"message":"Aug 01, 2026 3:39:46 PM io.gapi.emulators.netty.HttpVersionRoutingHandler channelRead\nINFO: Detected non-HTTP/2 connection.\n"}}
[debug] [2026-08-01T15:40:31.644Z] Aug 01, 2026 3:40:31 PM io.gapi.emulators.netty.HttpVersionRoutingHandler channelRead
INFO: Detected non-HTTP/2 connection.
 {"metadata":{"emulator":{"name":"firestore"},"message":"Aug 01, 2026 3:40:31 PM io.gapi.emulators.netty.HttpVersionRoutingHandler channelRead\nINFO: Detected non-HTTP/2 connection.\n"}}
[debug] [2026-08-01T15:41:16.676Z] Aug 01, 2026 3:41:16 PM io.gapi.emulators.netty.HttpVersionRoutingHandler channelRead
INFO: Detected non-HTTP/2 connection.
 {"metadata":{"emulator":{"name":"firestore"},"message":"Aug 01, 2026 3:41:16 PM io.gapi.emulators.netty.HttpVersionRoutingHandler channelRead\nINFO: Detected non-HTTP/2 connection.\n"}}
[debug] [2026-08-01T15:41:37.548Z] Aug 01, 2026 3:41:37 PM io.gapi.emulators.netty.HttpVersionRoutingHandler channelRead
INFO: Detected non-HTTP/2 connection.
 {"metadata":{"emulator":{"name":"firestore"},"message":"Aug 01, 2026 3:41:37 PM io.gapi.emulators.netty.HttpVersionRoutingHandler channelRead\nINFO: Detected non-HTTP/2 connection.\n"}}
[debug] [2026-08-01T15:42:01.721Z] Aug 01, 2026 3:42:01 PM io.gapi.emulators.netty.HttpVersionRoutingHandler channelRead
INFO: Detected non-HTTP/2 connection.
 {"metadata":{"emulator":{"name":"firestore"},"message":"Aug 01, 2026 3:42:01 PM io.gapi.emulators.netty.HttpVersionRoutingHandler channelRead\nINFO: Detected non-HTTP/2 connection.\n"}}
[debug] [2026-08-01T15:42:46.768Z] Aug 01, 2026 3:42:46 PM io.gapi.emulators.netty.HttpVersionRoutingHandler channelRead
INFO: Detected non-HTTP/2 connection.
 {"metadata":{"emulator":{"name":"firestore"},"message":"Aug 01, 2026 3:42:46 PM io.gapi.emulators.netty.HttpVersionRoutingHandler channelRead\nINFO: Detected non-HTTP/2 connection.\n"}}
[debug] [2026-08-01T15:43:31.820Z] Aug 01, 2026 3:43:31 PM io.gapi.emulators.netty.HttpVersionRoutingHandler channelRead
INFO: Detected non-HTTP/2 connection.
 {"metadata":{"emulator":{"name":"firestore"},"message":"Aug 01, 2026 3:43:31 PM io.gapi.emulators.netty.HttpVersionRoutingHandler channelRead\nINFO: Detected non-HTTP/2 connection.\n"}}
[debug] [2026-08-01T15:44:46.873Z] Aug 01, 2026 3:44:46 PM io.gapi.emulators.netty.HttpVersionRoutingHandler channelRead
INFO: Detected non-HTTP/2 connection.
 {"metadata":{"emulator":{"name":"firestore"},"message":"Aug 01, 2026 3:44:46 PM io.gapi.emulators.netty.HttpVersionRoutingHandler channelRead\nINFO: Detected non-HTTP/2 connection.\n"}}
[debug] [2026-08-01T15:45:00.089Z] Multiple projectIds are not recommended in single project mode. Requested project ID wildwatch-82abc, but the emulator is configured for demo-wildwatch-local. To opt-out of single project mode add/set the '"singleProjectMode": false' property in the firebase.json emulators config.
 {"metadata":{"emulator":{"name":"firestore"},"message":"Multiple projectIds are not recommended in single project mode. Requested project ID wildwatch-82abc, but the emulator is configured for demo-wildwatch-local. To opt-out of single project mode add/set the '\"singleProjectMode\": false' property in the firebase.json emulators config.\n"}}
[debug] [2026-08-01T15:45:31.915Z] Aug 01, 2026 3:45:31 PM io.gapi.emulators.netty.HttpVersionRoutingHandler channelRead
INFO: Detected non-HTTP/2 connection.
 {"metadata":{"emulator":{"name":"firestore"},"message":"Aug 01, 2026 3:45:31 PM io.gapi.emulators.netty.HttpVersionRoutingHandler channelRead\nINFO: Detected non-HTTP/2 connection.\n"}}
[debug] [2026-08-01T15:46:47.712Z] Aug 01, 2026 3:46:47 PM io.gapi.emulators.netty.HttpVersionRoutingHandler channelRead
INFO: Detected non-HTTP/2 connection.
 {"metadata":{"emulator":{"name":"firestore"},"message":"Aug 01, 2026 3:46:47 PM io.gapi.emulators.netty.HttpVersionRoutingHandler channelRead\nINFO: Detected non-HTTP/2 connection.\n"}}
[debug] [2026-08-01T15:47:33.237Z] Aug 01, 2026 3:47:33 PM io.gapi.emulators.netty.HttpVersionRoutingHandler channelRead
INFO: Detected non-HTTP/2 connection.
 {"metadata":{"emulator":{"name":"firestore"},"message":"Aug 01, 2026 3:47:33 PM io.gapi.emulators.netty.HttpVersionRoutingHandler channelRead\nINFO: Detected non-HTTP/2 connection.\n"}}
[debug] [2026-08-01T15:48:48.378Z] Aug 01, 2026 3:48:48 PM io.gapi.emulators.netty.HttpVersionRoutingHandler channelRead
INFO: Detected non-HTTP/2 connection.
 {"metadata":{"emulator":{"name":"firestore"},"message":"Aug 01, 2026 3:48:48 PM io.gapi.emulators.netty.HttpVersionRoutingHandler channelRead\nINFO: Detected non-HTTP/2 connection.\n"}}
[debug] [2026-08-01T15:49:33.464Z] Aug 01, 2026 3:49:33 PM io.gapi.emulators.netty.HttpVersionRoutingHandler channelRead
INFO: Detected non-HTTP/2 connection.
 {"metadata":{"emulator":{"name":"firestore"},"message":"Aug 01, 2026 3:49:33 PM io.gapi.emulators.netty.HttpVersionRoutingHandler channelRead\nINFO: Detected non-HTTP/2 connection.\n"}}
[debug] [2026-08-01T15:50:18.543Z] Aug 01, 2026 3:50:18 PM io.gapi.emulators.netty.HttpVersionRoutingHandler channelRead
INFO: Detected non-HTTP/2 connection.
 {"metadata":{"emulator":{"name":"firestore"},"message":"Aug 01, 2026 3:50:18 PM io.gapi.emulators.netty.HttpVersionRoutingHandler channelRead\nINFO: Detected non-HTTP/2 connection.\n"}}
[debug] [2026-08-01T15:51:31.997Z] Aug 01, 2026 3:51:31 PM io.gapi.emulators.netty.HttpVersionRoutingHandler channelRead
INFO: Detected non-HTTP/2 connection.
 {"metadata":{"emulator":{"name":"firestore"},"message":"Aug 01, 2026 3:51:31 PM io.gapi.emulators.netty.HttpVersionRoutingHandler channelRead\nINFO: Detected non-HTTP/2 connection.\n"}}
[debug] [2026-08-01T15:51:33.612Z] Aug 01, 2026 3:51:33 PM io.gapi.emulators.netty.HttpVersionRoutingHandler channelRead
INFO: Detected non-HTTP/2 connection.
 {"metadata":{"emulator":{"name":"firestore"},"message":"Aug 01, 2026 3:51:33 PM io.gapi.emulators.netty.HttpVersionRoutingHandler channelRead\nINFO: Detected non-HTTP/2 connection.\n"}}
[debug] [2026-08-01T15:52:18.788Z] Aug 01, 2026 3:52:18 PM io.gapi.emulators.netty.HttpVersionRoutingHandler channelRead
INFO: Detected non-HTTP/2 connection.
 {"metadata":{"emulator":{"name":"firestore"},"message":"Aug 01, 2026 3:52:18 PM io.gapi.emulators.netty.HttpVersionRoutingHandler channelRead\nINFO: Detected non-HTTP/2 connection.\n"}}
[debug] [2026-08-01T15:53:03.865Z] Aug 01, 2026 3:53:03 PM io.gapi.emulators.netty.HttpVersionRoutingHandler channelRead
INFO: Detected non-HTTP/2 connection.
 {"metadata":{"emulator":{"name":"firestore"},"message":"Aug 01, 2026 3:53:03 PM io.gapi.emulators.netty.HttpVersionRoutingHandler channelRead\nINFO: Detected non-HTTP/2 connection.\n"}}
[debug] [2026-08-01T15:53:48.907Z] Aug 01, 2026 3:53:48 PM io.gapi.emulators.netty.HttpVersionRoutingHandler channelRead
INFO: Detected non-HTTP/2 connection.
 {"metadata":{"emulator":{"name":"firestore"},"message":"Aug 01, 2026 3:53:48 PM io.gapi.emulators.netty.HttpVersionRoutingHandler channelRead\nINFO: Detected non-HTTP/2 connection.\n"}}
[debug] [2026-08-01T15:54:33.958Z] Aug 01, 2026 3:54:33 PM io.gapi.emulators.netty.HttpVersionRoutingHandler channelRead
INFO: Detected non-HTTP/2 connection.
 {"metadata":{"emulator":{"name":"firestore"},"message":"Aug 01, 2026 3:54:33 PM io.gapi.emulators.netty.HttpVersionRoutingHandler channelRead\nINFO: Detected non-HTTP/2 connection.\n"}}
[debug] [2026-08-01T15:55:11.983Z] Aug 01, 2026 3:55:11 PM io.gapi.emulators.netty.HttpVersionRoutingHandler channelRead
INFO: Detected non-HTTP/2 connection.
 {"metadata":{"emulator":{"name":"firestore"},"message":"Aug 01, 2026 3:55:11 PM io.gapi.emulators.netty.HttpVersionRoutingHandler channelRead\nINFO: Detected non-HTTP/2 connection.\n"}}
[debug] [2026-08-01T15:55:34.177Z] Aug 01, 2026 3:55:34 PM io.gapi.emulators.netty.HttpVersionRoutingHandler channelRead
INFO: Detected non-HTTP/2 connection.
 {"metadata":{"emulator":{"name":"firestore"},"message":"Aug 01, 2026 3:55:34 PM io.gapi.emulators.netty.HttpVersionRoutingHandler channelRead\nINFO: Detected non-HTTP/2 connection.\n"}}
[debug] [2026-08-01T15:56:21.349Z] Aug 01, 2026 3:56:21 PM io.gapi.emulators.netty.HttpVersionRoutingHandler channelRead
INFO: Detected non-HTTP/2 connection.
 {"metadata":{"emulator":{"name":"firestore"},"message":"Aug 01, 2026 3:56:21 PM io.gapi.emulators.netty.HttpVersionRoutingHandler channelRead\nINFO: Detected non-HTTP/2 connection.\n"}}
[debug] [2026-08-01T15:57:21.488Z] Aug 01, 2026 3:57:21 PM io.gapi.emulators.netty.HttpVersionRoutingHandler channelRead
INFO: Detected non-HTTP/2 connection.
 {"metadata":{"emulator":{"name":"firestore"},"message":"Aug 01, 2026 3:57:21 PM io.gapi.emulators.netty.HttpVersionRoutingHandler channelRead\nINFO: Detected non-HTTP/2 connection.\n"}}
[debug] [2026-08-01T15:58:08.294Z] Aug 01, 2026 3:58:08 PM io.gapi.emulators.netty.HttpVersionRoutingHandler channelRead
INFO: Detected non-HTTP/2 connection.
 {"metadata":{"emulator":{"name":"firestore"},"message":"Aug 01, 2026 3:58:08 PM io.gapi.emulators.netty.HttpVersionRoutingHandler channelRead\nINFO: Detected non-HTTP/2 connection.\n"}}
[debug] [2026-08-01T15:59:25.347Z] Aug 01, 2026 3:59:25 PM io.gapi.emulators.netty.HttpVersionRoutingHandler channelRead
INFO: Detected non-HTTP/2 connection.
 {"metadata":{"emulator":{"name":"firestore"},"message":"Aug 01, 2026 3:59:25 PM io.gapi.emulators.netty.HttpVersionRoutingHandler channelRead\nINFO: Detected non-HTTP/2 connection.\n"}}
[debug] [2026-08-01T16:00:11.424Z] Aug 01, 2026 4:00:11 PM io.gapi.emulators.netty.HttpVersionRoutingHandler channelRead
INFO: Detected non-HTTP/2 connection.
 {"metadata":{"emulator":{"name":"firestore"},"message":"Aug 01, 2026 4:00:11 PM io.gapi.emulators.netty.HttpVersionRoutingHandler channelRead\nINFO: Detected non-HTTP/2 connection.\n"}}
[debug] [2026-08-01T16:00:57.462Z] Aug 01, 2026 4:00:57 PM io.gapi.emulators.netty.HttpVersionRoutingHandler channelRead
INFO: Detected non-HTTP/2 connection.
 {"metadata":{"emulator":{"name":"firestore"},"message":"Aug 01, 2026 4:00:57 PM io.gapi.emulators.netty.HttpVersionRoutingHandler channelRead\nINFO: Detected non-HTTP/2 connection.\n"}}
[debug] [2026-08-01T16:01:43.712Z] Aug 01, 2026 4:01:43 PM io.gapi.emulators.netty.HttpVersionRoutingHandler channelRead
INFO: Detected non-HTTP/2 connection.
 {"metadata":{"emulator":{"name":"firestore"},"message":"Aug 01, 2026 4:01:43 PM io.gapi.emulators.netty.HttpVersionRoutingHandler channelRead\nINFO: Detected non-HTTP/2 connection.\n"}}
[debug] [2026-08-01T16:02:30.545Z] Aug 01, 2026 4:02:30 PM io.gapi.emulators.netty.HttpVersionRoutingHandler channelRead
INFO: Detected non-HTTP/2 connection.
 {"metadata":{"emulator":{"name":"firestore"},"message":"Aug 01, 2026 4:02:30 PM io.gapi.emulators.netty.HttpVersionRoutingHandler channelRead\nINFO: Detected non-HTTP/2 connection.\n"}}
[debug] [2026-08-01T16:03:11.319Z] Aug 01, 2026 4:03:11 PM io.gapi.emulators.netty.HttpVersionRoutingHandler channelRead
INFO: Detected non-HTTP/2 connection.
 {"metadata":{"emulator":{"name":"firestore"},"message":"Aug 01, 2026 4:03:11 PM io.gapi.emulators.netty.HttpVersionRoutingHandler channelRead\nINFO: Detected non-HTTP/2 connection.\n"}}
[debug] [2026-08-01T16:03:11.437Z] Aug 01, 2026 4:03:11 PM io.gapi.emulators.netty.HttpVersionRoutingHandler channelRead
INFO: Detected non-HTTP/2 connection.
Aug 01, 2026 4:03:11 PM io.gapi.emulators.netty.HttpVersionRoutingHandler channelRead
INFO: Detected non-HTTP/2 connection.
 {"metadata":{"emulator":{"name":"firestore"},"message":"Aug 01, 2026 4:03:11 PM io.gapi.emulators.netty.HttpVersionRoutingHandler channelRead\nINFO: Detected non-HTTP/2 connection.\nAug 01, 2026 4:03:11 PM io.gapi.emulators.netty.HttpVersionRoutingHandler channelRead\nINFO: Detected non-HTTP/2 connection.\n"}}
[debug] [2026-08-01T16:03:16.894Z] Aug 01, 2026 4:03:16 PM io.gapi.emulators.netty.HttpVersionRoutingHandler channelRead
INFO: Detected non-HTTP/2 connection.
 {"metadata":{"emulator":{"name":"firestore"},"message":"Aug 01, 2026 4:03:16 PM io.gapi.emulators.netty.HttpVersionRoutingHandler channelRead\nINFO: Detected non-HTTP/2 connection.\n"}}
[debug] [2026-08-01T16:04:02.954Z] Aug 01, 2026 4:04:02 PM io.gapi.emulators.netty.HttpVersionRoutingHandler channelRead
INFO: Detected non-HTTP/2 connection.
 {"metadata":{"emulator":{"name":"firestore"},"message":"Aug 01, 2026 4:04:02 PM io.gapi.emulators.netty.HttpVersionRoutingHandler channelRead\nINFO: Detected non-HTTP/2 connection.\n"}}
[debug] [2026-08-01T16:04:49.046Z] Aug 01, 2026 4:04:49 PM io.gapi.emulators.netty.HttpVersionRoutingHandler channelRead
INFO: Detected non-HTTP/2 connection.
 {"metadata":{"emulator":{"name":"firestore"},"message":"Aug 01, 2026 4:04:49 PM io.gapi.emulators.netty.HttpVersionRoutingHandler channelRead\nINFO: Detected non-HTTP/2 connection.\n"}}
[debug] [2026-08-01T16:05:35.712Z] Aug 01, 2026 4:05:35 PM io.gapi.emulators.netty.HttpVersionRoutingHandler channelRead
INFO: Detected non-HTTP/2 connection.
 {"metadata":{"emulator":{"name":"firestore"},"message":"Aug 01, 2026 4:05:35 PM io.gapi.emulators.netty.HttpVersionRoutingHandler channelRead\nINFO: Detected non-HTTP/2 connection.\n"}}
[debug] [2026-08-01T16:09:07.144Z] >>> [apiv2][query] POST http://127.0.0.1:5001/functions/projects/demo-wildwatch-local/trigger_multicast [none]
[debug] [2026-08-01T16:09:07.166Z] >>> [apiv2][body] POST http://127.0.0.1:5001/functions/projects/demo-wildwatch-local/trigger_multicast {"eventId":"a0270b8e-88e2-4536-9ddc-5a6843754b4f","eventType":"providers/firebase.auth/eventTypes/user.create","resource":{"name":"projects/demo-wildwatch-local","service":"firebaseauth.googleapis.com"},"params":{},"timestamp":"2026-08-01T16:09:07.102Z","data":{"uid":"reIbCJSs7XBfyhDGQtkRhyzs9qx3","email":"headlesspackage@gmail.com","emailVerified":true,"displayName":"Headless","photoURL":"https://res.cloudinary.com/dyxwig6ok/image/upload/v1785344219/ic_launcher_foreground_exact_zv2kmo.png","phoneNumber":"+256789511999","metadata":{"creationTime":"2026-08-01T16:09:06.897Z","lastSignInTime":"2026-08-01T16:09:06.897Z"},"customClaims":{},"providerData":[{"providerId":"password","email":"headlesspackage@gmail.com","federatedId":"headlesspackage@gmail.com","rawId":"headlesspackage@gmail.com","displayName":"Headless","photoUrl":"https://res.cloudinary.com/dyxwig6ok/image/upload/v1785344219/ic_launcher_foreground_exact_zv2kmo.png"},{"providerId":"phone","phoneNumber":"+256789511999","rawId":"+256789511999"}],"mfaInfo":[{"phoneInfo":"+256750225129","enrolledAt":"2026-08-01T16:09:06.729Z","mfaEnrollmentId":"17c137zsIdJujf63VsxKCava1dfI","unobfuscatedPhoneInfo":"+256750225129"}]}}
[debug] [2026-08-01T16:09:07.267Z] <<< [apiv2][status] POST http://127.0.0.1:5001/functions/projects/demo-wildwatch-local/trigger_multicast 200
[debug] [2026-08-01T16:09:07.267Z] <<< [apiv2][body] POST http://127.0.0.1:5001/functions/projects/demo-wildwatch-local/trigger_multicast {"status":"multicast_acknowledged"}
[debug] [2026-08-01T16:09:34.899Z] Aug 01, 2026 4:09:34 PM io.gapi.emulators.netty.HttpVersionRoutingHandler channelRead
INFO: Detected non-HTTP/2 connection.
 {"metadata":{"emulator":{"name":"firestore"},"message":"Aug 01, 2026 4:09:34 PM io.gapi.emulators.netty.HttpVersionRoutingHandler channelRead\nINFO: Detected non-HTTP/2 connection.\n"}}
[debug] [2026-08-01T16:09:34.901Z] Aug 01, 2026 4:09:34 PM io.gapi.emulators.netty.HttpVersionRoutingHandler channelRead
INFO: Detected non-HTTP/2 connection.
 {"metadata":{"emulator":{"name":"firestore"},"message":"Aug 01, 2026 4:09:34 PM io.gapi.emulators.netty.HttpVersionRoutingHandler channelRead\nINFO: Detected non-HTTP/2 connection.\n"}}
[debug] [2026-08-01T16:09:35.296Z] Aug 01, 2026 4:09:35 PM io.gapi.emulators.netty.HttpVersionRoutingHandler channelRead
INFO: Detected non-HTTP/2 connection.
 {"metadata":{"emulator":{"name":"firestore"},"message":"Aug 01, 2026 4:09:35 PM io.gapi.emulators.netty.HttpVersionRoutingHandler channelRead\nINFO: Detected non-HTTP/2 connection.\n"}}
[debug] [2026-08-01T16:09:35.438Z] Aug 01, 2026 4:09:35 PM io.gapi.emulators.netty.HttpVersionRoutingHandler channelRead
INFO: Detected non-HTTP/2 connection.
 {"metadata":{"emulator":{"name":"firestore"},"message":"Aug 01, 2026 4:09:35 PM io.gapi.emulators.netty.HttpVersionRoutingHandler channelRead\nINFO: Detected non-HTTP/2 connection.\n"}}
[debug] [2026-08-01T16:09:35.479Z] Aug 01, 2026 4:09:35 PM io.gapi.emulators.netty.HttpVersionRoutingHandler channelRead
INFO: Detected non-HTTP/2 connection.
 {"metadata":{"emulator":{"name":"firestore"},"message":"Aug 01, 2026 4:09:35 PM io.gapi.emulators.netty.HttpVersionRoutingHandler channelRead\nINFO: Detected non-HTTP/2 connection.\n"}}
[debug] [2026-08-01T16:09:38.677Z] Aug 01, 2026 4:09:38 PM io.gapi.emulators.netty.HttpVersionRoutingHandler channelRead
INFO: Detected non-HTTP/2 connection.
 {"metadata":{"emulator":{"name":"firestore"},"message":"Aug 01, 2026 4:09:38 PM io.gapi.emulators.netty.HttpVersionRoutingHandler channelRead\nINFO: Detected non-HTTP/2 connection.\n"}}
[debug] [2026-08-01T16:09:39.719Z] Aug 01, 2026 4:09:39 PM io.gapi.emulators.netty.HttpVersionRoutingHandler channelRead
INFO: Detected non-HTTP/2 connection.
 {"metadata":{"emulator":{"name":"firestore"},"message":"Aug 01, 2026 4:09:39 PM io.gapi.emulators.netty.HttpVersionRoutingHandler channelRead\nINFO: Detected non-HTTP/2 connection.\n"}}
[debug] [2026-08-01T16:09:39.968Z] Aug 01, 2026 4:09:39 PM io.gapi.emulators.netty.HttpVersionRoutingHandler channelRead
INFO: Detected non-HTTP/2 connection.
 {"metadata":{"emulator":{"name":"firestore"},"message":"Aug 01, 2026 4:09:39 PM io.gapi.emulators.netty.HttpVersionRoutingHandler channelRead\nINFO: Detected non-HTTP/2 connection.\n"}}
[debug] [2026-08-01T16:09:40.814Z] Aug 01, 2026 4:09:40 PM io.gapi.emulators.netty.HttpVersionRoutingHandler channelRead
INFO: Detected non-HTTP/2 connection.
 {"metadata":{"emulator":{"name":"firestore"},"message":"Aug 01, 2026 4:09:40 PM io.gapi.emulators.netty.HttpVersionRoutingHandler channelRead\nINFO: Detected non-HTTP/2 connection.\n"}}
[debug] [2026-08-01T16:09:41.049Z] Aug 01, 2026 4:09:41 PM io.gapi.emulators.netty.HttpVersionRoutingHandler channelRead
INFO: Detected non-HTTP/2 connection.
 {"metadata":{"emulator":{"name":"firestore"},"message":"Aug 01, 2026 4:09:41 PM io.gapi.emulators.netty.HttpVersionRoutingHandler channelRead\nINFO: Detected non-HTTP/2 connection.\n"}}
[debug] [2026-08-01T16:09:42.649Z] Aug 01, 2026 4:09:42 PM io.gapi.emulators.netty.HttpVersionRoutingHandler channelRead
INFO: Detected non-HTTP/2 connection.
 {"metadata":{"emulator":{"name":"firestore"},"message":"Aug 01, 2026 4:09:42 PM io.gapi.emulators.netty.HttpVersionRoutingHandler channelRead\nINFO: Detected non-HTTP/2 connection.\n"}}
[debug] [2026-08-01T16:09:46.251Z] Aug 01, 2026 4:09:46 PM io.gapi.emulators.netty.HttpVersionRoutingHandler channelRead
INFO: Detected non-HTTP/2 connection.
 {"metadata":{"emulator":{"name":"firestore"},"message":"Aug 01, 2026 4:09:46 PM io.gapi.emulators.netty.HttpVersionRoutingHandler channelRead\nINFO: Detected non-HTTP/2 connection.\n"}}
[debug] [2026-08-01T16:09:47.916Z] Aug 01, 2026 4:09:47 PM io.gapi.emulators.netty.HttpVersionRoutingHandler channelRead
INFO: Detected non-HTTP/2 connection.
 {"metadata":{"emulator":{"name":"firestore"},"message":"Aug 01, 2026 4:09:47 PM io.gapi.emulators.netty.HttpVersionRoutingHandler channelRead\nINFO: Detected non-HTTP/2 connection.\n"}}
[debug] [2026-08-01T16:09:49.576Z] Aug 01, 2026 4:09:49 PM io.gapi.emulators.netty.HttpVersionRoutingHandler channelRead
INFO: Detected non-HTTP/2 connection.
 {"metadata":{"emulator":{"name":"firestore"},"message":"Aug 01, 2026 4:09:49 PM io.gapi.emulators.netty.HttpVersionRoutingHandler channelRead\nINFO: Detected non-HTTP/2 connection.\n"}}
[debug] [2026-08-01T16:10:16.860Z] Aug 01, 2026 4:10:16 PM io.gapi.emulators.netty.HttpVersionRoutingHandler channelRead
INFO: Detected non-HTTP/2 connection.
 {"metadata":{"emulator":{"name":"firestore"},"message":"Aug 01, 2026 4:10:16 PM io.gapi.emulators.netty.HttpVersionRoutingHandler channelRead\nINFO: Detected non-HTTP/2 connection.\n"}}
[debug] [2026-08-01T16:17:37.974Z] Multiple projectIds are not recommended in single project mode. Requested project ID wildwatch-82abc, but the emulator is configured for demo-wildwatch-local. To opt-out of single project mode add/set the '"singleProjectMode": false' property in the firebase.json emulators config.
 {"metadata":{"emulator":{"name":"firestore"},"message":"Multiple projectIds are not recommended in single project mode. Requested project ID wildwatch-82abc, but the emulator is configured for demo-wildwatch-local. To opt-out of single project mode add/set the '\"singleProjectMode\": false' property in the firebase.json emulators config.\n"}}
[debug] [2026-08-01T16:26:35.335Z] Aug 01, 2026 4:26:35 PM io.gapi.emulators.netty.HttpVersionRoutingHandler channelRead
INFO: Detected HTTP/2 connection.
 {"metadata":{"emulator":{"name":"firestore"},"message":"Aug 01, 2026 4:26:35 PM io.gapi.emulators.netty.HttpVersionRoutingHandler channelRead\nINFO: Detected HTTP/2 connection.\n"}}
[debug] [2026-08-01T16:26:35.562Z] Multiple projectIds are not recommended in single project mode. Requested project ID wildwatch-82abc, but the emulator is configured for demo-wildwatch-local. To opt-out of single project mode add/set the '"singleProjectMode": false' property in the firebase.json emulators config.
 {"metadata":{"emulator":{"name":"firestore"},"message":"Multiple projectIds are not recommended in single project mode. Requested project ID wildwatch-82abc, but the emulator is configured for demo-wildwatch-local. To opt-out of single project mode add/set the '\"singleProjectMode\": false' property in the firebase.json emulators config.\n"}}
[debug] [2026-08-01T16:28:06.128Z] Aug 01, 2026 4:28:06 PM io.gapi.emulators.netty.HttpVersionRoutingHandler channelRead
INFO: Detected HTTP/2 connection.
 {"metadata":{"emulator":{"name":"firestore"},"message":"Aug 01, 2026 4:28:06 PM io.gapi.emulators.netty.HttpVersionRoutingHandler channelRead\nINFO: Detected HTTP/2 connection.\n"}}
[debug] [2026-08-01T16:33:38.463Z] Multiple projectIds are not recommended in single project mode. Requested project ID wildwatch-82abc, but the emulator is configured for demo-wildwatch-local. To opt-out of single project mode add/set the '"singleProjectMode": false' property in the firebase.json emulators config.
 {"metadata":{"emulator":{"name":"firestore"},"message":"Multiple projectIds are not recommended in single project mode. Requested project ID wildwatch-82abc, but the emulator is configured for demo-wildwatch-local. To opt-out of single project mode add/set the '\"singleProjectMode\": false' property in the firebase.json emulators config.\n"}}
[debug] [2026-08-01T16:33:55.763Z] Aug 01, 2026 4:33:55 PM io.gapi.emulators.netty.HttpVersionRoutingHandler channelRead
INFO: Detected HTTP/2 connection.
 {"metadata":{"emulator":{"name":"firestore"},"message":"Aug 01, 2026 4:33:55 PM io.gapi.emulators.netty.HttpVersionRoutingHandler channelRead\nINFO: Detected HTTP/2 connection.\n"}}
[debug] [2026-08-01T16:33:55.893Z] Multiple projectIds are not recommended in single project mode. Requested project ID wildwatch-82abc, but the emulator is configured for demo-wildwatch-local. To opt-out of single project mode add/set the '"singleProjectMode": false' property in the firebase.json emulators config.
 {"metadata":{"emulator":{"name":"firestore"},"message":"Multiple projectIds are not recommended in single project mode. Requested project ID wildwatch-82abc, but the emulator is configured for demo-wildwatch-local. To opt-out of single project mode add/set the '\"singleProjectMode\": false' property in the firebase.json emulators config.\n"}}
[debug] [2026-08-01T16:34:51.903Z] Multiple projectIds are not recommended in single project mode. Requested project ID wildwatch-82abc, but the emulator is configured for demo-wildwatch-local. To opt-out of single project mode add/set the '"singleProjectMode": false' property in the firebase.json emulators config.
 {"metadata":{"emulator":{"name":"firestore"},"message":"Multiple projectIds are not recommended in single project mode. Requested project ID wildwatch-82abc, but the emulator is configured for demo-wildwatch-local. To opt-out of single project mode add/set the '\"singleProjectMode\": false' property in the firebase.json emulators config.\n"}}
[debug] [2026-08-01T16:35:09.069Z] Multiple projectIds are not recommended in single project mode. Requested project ID wildwatch-82abc, but the emulator is configured for demo-wildwatch-local. To opt-out of single project mode add/set the '"singleProjectMode": false' property in the firebase.json emulators config.
 {"metadata":{"emulator":{"name":"firestore"},"message":"Multiple projectIds are not recommended in single project mode. Requested project ID wildwatch-82abc, but the emulator is configured for demo-wildwatch-local. To opt-out of single project mode add/set the '\"singleProjectMode\": false' property in the firebase.json emulators config.\n"}}
[debug] [2026-08-01T16:35:26.817Z] Aug 01, 2026 4:35:26 PM io.gapi.emulators.netty.HttpVersionRoutingHandler channelRead
INFO: Detected HTTP/2 connection.
 {"metadata":{"emulator":{"name":"firestore"},"message":"Aug 01, 2026 4:35:26 PM io.gapi.emulators.netty.HttpVersionRoutingHandler channelRead\nINFO: Detected HTTP/2 connection.\n"}}
[debug] [2026-08-01T16:35:26.905Z] Multiple projectIds are not recommended in single project mode. Requested project ID wildwatch-82abc, but the emulator is configured for demo-wildwatch-local. To opt-out of single project mode add/set the '"singleProjectMode": false' property in the firebase.json emulators config.
 {"metadata":{"emulator":{"name":"firestore"},"message":"Multiple projectIds are not recommended in single project mode. Requested project ID wildwatch-82abc, but the emulator is configured for demo-wildwatch-local. To opt-out of single project mode add/set the '\"singleProjectMode\": false' property in the firebase.json emulators config.\n"}}
[debug] [2026-08-01T16:35:39.720Z] Aug 01, 2026 4:35:39 PM io.gapi.emulators.netty.HttpVersionRoutingHandler channelRead
INFO: Detected HTTP/2 connection.
 {"metadata":{"emulator":{"name":"firestore"},"message":"Aug 01, 2026 4:35:39 PM io.gapi.emulators.netty.HttpVersionRoutingHandler channelRead\nINFO: Detected HTTP/2 connection.\n"}}
[debug] [2026-08-01T16:35:39.761Z] Multiple projectIds are not recommended in single project mode. Requested project ID wildwatch-82abc, but the emulator is configured for demo-wildwatch-local. To opt-out of single project mode add/set the '"singleProjectMode": false' property in the firebase.json emulators config.
 {"metadata":{"emulator":{"name":"firestore"},"message":"Multiple projectIds are not recommended in single project mode. Requested project ID wildwatch-82abc, but the emulator is configured for demo-wildwatch-local. To opt-out of single project mode add/set the '\"singleProjectMode\": false' property in the firebase.json emulators config.\n"}}
[debug] [2026-08-01T16:35:50.551Z] Aug 01, 2026 4:35:50 PM io.gapi.emulators.netty.HttpVersionRoutingHandler channelRead
INFO: Detected HTTP/2 connection.
 {"metadata":{"emulator":{"name":"firestore"},"message":"Aug 01, 2026 4:35:50 PM io.gapi.emulators.netty.HttpVersionRoutingHandler channelRead\nINFO: Detected HTTP/2 connection.\n"}}
[debug] [2026-08-01T16:35:50.601Z] Multiple projectIds are not recommended in single project mode. Requested project ID wildwatch-82abc, but the emulator is configured for demo-wildwatch-local. To opt-out of single project mode add/set the '"singleProjectMode": false' property in the firebase.json emulators config.
 {"metadata":{"emulator":{"name":"firestore"},"message":"Multiple projectIds are not recommended in single project mode. Requested project ID wildwatch-82abc, but the emulator is configured for demo-wildwatch-local. To opt-out of single project mode add/set the '\"singleProjectMode\": false' property in the firebase.json emulators config.\n"}}
[debug] [2026-08-01T16:36:47.176Z] Aug 01, 2026 4:36:47 PM io.gapi.emulators.netty.HttpVersionRoutingHandler channelRead
INFO: Detected HTTP/2 connection.
 {"metadata":{"emulator":{"name":"firestore"},"message":"Aug 01, 2026 4:36:47 PM io.gapi.emulators.netty.HttpVersionRoutingHandler channelRead\nINFO: Detected HTTP/2 connection.\n"}}
[debug] [2026-08-01T16:36:47.424Z] Multiple projectIds are not recommended in single project mode. Requested project ID wildwatch-82abc, but the emulator is configured for demo-wildwatch-local. To opt-out of single project mode add/set the '"singleProjectMode": false' property in the firebase.json emulators config.
 {"metadata":{"emulator":{"name":"firestore"},"message":"Multiple projectIds are not recommended in single project mode. Requested project ID wildwatch-82abc, but the emulator is configured for demo-wildwatch-local. To opt-out of single project mode add/set the '\"singleProjectMode\": false' property in the firebase.json emulators config.\n"}}
[debug] [2026-08-01T16:37:08.445Z] Aug 01, 2026 4:37:08 PM io.gapi.emulators.netty.HttpVersionRoutingHandler channelRead
INFO: Detected HTTP/2 connection.
 {"metadata":{"emulator":{"name":"firestore"},"message":"Aug 01, 2026 4:37:08 PM io.gapi.emulators.netty.HttpVersionRoutingHandler channelRead\nINFO: Detected HTTP/2 connection.\n"}}
[debug] [2026-08-01T16:37:08.487Z] Multiple projectIds are not recommended in single project mode. Requested project ID wildwatch-82abc, but the emulator is configured for demo-wildwatch-local. To opt-out of single project mode add/set the '"singleProjectMode": false' property in the firebase.json emulators config.
 {"metadata":{"emulator":{"name":"firestore"},"message":"Multiple projectIds are not recommended in single project mode. Requested project ID wildwatch-82abc, but the emulator is configured for demo-wildwatch-local. To opt-out of single project mode add/set the '\"singleProjectMode\": false' property in the firebase.json emulators config.\n"}}
[debug] [2026-08-01T16:37:15.633Z] Multiple projectIds are not recommended in single project mode. Requested project ID wildwatch-82abc, but the emulator is configured for demo-wildwatch-local. To opt-out of single project mode add/set the '"singleProjectMode": false' property in the firebase.json emulators config.
 {"metadata":{"emulator":{"name":"firestore"},"message":"Multiple projectIds are not recommended in single project mode. Requested project ID wildwatch-82abc, but the emulator is configured for demo-wildwatch-local. To opt-out of single project mode add/set the '\"singleProjectMode\": false' property in the firebase.json emulators config.\n"}}
[debug] [2026-08-01T16:39:00.052Z] Aug 01, 2026 4:39:00 PM io.gapi.emulators.netty.HttpVersionRoutingHandler channelRead
INFO: Detected HTTP/2 connection.
 {"metadata":{"emulator":{"name":"firestore"},"message":"Aug 01, 2026 4:39:00 PM io.gapi.emulators.netty.HttpVersionRoutingHandler channelRead\nINFO: Detected HTTP/2 connection.\n"}}
[debug] [2026-08-01T16:39:00.080Z] Multiple projectIds are not recommended in single project mode. Requested project ID wildwatch-82abc, but the emulator is configured for demo-wildwatch-local. To opt-out of single project mode add/set the '"singleProjectMode": false' property in the firebase.json emulators config.
 {"metadata":{"emulator":{"name":"firestore"},"message":"Multiple projectIds are not recommended in single project mode. Requested project ID wildwatch-82abc, but the emulator is configured for demo-wildwatch-local. To opt-out of single project mode add/set the '\"singleProjectMode\": false' property in the firebase.json emulators config.\n"}}
[debug] [2026-08-01T16:41:28.533Z] Received signal SIGTERM 1
[info]  
[info] i  emulators: Received SIGTERM for the first time. Starting a clean shutdown. 
[info] i  emulators: Please wait for a clean shutdown or send the SIGTERM signal again to stop right now. 
[info] i  Automatically exporting data using --export-on-exit "/workspace/.emulator-data" please wait for the export to finish... 
[debug] [2026-08-01T16:41:28.627Z] >>> [apiv2][query] GET http://127.0.0.1:4400/ [none]
[debug] [2026-08-01T16:41:28.758Z] <<< [apiv2][status] GET http://127.0.0.1:4400/ 200
[debug] [2026-08-01T16:41:28.760Z] <<< [apiv2][body] GET http://127.0.0.1:4400/ {"version":"13.35.1","origins":["http://127.0.0.1:4400","http://[::1]:4400"],"host":"127.0.0.1","port":4400}
[info] i  Found running emulator hub for project demo-wildwatch-local at http://127.0.0.1:4400 
[info] i  Exporting data to: /workspace/.emulator-data 
[debug] [2026-08-01T16:41:28.774Z] >>> [apiv2][query] GET http://127.0.0.1:4400/ [none]
[debug] [2026-08-01T16:41:28.794Z] <<< [apiv2][status] GET http://127.0.0.1:4400/ 200
[debug] [2026-08-01T16:41:28.795Z] <<< [apiv2][body] GET http://127.0.0.1:4400/ {"version":"13.35.1","origins":["http://127.0.0.1:4400","http://[::1]:4400"],"host":"127.0.0.1","port":4400}
[debug] [2026-08-01T16:41:28.797Z] >>> [apiv2][query] POST http://127.0.0.1:4400/_admin/export [none]
[debug] [2026-08-01T16:41:28.798Z] >>> [apiv2][body] POST http://127.0.0.1:4400/_admin/export {"path":"/workspace/.emulator-data","initiatedBy":"exit"}
[info] i  emulators: Received export request. Exporting data to /workspace/.emulator-data. 
[debug] [2026-08-01T16:41:28.868Z] >>> [apiv2][query] POST http://127.0.0.1:8080/emulator/v1/projects/demo-wildwatch-local:export [none]
[debug] [2026-08-01T16:41:28.869Z] >>> [apiv2][body] POST http://127.0.0.1:8080/emulator/v1/projects/demo-wildwatch-local:export {"database":"projects/demo-wildwatch-local/databases/(default)","export_directory":"firebase-export-1785602488820yKTfKY","export_name":"firestore_export"}
[debug] [2026-08-01T16:41:28.882Z] Aug 01, 2026 4:41:28 PM io.gapi.emulators.netty.HttpVersionRoutingHandler channelRead
INFO: Detected non-HTTP/2 connection.
 {"metadata":{"emulator":{"name":"firestore"},"message":"Aug 01, 2026 4:41:28 PM io.gapi.emulators.netty.HttpVersionRoutingHandler channelRead\nINFO: Detected non-HTTP/2 connection.\n"}}
